zone_shortname|creature_name|hail_text
airplane|#Master_of_Elements|I... am... the... Master... of... Elements.. Elements... Forgive... me. I am... unaccustomed.. to.. speaking.. this.. mortal... tongue. Might.. you... be... the... One?
airplane|Abec_Ianor|Great, let us waste no more time! Do you wish to begin your test of conception, visualization, or preparation?
airplane|Alan_Harten|Greetings faithful. Your faith shall be tested this day. Shall you take the test of courage, skill, or protection?
airplane|Cilin_Spellsinger|Greetings $N. Do you feel that you are ready to be tested in song?
airplane|Clarisa_Spiritsong|Hi there $N! I give three sections of the test of songs, Denise does the rest. Do you wish to take the test of pitch, voice, or tone?
airplane|Dason_Goldblade|Greetings, $N. Are you pure of heart and soul?
airplane|Denise_Songweaver|Hail and well met $N! I give the second half of the test of songs. If you are ready, choose between the tests of brass, wind, and harmony.
airplane|Deric_Lennox|Greetings there lad. Come seekin glory then have ya? Alrighty then, glorious ye shall be. Take me tests here, and I will show ya the light there. Take ye the Test of Resolution, of Theurgy, or the Weak?
airplane|Dirkog_Steelhand|Leave me be, ye orc kissin' son o' Innoruuk!
airplane|Drakis_Bloodcaster|Greetings, $R. Are you ready to begin?
airplane|Dugaas_Helpyre|So, you dare be seen in my precense. Truly a brave fool you are. You come seeking fame and glory here do you? Well fool, perhaps you will get what you seek. Shall you take the test of the Heart, the Hands, or the Finger?
airplane|Enchanter_Jolas|Greetings, $N. Have you come here to test your powers of enchantment?
airplane|Enderbite|Great, let us waste no more time! I have three tests from which you can choose from. They are Disillusion, Memorization, and Incapacitation.
airplane|Falorn|Do not waste my time, $N. Do you wish to take the test of blades or not? Or do you have one of my old trinkets you wish to trade in?
airplane|Fenalla_Moonshadow|We are children of the trees, friends and protectors of nature. We are brothers and sisters to the wolves and bears. The call of the Great Pine has filled your heart and led you here to be tested.
airplane|Frederic_Calermin|Great, let us waste no more time! I offer to you three challenges. Clarification, Empowerment, and Shielding. Please choose one of these.
airplane|Gina_McStargan|Greetings, $N. I will test you in the tests of might, health, and sight. Which will it be?
airplane|Gkzzallk|Greetings, would you care for some tea?
airplane|Gordon_Treecaller|Hello $N, I can only hope that my disturbance was necessary. Ahh, you seem to be decently adept with a blade. Would you like to be tested in the element of thunder, the blade, or the art of ranged attack?
airplane|Gorgalosk|Greetings, $N. This is my domain and I hope you have a peaceful stay. That is, unless the lunatic sent you.
airplane|Gragrot|Hail! So you think you are a mighty Knight of Shadows? We must test these skills. Are you ready to begin the test?
airplane|Gregori_Lightbringer|Hail and well met! You have traveled far indeed to cross my path. I will be testing you in compassion, sacrifice, and love. Are you ready for the test of the heart, $N?
airplane|Gwan|Gwan ignores you.
airplane|Holwin|Peace to you, $N. I see that you have come far along the path of tranquility and enlightenment. Do you wish to test yourself further, and perhaps complete the path you started on so long ago?
airplane|Inte_Akera|Greetings, $N. I am Inte Akera. I have retired to the Plane of Sky after a long life toiling on Norrath's soil. Have you retreated here as well, or are you merely visiting?
airplane|Josin_Faithbringer|Greetings, $N. Are you ready to begin your test of faith?
airplane|Jzil_GSix|Ah, so you have come to be tested. Many fine things can be your reward. There are three tests which I can administer. Shall you take the test of flight, power, or mind?
airplane|Kendrick|Great, let us waste no more time! Do you wish to begin your test of Thievery, Silence, or Trickery?
airplane|Key_Master|Hello there, brave traveller. I sell keys that take you to other islands in this here Plane of Sky. My prices are the best around. Heh, heh.
airplane|Kihun_Solstin|So, you have made it this far. I am Kihun Solstin, the Master of Wind. I control the unfettered Element like none other. As you should have learned, Air is the most potent of Elements. It fuels Fire, Water is comprised of it, and Earth cannot restrain it. Knowing this, do you seek the Element of Wind?
airplane|Lelulean|Great, let us waste no more time! I have three tests from which you can choose from. They are Illusion, Metamorphism, and Deception.
airplane|Magus_Frinon|Greetings, $N. Have you come here to test your abilities as a magician?
airplane|Medicine_Man_Veetra|Good day to you, $N. Are you a shaman of much experience?
airplane|Neasin_Leornic|Great, let us waste no more time! Do you wish to begin your test of concentration, focus, or meditation?
airplane|Ogog|Ogog not smart, but Ogog smarter than you. You ready for Ogog or no?
airplane|Ooga|Euh? You come see Ooga about shaman tests? Me can test in shrink, the snake, or witch doctor! What yuz want to test in?
airplane|Overseer_of_Air|So you have awakened me!! It seems my brother was not much of a challenge. Before we get on to business, there are some matters that must be addressed. But enough talk, let's address these matters first.
airplane|Ranger_Spirit|Greetings, $N. Are you a true servant of the Pine?
airplane|Rayne|Great, let us waste no more time! Do you wish to begin your test of Deception, Stealth, or Cunning?
airplane|Relinin_Skyrunner|Greetings $N. I can only assume my reasons for being summoned is that you wish to take the tests. Would you like to be tested in the body, in defense, or in the element of earth?
airplane|Roanis_Elindar|Great, let us waste no more time! I offer to you four challenges. Summoning, interpretation, gesticulation, and displacement. Please choose one of these.
airplane|Sarkis_Ebonblade|Greetings. $N. Have you come here to test your dark powers of skill and spell casting?
airplane|Sirran_the_Lunatic|Ehem! What? Oh, hello there! Sirran be my name. Yes? So, come to the Plane of Sky, have you? Killed all my fairies! Hah! So! Do you wish to know how to traverse this plane? Or should I just go away? I know much about this plane. You would do well to listen!
airplane|Strandar_Pinemist|Greetings, young one. Are you a child of the trees?
airplane|Thalik_Silenthand|Greetings, $N. Do you believe you are a great rogue?
airplane|Ton_Po|So, I have been called upon to test you, and test you I shall. I will give you the option of choosing your test though enlightened one. Shall you take the test of Strength, Sight, or Speed?
airplane|Torgon_Blademaster|Greetings, $N. Are you a true warrior?
airplane|Tynicon_DLin|Great, let us waste no more time! I offer to you four challenges. Disempowement, Envenoming, Raising of the Dead, or Necropotence. Choose one to be tested on.
airplane|Will_Treewalker|Children of the trees, friend and protector of nature. We are brothers and sisters to the wolves and bears. The call of the Great Pine has filled your soul and you have found your way here to be tested. Are you ready to be tested?
airplane|Wizard_Schrock|Greetings, $N. Do you believe that you are a great Wizard?
airplane|Wu_the_Enlightened|Greetings Warrior of mind and body. To prove your worth to me, you must complete a test. Which test do you wish to take? I will permit you to take the test of Tears, Fists, or Tranquility.
airplane|a_thunder_spirit_princess|Greetings, travelers, welcome to the Plane of Sky! We are thunder spirits - this first island is our home. You are welcome to stay here as long as you like. If you wish to go to other islands you may purchase keys from the Key Master.
akanon|Baxok_Curhunter|Hail, $N. I invite you to serve the mighty state of Ak'Anon by becoming a Gemchopper. We gnomes are not known for our warrior skills, but those few who endure and survive to become elite amongst our warriors soon find that the technology of the gnomes has found its way into our halls. You must be a new recruit or an outsider, perhaps?
akanon|Derthix_Gibblix|Greetings $N. It is my duty to train young gnomes that have been called to they ways of Bertoxxulous, the Plague Bringer, and wish to serve as a cleric of the Dark Reflection. The faithful of the Plague Bringer are gifted with the sight of the Dark Reflection. The ability to recognize the importance of the powerful forces of disease and decay, and the role they play in the cycles of deterioration and renewal, death and life, destruction and creation.
akanon|Drekon_Vebnebber|Hello, $N. It is grand to make your acquaintance. I am the in-house merchant-slash-file clerk. I have goods to offer and I handle all the Gemchopper paperwork. Thrilling, don't you think?
akanon|Drigaz_Grumblegrowl|Grrreetings, $N, would you like to share a roasted rat steak or perhaps a tall glass of gnomish spirits? Have no fear of my appearance. My bark is meaner than my bite! Grraw haw haw!
akanon|Evah_Xokez|Be wary, $N, there are unseen powers within these mines that can destroy the strongest warriors or the wisest seers. Do you find the rust that corrodes the mechanisms around you and the decaying forms that wander these tunnels pleasing?
akanon|Garret_Zethkog|Hail $N! I am Garret Zethkog, first Shadowknight of the Dark Reflection. Long ago I made the journey far to the west to the human city of Qeynos. In the catacombs of the Bloodsabres, human disciples of the Plague Lord, Bertoxxulous. I studied the ways of the Shadowknight. I have returned to Ak'Anon with this knowledge and now tutor young gnomes that have heard the calling of the Dark Reflection in the ways of a Dark Knight of Bertoxxulous.
akanon|Guide_I|Click... Warning. You are not an ally of the state of Ak'Anon. Further queries may result in death. Have a nice day.
akanon|Guide_II|Click... Warning. You are not an ally of the state of Ak'Anon. Further queries may result in death. Have a nice day.
akanon|Guide_III|Click... Warning. You are not an ally of the state of Ak'Anon. Further queries may result in death. Have a nice day.
akanon|Guide_IV|Click... Warning. You are not an ally of the state of Ak'Anon. Further queries may result in death. Have a nice day.
akanon|Guide_V|Click... Warning. You are not an ally of the state of Ak'Anon. Further queries may result in death. Have a nice day.
akanon|Guide_VI|Click... Warning. You are not an ally of the state of Ak'Anon. Further queries may result in death. Have a nice day.
akanon|Iony_Gredlong|It is very nice to meet you $N. I am Iony Gredlong Priestess of the Underfoot. I coordinate all the training for new clerics here in the Deep Musing. If you are a cleric then I might just have some tests for you that will challenge your wisdom as well as your fighting abilities.
akanon|Jarah_Reskan|Greetings, child. Welcome to Gemchopper Hall. I trust that you are a warrior, or perhaps you are lost..?
akanon|Kaxon_Frennor|Hail $N. I am Kaxon Frennor, master assassin of the Dark Reflection. I train talented gnomes that feel the calling of the Plaguelord, Bertoxxulous, and wish to serve as a rogue of the Dark Reflection. Disease and decay are powerful forces in Norrath that crumble kingdoms and silently kill even the mightiest of heros. It is the calling of the Dark Reflection to sow the seeds of destruction as a catalyst to change. What progress would there be if rulers did not die and clockworks did not malfunction, giving way to greater rulers and better clockworks.
akanon|Kimble_Nogflop|Greetings! I am the keeper of this zoo. I advise you to stay on the upper tiers to observe the animals.
akanon|Larkon_Theardor|Greetings! Welcome to the Library of Mechanimagica. You must be a current member of the Library or has my mind begun to slip?
akanon|Lewis_Reldnok|Greetings $N! I am Lewis Reldnok, first Paladin of the Deep Muses. When I was just a young lad I journeyed to Kaladim, the home of our cousins the Dwarves. At the Temple of the Duke of Below I studied the ways of a Paladin of our creator Brell Serilis. I have returned to Ak'Anon to train interested young gnomes the ways I have mastered so that we may defend Ak'Anon and Brells disciples everywhere from the threats that would see us destroyed. If you are a Paladin of the Deep Muses I have some armor quests for you to complete.
akanon|Lobal_Postugger|Hello. I am the guild master.
akanon|Lyra_Lyrestringer|Hail. $N -Are you interested in helping the League of Antonican Bards by delivering some mail?
akanon|Manik_Compolten|Greetings, young one. I am Manik Compolten, High Watchman. Are you a new warrior or an experienced fighter?
akanon|Mimtia_Zethkog|Hail $N! You must be one of Garret's new knights. Garret has asked me to help get you outfitted in a suit of armor to protect you from the weapons of our foes. I have assembled a kit for you that will allow you to construct the armor pieces once you have gathered the necessary components. The required components vary according to which piece of Plague Knight Armor you are planning on assembling. Do you wish to craft a plague knight helm, a plague knight bracer, plague knight gauntlets, plague knight boots, plague knight vambraces, plague knight greaves, or a plague knight breastplate.
akanon|Narron_Jenork|Pleased to meet you, $N! I am Narron Jenork, High Watchman of Ak'anon. I am one of the most skilled Watchmans in all of Ak'anon, and I pride myself on training the most promising young warriors that Ak'anon has to offer. Are you a young gnome warrior?
akanon|Naygog_Mitope|Hail $N. I train those young gnomes who wish to serve as a warrior in the service of the Dark Reflection and our patron, Bertoxxulous the Plaguelord. Decay and destruction are powerful forces that influence Norrath. It is the duty of the Warriors of the Dark Reflection to bring destruction to the weak and injury to the strong so that our fellow gnomes may be reminded of their own mortality and new strong individuals may rise to power before Bertoxxulous decides it is their time to decay and be replaced like countless before them.
akanon|Rebbie_Romblerum|Hail $N!
akanon|Rylin_Coil|Yikes! Don't startle a fellow like that!
akanon|Sanfyrd_Featherhead|Greetings! I am the operator of this scrapyard. If you have any scrap metal, I would be glad to purchase it from you in loads of four. The Gemchoppers no longer allow me to accept blackbox fragments and micro servos.
akanon|Silox_Azrix|Silox Azrix gives you a crooked smile. 'Hello there, $N. I'm doin some important 'meditations' to my god here. Maybe you can go somewhere else?'
akanon|Soulbinder_Toglonoit|Greetings $N. When a hero of our world is slain their soul returns to the place it was last bound and the body is reincarnated. As a member of the Order of Eternity it is my duty to bind your soul to this location if that is your wish.
akanon|Tergon_Brenclog|Eh!!? What do I see before me? A young upstart? Some child pretending to be a great mind? If you wish to test your mettle then you will assist Tergon. Will you Help Tergon or are you far too superior to deal with such things?
akanon|Tilkzog_Mournunder|Hail $N. I am Tilkzog Mournunder, Necromancer of the Dark Reflection. It is my duty here to assist not only the young necromancers of the Dark Reflection but also those wizards, magicians, and enchanters that have been called into the service of the Plague Bringer. I will aid you in obtaining an outfit of durable clothing suitable for a young sorcerer of the Dark Reflection. Once you have been adequately outfitted for venturing beyond our homeland in service of the Plague Bringer return to me and I will assist you in obtaining a staff of dark reflections.
akanon|Tobon_Starpyre|It is good to see the young show an interest in the ways of magic. Its circles can be used in tandem with our unique ways of tinkering. Have you joined the Eldritch Collective or are you merely curious?
akanon|Welno_Tanboots|Greetings there $N! I am Welno Tanboots Assassin of Akanon. I pride myself on being one of the few to train our younger prospects in the ways of the rogue.
akanon|Welno_Tanlonikan|Greetings there $N! I am Welno Tanlonikan Assassin of Akanon. I pride myself on being one of the few to train our younger prospects in the ways of the rogue. If you are a young gnome rogue in training then I might have some tasks for you.
akanon|Xalirilan_Zarinokosalio|Oi there! Its nice to meet you. You must excuse me for I am currently working on a special spell for my studies. I would love to talk but I have to teach a class very soon to the new initiates and I don't have my lesson prepared yet. Are you also a young initiate of the Eldritch Collective? If you are then I hope you will be ready for the lesson.
akanon|Zapho_the_Ancient|Oh! Please excuse me. I was busy creating some new illusions for my collection. Hello there, $N! I am Zapho the Ancient. My return from the halls of the Realm of Heroes is the will of Bertoxxulous. I must watch over those who catch the eyes of the gods and recognize their heroic deeds.
akanon|Zenrel_Ottonoggin|You look like you could use a copy of the Tinker's News and World report. $N. Find out everything that is happening both below ground and above. Buy a copy now. It's cheap.
arena|Soulbinder_Gendal|Greetings $N. When a hero of our world is slain their soul returns to the place it was last bound and the body is reincarnated. As a member of the Order of Eternity it is my duty to bind your soul to this location if that is your wish.
befallen|#Sir_Ariam_Arcanum|My thanks for destroying these minions of Befallen's masters. This accursed place rends my soul trying to twist me to its purposes. My time here is short, so i must get this task done quikly.
beholder|Diggs_Duggun|ail, dere! Ain'tcha a sight fer me sore eyes! I knows dat we're strangers an' all, but might I ask a boon of ye?
burningwood|Atheling_Plague|Ahh!! A conversationalist. How good to meet you, $N. Yes. I have heard of you. Go ahead and ask for that which has brought you to my tower and emboldened you to slay my weaker minions.
burningwood|Entalon|Entalon smiles at you with a wide grin. 'You are quite brave to approach me and speak. On any other day, I would not give you the opportunity. Fortunately for you, I am preoccupied with my master's quest.'
burningwood|Faelin_Bloodbriar|Didn't think I was gone for good, did you? We're that much closer to finishing this trial of our strength, thanks to you.
burningwood|Naxot_Deepwater|Beware these woods! The sarnak claim this land as their own and wicked creatures walk beneath the burning foliage.
burningwood|Slixin_Klex|So long ago... The burning of our land?
burningwood|Telin_Darkforest|Telin Darkforest looks at you serenely. 'Hello, wanderer.'
burningwood|a_sarnak_imitator|a sarnak imitator hisses at you
butcher|#Kanthuk_Ogrebane|Hello.
butcher|Dapper_Blackhammer|Hello, $N. What brings you to this neck of the mountains? Do you have any work for me?
butcher|Dru_Razbind|Greetings, my friend. What brings you so far from the trodden path? I hope you do not plan on stealing my fishing spot.
butcher|Glorin_Binfurr|Pleasure to meet you. Keep your eye out for the ship. You don't want to miss it.
butcher|Guard_Gonin|Greetings, friend! Welcome to Fort Gonin. Home to me and my slow-witted brother, Kyte.
butcher|Guard_Kyte|Hail! Welcome to my little base of operations. It is not much, but my glory will soon march upon the land.
butcher|Kandin_Firepot|Hello, there! Don't have time to talk. I'm workin', workin', workin'! Careful! Don't slip in the oil!
butcher|Siltria_Marwind|Hail. $N -Are you interested in helping the League of Antonican Bards by delivering some mail?
butcher|Vedico_Windwisper|Hello, $N. Have you seen the port master? I am here to complain about the shoddy service.
butcher|Walnan|Hallo, $N! I am Walnan, elementalist, summoner, wanderer, and sometimes teacher. Might you be a elementalist in search of the truth?
butcher|a_greedy_beggar|Hello there $N. I don't suppose you can spare some coins? I'm just a poor halfling that is far away from home. I can't afford anything to eat or drink. Anything you can offer me will be of help.
butcher|a_lesser_spirit|Did you take this person's life, shaman?
cabeast|#Prime_Patriarch_Vuzx|Greetings. I only train those who follow the path of the Patriarchs of Cabilis and have yet to develop their powers over the beasts of the wild.
cabeast|Arch_Duke_Xog|These are the sacred unholy grounds of the Crusaders of Greenmist and the Scaled Mystics. If you do not belong to us, you must leave this temple at once or learn great suffering in the name of Cazic-Thule.
cabeast|Brewer_Prixal|I, Brewer Prixal, am the maker of the heartiest drinks in all of Kunark! Have a look at my astonishing assortment of beverages!
cabeast|Clerk_Doval|Clerk Doval takes a sip of lager and looks up at you. 'Ahh! An adventurer of sorts? Looking for work, are we? If you have the time, I might have a bit of a proposition for you.'
cabeast|Crusader_Zixo|Do you come to me empty handed, knave? Did you lose your pike?
cabeast|Drill_Master_Dal|Yes, yes!! What do I have here?!! Another new recruit? If so, then speak up! If not, then leave and do not waste my time nor risk your life. I also seek a legion soldier if you be one.
cabeast|Drill_Master_Kyg|Welcome. Welcome!! Time to train. Time to fight. Time to serve the Iksar Empire. You will need weapons. I have the footman pike for all new recruits to earn.
cabeast|Drill_Master_Vygan|I am a Drill Master of the Legion of Cabilis. I have no time for idle chitchat. Be off if you were not summoned to this fortress! Find that guild which was chosen for you as an egg.
cabeast|Grand_Master_Glox|Grand Master Glox shows no reaction to your greeting.
cabeast|Grype|Grype gulps down the rest of his ale. 'Looks like I'll need another.
cabeast|Haggle_Baron_Klok|Haggle Baron Klok smells of fine scents and has very oily, shiny skin. 'Greetings! Who are you? If you came to speak with the Haggle Baron, you must have matters of heavy coin to discuss. Ha ha! I love heavy coin!'
cabeast|Half_Elf_Maiden|What do you want? You do not look like the type of person the Baron usually sends to me.
cabeast|Hierophant_Dexl|Hierophant Dexl seems to be preocupied. He is examining an egg. 'What?!! Who has sent you to me? Bah!! Away with you.' He ignores you and continues chanting.'
cabeast|Hierophant_Granix|Leave me in peace $N, I have little desire for company now. The Faceless sends visions to me that may hold the fate of our race in sway.
cabeast|Hierophant_Oxyn|Greetings, and may the pain of the ancients guide you. You have come to us for guidance, have you not? We are the Hierophants of Cabilis and we guide the young Scale Mystics. All petitioners shall speak with me of temple tasks.
cabeast|Hierophant_Zand|Hierophant Zand raises his hand and looks up. 'May the wisdom of the ancients lead your soul to suffering and everlasting pain. Such is the will of Cazic-Thule. I see something in your eyes, Hatz. Have you lost something... your cudgel perhaps?
cabeast|Himart_Kichith|Greetings young one, I am Himart Kichith, shaman of the Scaled Mystics and storekeeper of valuable knowledge of the past. I am always looking for knowledge of the past in the form of spells and rare scrolls. If you are interested in a tidy profit perhaps you would be willing to help me.
cabeast|Klok_Dytar|Going scouting in the wilds of Kunark? Wait!! Before you do. buy all you need from me. I am a survival outfitter. You most assuredly will need a water extractor and purification tablets. If not those. then perhaps a poncho or machete to protect you from the elements and chop through the bush.
cabeast|Klok_Ephmir|Klok Ephmir stares at you with a wicked smirk. 'So you share the Brood's love of frogloks, do you? Alive, they provide much trouble. Dead, they provide much delight. I have found many uses for the frogloks. From fine meat to fine mats. Be sure to ask if you do not see something you desire.'
cabeast|Klok_Foxmyr|Klok Foxmyr is baiting hooks with mud crabs. He reeks of fish. 'I smells the blood of a fisherman in you. Buy a pole and some bait. See the size of the fish you can haul in from the waters of Cabilis.
cabeast|Klok_Gogon|Klok Gogon sets down a wooden stave and brushes the wood chips from his apron. 'Good day to you! Might I suggest a fine bow or perhaps you need fletching material? Whatever widdling component it may be, Klok Gogon sells it.
cabeast|Klok_Hoga|Klok Hoga turns to shake your hand. Clay covers his hand and now yours as well. 'Greetings! Looking for treasures? There is no greater treasure than the one a lizard creates for itself from the mud and the clay.
cabeast|Klok_Ixmid|Searching for the sparklies are we? Look and see. See what I have found on my journeys into the outlands.
cabeast|Klok_Mugruk|Welcome to my shop, sss. Only the finessst I have. I make for you jussst as I make for the emperor's harem. Many bristle silk garmentsss do they need. Ssss.. Lucky man, the emperor isss.
cabeast|Klok_Poklon|Greetings, thirsty traveler. Pull up a stool and lay yer copper down. Its time to drink and be merry. Just don't get too merry or I will have to call the troopers.
cabeast|Klok_Scaznar|It is best for you to buy some of my armor. It is far better than anything a lizard could create on his own. You do the adventuring and leave the stitching to good old Scaznar. Tailoring is my rebirth.
cabeast|Klok_Tempar|Klok Tempar picks up cloth apparel and displays the items for you. 'Look at this. Chafe, it doesn't. Nothing is better on the scales than fine cloth. Lets a lizard's skin breathe so smell does not overtake the senses. Yes. Cloth is what you need.
cabeast|Klok_Unlar|Klok Unlar wipes flour from his hands and turns to greet you. 'Welcome! Please look over my many treats. Do not think of the coin you shall spend. Heavy coin buys the finest and sweetest of treats. Feel free to ask me about any of the rare pies you see as I can tell you exactly how I make them.
cabeast|Klok_Vednir|Look at you. Encumbered you could be. Encumbered with great treasures. Treasures from all corners of Kunark. Go and find them. but first you will need to outfit yourself with packs of fine craftsmanship. Lucky for you. that is what I do best... craft packs.
cabeast|Klok_Wyga|Do not complain to me of the prices. I charge what the Haggle Baron instructs me to charge.
cabeast|Librarian_Zimor|Hail, citizen, I hope that you are here to assist. We are gathering Crusaders to make an assault on the Libraries of Chardok. The slave creations have thrived in their sanctuary for too long. The tomes and texts they have stolen to fill their library belong us. They are even rumored to have a text on the Sacred Khukri of Rile, the Greenmist. If you see such a tome, you must bring it to me immediately. May Cazic-Thule guide you!
cabeast|Lord_Gikzic|You dare to intrude upon the presence of a Lord of Pain?! Such foolish acts can only be those of a knight in training. Are you a knight in training?
cabeast|Lord_Korzin|What is it you seek? Eternal suffering?
cabeast|Lord_Qyzar|Lord Qyzar looks upon you with a sneer. 'What is the year of our birth and who was our Father?'
cabeast|Master_Bain|Welcome. Who has sent you to me?
cabeast|Master_Glox|That took you long enough. Well then, are you ready to prove your agility to me?
cabeast|Master_Niska|Master Niska bows with elegance and grace. You can see her arms rippling with muscles. 'Greetings. We are the Swifttails. We are the harnessers of the elements. We are the tails of discipline. To achieve rebirth into our caste is a great honor indeed. We can be identified by our adornments. You should display that which we have given you to adorn your arms with pride. You do have your Shackle of Dust, correct?'
cabeast|Master_Raska|Hmmph!! Expect to be a great master such as I? Maybe. You still appear to be a whiff.
cabeast|Prime_Hierophant_Vek|Praise to the ancients, my friend! There is much suffering to be given unto the world. I am the Prime Hierophant of the Temple of Terror. Through me and my fellow priests flows the wisdom of our ancestors.
cabeast|Sarth_Scarscale|Sarth Scarscale hisses at you loudly. 'So, you bear the mantle of a crusader, yes? I am known as Sarth and shall reward you, provided you prove your worthiness to our cause, child of Rile.'
cabeast|Shezlie_Furscale|Be careful around here. $N. Injured broodlings are no use to anyone. Many of these structures are yet unstable and could fall at any time. If you're a mystic, I can teach you how to protect yourself.
cabeast|Sirtha_Scarscale|Sirtha Scarscale eyes you intently. 'So, yet another hatchling approaches us. I am known as Sirtha and that is Sarth. We are of Rile's children. Who do you call your father, broodling?'
cabeast|Smithy_Bashdyn|Shields up. my friend!! My talents of rebirth are here to aid thee. Only the finest shields shall you find among my works of art.
cabeast|Smithy_Krikt|I have much work to do for the Legion of Cabilis! Have you come to view my wares, or to learn the art of weapon smithing so that you may assist me in crafting weapons for our warriors?
cabeast|Smithy_Qag|Greetings, $N. We are exceptionally busy today - I trust that your business is of suitable import.' Smithy Qag flicks his tail, covered with the scars of the forge. 'Or have you come to assist in our new project?
cabeast|Smithy_Vyx|I have heard of a great piercing weapon created to pierce the skin of the wurms. Such a weapon would be quite devastating!
cabeast|Smithy_Xzatik|Greetings, $N! I have the finest Skyiron Ores for sale! Feel free to examine the quality of my ores! I am also charged with teaching members of the Legion techniques to work Skyiron, craft Skyiron Targ Shields, and Cabilis Scale Mail.
cabeast|Smithy_Ygen|Good day! If you wish to survive the wilds of Kunark, you had best purchase some of my wares. Here you may find he finest metals forged by the finest smiths.
cabeast|Soulbinder_Shakar|Greetings $N. When a hero of our world is slain their soul returns to the place it was last bound and the body is reincarnated. As a member of the Order of Eternity it is my duty to bind your soul to this location if that is your wish.
cabeast|Squire_Gristle|Hail Broodling! When you walk the halls of this tower, you should always display the status that you have earned within our ranks. It brings me pride to see the might of the brood displayed by one such as you while I reflect here in the tower. Do you have the tool of your caste with you at this time?
cabeast|The_Toilmaster|Do not bother me unless you wish to join the chain gang. Now go away or I shall have my slaves chop you as they chop this granite!
cabeast|Trooper_Azalin|Look to the center of Cabilis and you shall find the Kloks. They will have all the provisions you will need for any adventuring you may do.
cabeast|Trooper_Begzei|This is the city of Cabilis. New Sebilis. Someday. Emperor Vekin shall lead us into the halls of Sebilis and retake the old capital from the vile claws of the dragon which now resides within. Until then. this is our capital.
cabeast|Trooper_Byzin|I have no time for conversation. Go. and leave me to my duties.
cabeast|Trooper_Feglesh|If sweets are your fancy. seek out the chefs of Cabilis. They have much to offer.
cabeast|Trooper_Fryp|Hail, citizen! Have you been fishing lately? The water is alive with sewer catfish. Unfortunately, there are also the barracudas!
cabeast|Trooper_Googin|Trooper Googin gnashes his teeth and gives you a threatening look.
cabeast|Trooper_Ishlin|I wish to earn heavy coin so I can meet with the Kloks in the Haggle Baron's house. They are said to have the finest merchandise available in Cabilis.
cabeast|Trooper_Keplar|You want to be like Trooper Keplar? Who does not? You must first be summoned to rebirth within Fortress Talishan. If you have not. then you can not be like this grand one.
cabeast|Trooper_Nagraz|Welcome to Cabilis. Capital of the new Iksar Empire. One day all shall fear us as they once did. One day. we shall take this entire orb and enslave it. The wretched wurms shall not stop us this time.
cabeast|Trooper_Nishnish|Hail, citizen! Keep clear of the waterways which run through this grand city. For swimming they are not. Many times have playful broodlings fallen prey to the sharp teeth of barracudas.
cabeast|Trooper_Rofylin|I was once part of an expeditionary force sent deep into the Emerald Jungle. We searched for the ruins of Torsis. It is there that we hoped to find the armory of the Army of Ik. We did not succeed and lost most of our number to the evil within.
cabeast|Trooper_Shestar|My father was a great blacksmith. He taught me how to make great items such as the Shestar scaled coif. Alas, smithing was not my rebirth, but rather the life of a warrior.
cabeast|War_Baron_Eator|War Baron Eator turns to you and snorts in anger. Some mucus lands on your cheek. 'Troopers! I thought I ordered you to keep all new recruits away from this chamber! Go, child. The War Baron of Cabilis has no time for games. See this intruder out!!'
cabeast|War_Historian_Kobl|You have come to learn. have you not? I have knowledge of importance to young warriors of the legion. Or perhaps you are a scribe seeking my unique writing materials!
cabeast|Weaponsmith_Grugl|Come to assist in the testing of the bashing equipment? Nah. Not you. You are too small. You must be here to practice your forging.
cabeast|Zazlan_Furscale|Zazlan Furscale looks you up and down and mumbles to himself. Much too thin is this one to be put to work. Leave before you hurt yourself and we have to feed you to the critters in the pit.
cabeast|an_Iksar_crusader|an Iksar crusader clicks his heels together at attention. 'Hail, follower of Pain. Have you been sent to me?'
cabwest|Gryzil|Looking for a challenging fray? Perhaps there is a combatant waiting for a duel within the Gauntlet.
cabwest|Harbinger_Glosk|Harbinger Glosk halts his chanting. 'You dare to interrupt me? You had best have a good reason. I care not for small talk.'
cabwest|Izarod_Fristan|Hail there. $N. So you are ready to learn more about our ways? Do you wish to try and expand your knowledge of our arcane arts? Then venture far from here to the darkest depths of our once great empire and seek the minions that inhabit the ruins. The arcane powers will come in the form of scrolls.
cabwest|Jaxxtz|Greetings, $N, Perhaps you've come to purchase some of my rare supplies? I have a special blend of eleven herbs and spices......oh wait.....I'm sold out of that......anyway. What can I do for you?
cabwest|Jondin|Greetings. friend. I have many fine herbs for sale. My prices are reasonable for I am not governed by the Haggle Baron. If you fancy yourself an adventurer. I would like to hire you for a simple mission.
cabwest|Kamzar|Much beauty can be found upon the skins of our enemies. And... even upon that of our own allies?
cabwest|Keeper_Bile|Keeper Bile bows before you as a gesture of kindness and respect. 'Greetings. I am Bile, Keeper of the Apprentice Ranks. My knowledge is that of the first circle of necromancy. I was once a great necromancer, but now i have a greater calling to protect the words of Kotiz. I also Conduct many tests to ensure the spells are deciphered correctly. I am in need of an apprentice to collect components.
cabwest|Keeper_Pain|Keeper Pain raises his gaze from his tomes to greet you. 'Ahh!! Welcome, seeker of knowledge! Come to fill your brains, have you? Look closer, adventurer. I have scribed some very powerful spells.
cabwest|Keeper_Rott|Keeper Rott bows before you. His eyes are kept wide by the pins which distort his eyelids. 'Greetings! You have stumbled upon the cave of the Keepers. We record the arcane secrets of the Brood of Kotiz. We have scribed many spells and make them available to all those who are deserving. Please, have a look.'
cabwest|Lybar|You seek to extinguish the hunger of the flesh. You have come to the right place.
cabwest|Marthor|Marthor hiccups and breathes drunken breath in your face saying, Leave me be, can't you see that I am meditating or something?
cabwest|Master_Kyvix|Quite busy!! Quite busy!! Things must be done. New components to be collected!!
cabwest|Master_Rixiz|You are on the grounds of the Brood of Kotiz. If you do not belong, you must leave at once. There shall be no third rank skullcap for you.
cabwest|Master_Xydoz|What is it you seek within the tower? Could it be that you are a new apprentice? If so, you are required to don the apprentice skullcap
cabwest|Mohin|A forged weapon is no match for the memories and power trapped within a weapon made of bone.
cabwest|Nihilist_Yeegarn|Looking for a good read? You should visit the guild houses. They have tomes which have been scribed for sale.
cabwest|Nihilist_Zeegarn|Mind yourself within Cabilis. We will not tolerate any mischief. If you don't heed my warnings, you may be sentenced to the pit of the Crusaders of Greenmist. You don't want that! Also, you should always wear your robe when entering these walls. You do have your Drape of the Brood, correct?
cabwest|Sartar_the_Unrivaled|Hello. $N. I am Sartar. In my former life I forged my body into a versatile weapon capable of defeating any foe that crossed my path. I was a student. a leader. a scholar and a scoundrel. My deeds caught the eyes of the gods and Cazic-Thule blessed me. Removing me from this plane and placing me within the Realm of Heroes.
cabwest|Trooper_Dagnav|I have heard the old elven outpost has been retaken and that sails once more frequent our shores. We are doomed unless we can repel the invaders. Blast!! As if the goblins. giants. sarnak. wurms and frogloks were not enough!
cabwest|Trooper_Eglo|The waters of Cabilis are teeming with life. A good fisherman could make heavy coin catching fish.
cabwest|Trooper_Egrephit|Trooper Egrephit is my name. Keeping you broodlings safe is my game. Quite a rhyme I weave. Now it's time for you to leave. Ha!! Where do I come up with these?
cabwest|Trooper_Gegren|Do not approach the Tower of Death unless you have been summoned to rebirth. My brother was unfortunate enough to venture into their halls and he has never been seen again.
cabwest|Trooper_Gryfkyz|Looking for a challenging fray? Perhaps there is a combatant waiting for a duel within the Gauntlet.
cabwest|Trooper_Hylpik|You look a bit encumbered. You should visit The Block.
cabwest|Trooper_Moggoz|I have heard stories that there is a lost valley of great treasures within the Dreadlands. Some say it was there the Green Death first arose.
cabwest|Trooper_Neozite|What I wouldn't do for a Legion Lager right now.
cabwest|Trooper_Ozlot|Hail, citizen! If it is a good time you are seeking, you should head toward the tavern. You can't miss it. There is only one. The emperor says we should spend most of our time training, not in revelry. We troopers try.
cabwest|Trooper_Ryzee|If you are searching for rare items. I would suggest the merchants of the Brood of Kotiz. They often carry rare trinkets from beyond the walls of Cabilis.
cabwest|Trooper_Shyzin|I am glad the crusaders assist with the patrols of Cabilis. Their powers of healing are always welcomed by the troopers.
cabwest|Trooper_Tygar|Can't you see I'm on duty?!! If you wish to converse. Might I suggest the Tink N' Babble tavern near the Temple of Terror?
cabwest|Trooper_Xaxxot|The purchase of a water extractor would be wise for any lizard who expects to venture deep into the wilds of Kunark.
cabwest|Trooper_Yegmesh|Have you heard the latest babble? Giant stingers which spew forth flames and fight with the tactics of a lizard are said to inhabit the Overthere.
cabwest|a_mortician|a mortician stares at you with hollow eye sockets. As he opens his jaw to speak, you are overcome by the foul smell of a thousand rotted corpses. 'What is your desire, master?'
cabwest|an_Iksar_hermit|an Iksar hermit looks at you with one good eye. His left eye is covered with pus. 'I seek a great sorcerer.
cauldron|Conium_Darkblade|You seek Conium Darkblade, do you? Often I am here. To test my wasp poison, yes. Fewer aqua gobs there now are. Ha! A true rogue am I with no leader or guild. Just the wind and shadows and much treasure to be had.
cauldron|Elmion_Hendrys|How are you? Please rest. Have you been wounded by the beasts of this region.
cauldron|Ghilanbiddle_Nylwadil|What business do you have here?!! Trying to keep safe? Expecting us to fight your battles? Bah!!
cauldron|Jinalis_Andir|Let us dispense with pleasantries, $N. I am Jinalis, as you know. I imagine you want to control the Elements. The Element of Water, which I possess, is the most powerful of the Elements. With it you can control the water which falls from the Air, erodes the Earth, and extinguishes Fire. It is a pity you do not focus on the Prime Element, but if you wish to follow that fool Magi'kot to your doom, I will not stop you. Bring me the Staff of Elemental Mastery: Water held by the last of the Kedge, the Tears of Erollisi held by a dirty and rotten officer across the Blessed Deep, and finally, the Rain of Karana, found on a mighty Giant in, where else, the Karanas.
cauldron|Nyrien_Lyrdarniel|Greetings, my friend! You may rest here if you like. There are many dangers in this land. May Tunare watch over you when you depart our camp.
cauldron|Sigan_Ilbirkun|Hail!! You are welcome to rest here.
cazicthule|Gimlik_Cogboggle|Well met, noble soul! I'm Gimlik Cogboggle. You are correct, the Gimlik Cogboggle, renowned adventurer, scholar, and yes... creator of spells. Please don't goggle or touch. Your opportunity has arrived, my friend. I was sent here to complete a very important task and for that, I will need some slight assistance. If you will be kind enough to follow me, I'll show you to your doom... err... get this show on the road. Just let me know when you're ready.
charasis|Gandan_Tailfist|Gandan Tailfist places a foul smelling book in your hands and speaks to you slowly. 'Take this rotting book given to me by lord Cazic Thule himself, I was given another but it has been lost. The search for the fists will be the end of me. If you are a monk of the final rung show me your Shackle of Tynnonium and I will share with you what I have found.
chardok|Herald_Telcha|Hail to you, lesser being! It is good to see you seeking the enlightenment and satisfaction that can only come from serving the Sarnak! Experience for yourself the joy of fealty to our Lord the Overking Bathezid Di'zok! I am Telcha, lesser apprentice sub-herald in training to the Court of Di'zok and I stand ready to welcome those who would serve our noble Overking. Are you here to aid us?
chardok|Niblek|I Niblek. You want something from Niblek? Niblek find treasures in walls. Niblek like to trade treasures.
chardok|Queen_Velazul_Di`zok|Hail, minion! It is good to see a member of a lesser race striving to improve themself through service to the Dizok. We are feeling especially generous as of late, and if you would do us a service, we shall reward you handsomely.
citymist|#Marl_Kastane|Alas, I cannot be the one to carry the sword back to my people as proof in fear they will kill me to possess it for their own. I think a simple trade is in order. Perhaps you have a symbol or token of Lhanrc's that I could take back to the others to ease their worries?
citymist|Lhranc|Ahh, finally! He has sent you. No time to waste now, you must help me lift the curse at once!
citymist|a_human_skeleton|Save my.. Soul.. Find.. Wizard.. Desp..
cobaltscar|Bloogy_Shellcracker|Hello, strange one. I am Bloogy Shellcracker, the preparer of meals for my people. I am not familiar with the culinary tastes of your kind but you are welcome to purchase some of my supplies. I will also barter for ingredients to some of my exotic dishes.
cobaltscar|Blumblum_Swigwater|I am very busy. Thank you for taking the time to speak to me, stranger, but I have no time for talk right now. I'm afraid that your business cannot be urgent enough.
cobaltscar|Bungre_Crawcrusher|What manner of creature are you, strange one? I can see that you are not native to any nearby territories. Your thin flesh and lack of hair would mean certain death when the ice queen breathes upon these seas.
cobaltscar|Chief_Kalan|Chief Kalan nods respectfully and says 'Welcome to Siren Bay strange one. These beaches belong to my people, the Othmir. You are welcome in our villages as long as you do not cause trouble and are willing to either assist the shellfish collectors provide nourishment or aid the warriors defending the beaches.'
cobaltscar|Qarrgy_Scallopgobbler|Qarrgy Scallopgobbler sets down several large crustacean shells covered in foreign runes, then extends his large, coarse hands in a gesture of friendship. 'I am pleased to see friendly visitors to our villages. I am the head craftsman of the village. The crustacean shell armor worn by the warriors of our village was crafted by me and by my apprentices. I will craft other materials as well when they are available.'
cobaltscar|a_shellfish_collector|Excuse me, strange one, for my rudeness but I must finish collecting the shellfish for tonight's feast in time for them to be properly prepared.
cobaltscar|an_Othmir_Pup|I can't wait till the warriors take us out for a swim in the bay! They say it is too dangerous for us to go out ourselves because of the sharks, bulthar, sirens, and that nasty sea dragon Kel...Kelo...Kelorek'Dar.
cobaltscar|an_Othmir_Shaman|We must continually give praise to the great Prexus for the blessings he has bestowed upon we Othmir! It is because of our devotion to the Ocean Lord that our shores will never fail to yield a rich harvest of shell fish!
cobaltscar|an_Othmir_Warrior|Welcome, strange one! I am on watch duty so I'm afraid I have not the time to converse. Perhaps when my shift is over we can exchange words over a bowl of spicy clam chowder.
cobaltscar|an_outcast_siren|Leave me alone, beast! Or I will cut your belly open and feed your entrails to the sharks.
commons|Guard_Colin|Hail, traveler! By order of Sir Lucan, the toll fee is one gold piece a head. Pay at once!!
commons|Guard_Valon|Greetings, traveler! If you wish to walk upon the road to Freeport, you will pay the toll of two silver pieces. And you should. It is not safe to stray from the pathway. There are many dangers in the Commonlands.
commons|Jahsohn_Aksot|Greetings, $N.
commons|Kizdean_Gix|If you have business then out with it!! If not, then please be gone. I have little time to waste on chitchat!
commons|Mojax_Hikspin|Hi. How are you? The fish are biting pretty good. That is what Skipynn tells me. I sure wish I had a different job. If I did, I could fish all day long.
commons|Noresa_Sparkle|He.. Hello. Wou.. would you like to buy something? Be quick or Kizdean will return!
commons|Ranvigoz_Tonsmith|Hail! I am Ranvigoz Tonsmith. My brother Timtok and I are some of the finest smiths this side of Kaladim. If you are interested we will happily resize your Crafted Armor down to a more manageable size.
commons|Simon_Aldicott|Hail and well met. I am Simon Aldicott, a cleric in the service of Mithaniel Marr. I've been sent here to prepare a funeral service for one of our lost to join Marr in his kingdom.
commons|Skipynn_Stoneheart|Hello to you! I hope you do not plan on fishing here. I have claimed this spot. Try the other side of the lake.
commons|Timtok_Tonsmith|Hail! I am Timtok Tonsmith. My brother Ranvigoz and I are some of the finest smiths this side of Kaladim. If you are interested we will happily resize your Crafted Armor down to a more manageable size.
commons|Wallin_Slyfoot|What? What do you want? Are you here to assist me?
crushbone|Kelynn|What are you doing here?!! Get out before you find yourself mining for these wretched beasts!
crushbone|Retlon_Brenclog|Oh my word!! A rescuer!! Hurry! Get me out of these chains!! Go find the orc who has the keys!
crushbone|a_dwarven_slave|Slavedrivers are just lackeys for the taskmaster. He is the real orc in charge.
crushbone|an_elven_slave|Slavedrivers are just lackeys for the taskmaster. He is the real orc in charge.
crystal|Captain_Dunstan_Coldheart|Hail stranger! I see that you are not from around these parts. Do you wish to stay or are you passing through?
crystal|Cassia_Gemshard|The Ry`Gorr are filthy disgusting beasts and they are as ferocious as their stench is rancid. It's a good thing we can smell them coming to avoid them.
crystal|Derron_Coldmist|Hello there. I have always wondered, whatever became of the Dain's group that left here so long ago?
crystal|Flint_Velweaver|The life of a miner can be tedious but we will persevere. It's what the Dain would have wanted.
crystal|Ghost_of_Burdael|Ghost of Burdael says, in an unknown tongue, 'Hgidf! Hsdh je shafoin jsjsi!... Frundlpap gnut hfna iiongio... Woha?! Yiond?'
crystal|Guard_Evercold|Ello there $N . I am Evercold Gemshard and this is my partner Slacey. Now don't you be gettin any funny ideas. That fine woman can show any orc the business side of a sword, and you are lookin mighty orcish today.
crystal|Guard_Grabadin|What can I do for you, $N? If there isn't anything I could do for you, I can give you a quick task.
crystal|Guard_Hollander|Ahh...Come to join me on the watch, eh? Be sure to check in with the Captain. He will have no problem finding work to chill your bones.
crystal|Guard_Justik|Halt! Identify yourself!
crystal|Guard_Kevin|Another visitor graces our halls. Either you must be very powerful or very stealthy to have made it past the Ry`Gorr. I will be keeping an eye on you.
crystal|Guard_Kithon|All clear! Oh! Sorry. Been working too hard lately. These tunnels are starting to get to me. If you plan on goin past the broken bridge, bring an extra light source.
crystal|Guard_Kristen|It looks like we have ourselves another visitor. This here is Froststone. The last Coldain stronghold on this icy rock.
crystal|Guard_Slacey|Shhh... listen. Can you hear them? They are very close.
crystal|Guard_Solistak|Halt! Halt! If you be thinking about going past this here post, you had best be mindful of the horrors roaming these passageways!
crystal|Historian_Baenek|As I am the remaining priest of Brell in Froststone, it is my humble duty to preserve the history of the Coldain. Do you wish to listen to our history?
crystal|Nadalia_Coldmist|Welcome to Froststone. We are the last remaining Coldain on this continent. If you wish to stay, be mindful of the crystal widows. You won't see them until it's too late.
crystal|Scout_Grandan|Hail, adventurer. Congratulations on finding Froststone, last keep of the Coldain. It must have been a hard fight down those tunnels, eh? There are monsters crawling everywhere!
crystal|Soren_Coldheart|Soren Coldheart grumbles, 'I should've left with the others rather than stay imprisoned in these caves for the rest of my life!
crystal|Tacy_MistHeart|Tacy MistHeart looks at you with teary eyes and says 'If only my love had not left with the others. We could have had a good family here, I know it. Please leave me be, his memory is almost too much for me to bear.
crystal|Vevina_Velweaver|Hello there, $R. Beware the horrors that lurk within these caves! They are quite deadly!
dalnir|Haggle_Baron_Dalnir|I have little time to speak. I can feel this facade weakening already. A Scaled Mystic came to me during my time of torment. He spoke to me. He said that a new time was hiding behind the darkness of the horizon. You seek Master Rile's Khukri. I can diagram it for you... Arrrgh! I feel the pull of torment upon me! Return to me with a piece of parchment, a quill, and Rile's Shattered Blade. Use your mirror again to bring me back and I will try to remember the design. Please be quick!
dalnir|a_coerced_smith|a coerced smith looks up at you. You can tell his spirit is broken. His scars speak of a severe beating.
dalnir|a_tormented_tradesman|End my suffering... I cannot think beyond this pain! Why am I in this place? What have I done?
dalnir|an_Iksar_prisoner|an Iksar prisoner squints at you and gasps when he recognizes notoriety within Iksar society. He scrambles to his feet and says, 'Please, brother! Get me out of these chains so that I may escape back to Cabilis! They intend to coerce me like the others. A more tragic fate no Iksar should endure. I implore you to help me!'
dreadlands|Baldric_Slezaf|Hello, $N. Don't you think this would be a wonderful place to perform a symphony?
dreadlands|Brother_Balatin|Brother Balatin turns toward you. A transparent human face materializes upon the skull. As he speaks the smells of rotted rat corpses rushes into your face. You must fight the urge to vomit. 'What discipline do you follow?'
dreadlands|Veltar|Veltar 's body has scars all about it, looking as though beaten with whips. One wrist bares a unique looking bracer, the other is bare. 'Leave me be! I did not come up here because I wanted company.'
dreadlands|gem_cutter_skeleton|gem cutter skeleton appears to be busy cutting a green gem; upon your greeting, it jumps, fleshless hands slipping carelessly and breaking the gem into powder.
droga|Jeren_Manri|Shhh, be quiet! The goblins may hear you.
droga|a_goblin_traitor|Serve the Sarnak do ya? You the one they say they send? I don't know that I believe ya, show a token. Humm show me ya ring if ya got it.
droga|an_angry_goblin|'Go away, my life is miserable enough!' The angry goblin looks at you more closely, his rage fading for a moment. 'Are you here with the evidence I was promised? Give it to me if you have it.'
droga|an_enslaved_iksar|an enslaved iksar looks up at you. You can tell his spirit is broken. His scars speak of a severe beating.
eastkarana|Althele|Hello, friend. Beautiful is what I would call such a day normally but lately? I sense that something is out of balance.
eastkarana|Felodius_Sworddancer|Hello, $N, I am Felodious Sworddancer. A travelling historian and storyteller. Would you care to hear a story?
eastkarana|Ganelorn_Oast|Please be very quiet. I am tracking a notorious poacher.
eastkarana|Milea_Clothspinner|Hail, fellow adventurer. Are you from Qeynos or from somewhere else?
eastkarana|Sir_Morgan|Hail, traveler! Might I escort you through to Highpass? The path ahead is filled with giants and many other hungry beasts. I assure you, you will be safe with me. I must admit, I am quite experienced in the ways of the warrior. Do you wish an escort or will you travel alone?
eastkarana|Squire_Wimbley|Hello! Good to meet you. The road ahead is full of all sorts of nasty creatures. If I were you, I would speak with my master, Sir Morgan.
eastkarana|Tenal_Redblade|What brings you to my home, $N? Do you seek knowledge of Rallos Zek and the great wars to come?
eastkarana|Tholris|Tholris stares in contemplation at the landscape.
eastwastes|Boridain_Glacierbane|Hello stranger, I am Boridain, master hunter of the Coldain. Glad to meet you.
eastwastes|Corbin_Blackwell|Hurry! There's not much time. Give me the key and show me proof that you are a friend sent to rescue me...
eastwastes|Fjloaren_Icebane|What is it you want, $R? I have no time to speak with your kind.
eastwastes|Garadain_Glacierbane|Hrmff, what's this? A spy sent from the giant heathens, or the selfrighteous wurms perhaps? Either way, you'd be no friend of the great Coldain.
eastwastes|Garath_the_Trader|Hail to ya, Traveller, and well met! My Name's Garath, a warrior by trade, though I do dabble in some merchanting on the side. My exploring brought me here, and I saw some wonderous things. I ventured inside this ancient tomb with some friends, and oh! The horrors we encountered! I barely made it out alive, but I did manage to pick up some weapons to trade.
eastwastes|Korrigain|Who dares disturb my rest? If ye be a friend of the mighty Coldain, then show me proof and I shall tell you of my plight. If not, then be on your way.
eastwastes|Peffin_Ambersnow|Oh, I uh... err, hello there. Umm, thank Brelll you're here, those bloody Kromrif were going to torture me! Yes, yes, and you've saved me! How can I ever repay you?
eastwastes|Tanik_Greskil|Outlander! Thank Brell you've found me! I am the last surviving member of my unit. Our mission was somehow compromised, the bloody Kromrif knew just where to find us... I can't imagine how they knew. I was barely able to escape with my life and wandered into a trap here. I am badly hurt and need your help.
eastwastes|an_ogre_mercenary|This better be good, $R! Well? Spit it OUT!
ecommons|Altunic_Jartin|Greetings, traveler! Have you need of provisions or perhaps other wares? I sell what I find upon the battlegrounds of the Commonlands.
ecommons|Bubar|Greetings, friend! I am Bubar, merchant from the burning sands. You must be thirsty or, perhaps, hungry. Please look over my goods.
ecommons|Jimble_Woodentoe|Hail! I'd love to stop and chat with ya but I'm running late to an appointment in Freeport with a fletcher interested in my superior wooden shafts.
ecommons|Pardor_the_Blessed|Oh please! You must help me! Please tell me you are sent from Edwardian, I fear for the worst from these Militia soldiers.
emeraldjungle|Scout_Vyrak|It is a pleasure to meet you, but I do not have time to speak. I am waiting on official word from Shar Vahl. If you have been sent to assist me, please show me the Official Seal of the Khati Sha at this time. If you are not such a person, please carry on with your business and leave me to tend to mine.
erudnext|Beth_Breadmaker|Hello there $N! You'll be happy to see that I am fully stocked with all my usual goods. Have a look around!
erudnext|Breya_Nostulia|Breya Nostulia stares off into the distance in meditation. Her eyes are a light blue, much like the tropical waters of the ocean between Odus and the mainland. She ignores your greeting.
erudnext|Camin|Go away! I have no time for you!
erudnext|Cipse_Tospyr|Hello, $N. I welcome you to the Temple of Divine Light. I am the resident healer. If you should ever require the power of Quellious to bind wounds, cure disease or cure poison, speak with me and I shall help you.
erudnext|Collier|Make it a habit of walking into peoples rooms now do ya? Well seeing as I'm here on business I may have a proposition for you.
erudnext|Depnar_Bulrious|Hail. $N! I am the master of the paladins among the Peacekeepers. Have you joined the harmony of the Peacekeepers or are you merely a visitor?
erudnext|Dleria_Mausrel|Hail! You appear to be a new priest. Ah, I so enjoy the presence of youth within Deepwater Temple. I am sure Prexus is smiling upon us as we speak.
erudnext|Galbasi_Weaver|$N, well met! Perhaps you would care to peruse my wares.' Galbasi smiles gently and shows you a number of cloth pieces. 'Or maybe you would care to learn of my hand-made Woven Platinum or Steelweave armors?
erudnext|Gans_Paust|Gans Paust glances at you and hurriedly makes a gesture of religious meaning before you and says, 'Yes, yes, I hereby bless you in the name of Prexus. May your catch be plentiful and your nets never snag. Are there any other fishermen seeking a blessing? I'm very busy.'
erudnext|Helia_BlueHawk|Hello there. adventurer! I am sure you are thirsty after that long boat ride from Qeynos!
erudnext|Illithi_Nollith|Shhhh... Greetings, $N. Welcome to the Library of Erudin. Please respect the other patrons and speak softly.
erudnext|Jras_Solsier|Welcome to the Temple of Divine Light. We are the Peacekeepers. followers of Quellious. If you are a paladin of this temple. you can assist us by showing a desire to protect the peace.
erudnext|Laoni_Reista|Very good to make your acquaintance. $N. If you are a new knight. then let it be known. for I am seeking young knights of Deepwater.
erudnext|Leraena_Shelyrak|Welcome, my child. I am Leraena Shelyrak, overseer of the Temple of Divine Light. Inside this temple, you may find the path to inner peace. Introduce yourself to each of the priests and priestesses of the temple as well as the paladins. Together we shall put an end to such disruptive influences as the kobold shamans.
erudnext|Lumi_Stergnon|Peace and tranquility be with you. $N. Are you a new acolyte of peace or are you here to pay homage to the child of tranquility?
erudnext|Nolusia_Finharn|Good evening. Are not the stars beautiful? Somewhere out there, I imagine there is another world and another person staring right back at me. If you have business with me, please save it for the morning in the palace.
erudnext|Phloatin_Highbrow|Ahoy there. sailor!
erudnext|Raine_Beteria|Welcome. I am Raine Beteria.
erudnext|Rarnan_Lapice|It is good to meet you. $N. To enter the Temple of Divine Light is to invite Quellious into your body and soul. Tranquility is our way and. as such. we do all we can to uphold it. Are you a cleric of Quellious. or am I mistaken?
erudnext|Reklon_Gnallen|Hail to you, friend. Seek you knowledge or atonement in this temple of peace?
erudnext|Sinnkin_Highbrow|Why, hello there fellow scholar! Don't you just love books? I am quite a bookworm myself. I could read forever! I am currently working my way through the 'T's.
erudnext|Soulbinder_Altira_Mamar|Greetings $N. When a hero of our world is slain their soul returns to the place it was last bound and the body is reincarnated. As a member of the Order of Eternity it is my duty to bind your soul to this location if that is your wish.
erudnext|Stofo_Olan|Good day, I have discovered something truly wonderful! If I only had the materials required so I can copy my notes and send them to my teacher.
erudnext|Tiam_Khonsir|Greetings, $N. Are you a follower of our order, the Deepwater Knights, servants of the Ocean Lord, Prexus?
erudnext|Ticar_Lorestring|Hail, $N - Are you interested in helping the League of Antonican Bards by delivering some mail?
erudnext|Tol_Nicelot|I have no time to waste with strangers!
erudnext|Tomekeeper_Danl|Good day, citizen. Please remember to keep your voice down in our library. Feel free to browse the extensive collection of books we have on display. Learning is all about you. Our library is the greatest collection of educational literature in the world, as you can no doubt see. If you come across any rare finds we may be interested in purchasing them.
erudnext|Vynon_Estaliun|I welcome you to the temple of the Peacekeepers. The ways of peace and tranquility are ours to uphold. May you find a place among us. We have much work to do. If you are a paladin of this temple. you must desire to face fear.
erudnext|Weligon_Steelherder|Hail, $N! This is the Deepwater Temple. Here you shall find the wisdom and courage of Prexus, the Ocean Lord. I am glad to see you have an interest. Forgive me if I cut our conversation short, but I have many Deepwater tasks to complete.
erudnext|Weltria_Ostriss|Good day. $N. I assist in maintaining an accurate collection of historical tomes here in the great library of Erudin. One of our citizens recently escaped the dungeons of the Kobold warrens and tells of a Kobold lore keeper who keeps a collection of scrolls detailing the history of their kind. Are you capable of obtaining those scrolls for our library?
erudnint|Agryn_Moonfield|Welcome to the Bank of Erudin. I am Agryn, the bank manager. How may I be of service to you?
erudnint|Akbaq_Salid|Greetings, $N. I have recently returned to Erudin since hearing word of the titan spirits that inhabit the Stonebrunt Mountains. Should you be heading in that direction there are some samples that I am interested in acquiring.
erudnint|Chief_Adair|Hail, citizen!! Have you business with me? If so, please speak quickly and be on your way.
erudnint|Josper_Kenshed|Come forward and speak. What is it you seek within these walls? Let it be the knowledge of wizardry. for that is what we are. Only a servant of wizardry should be within these walls.
erudnint|Lanken_Rjarn|Lanken Rjarn looks up irritably. 'I do not have time to speak with thee. I have a problem on my hands. Feel free to speak with any of my trainers.'
erudnint|Markus_Jaevins|I am the overseer of the great city of Erudin. You will address me in proper manner. HAIL!!
erudnint|Nolusia_Finharn|Greetings, $N! Has Lanken sent you to see me? Are you a visitor or citizen of Erudin?
erudnint|Raskena_Djor|Greetings. What brings you to Raskena? Did Ghanlin send you?
erudnint|Shondo_Billin|Oh, Brell!! Help me get out of here. I did nothing wrong!! I did not know you could not take that tonic out of the city.
erudnint|Slansin|Greetings and welcome! Please feel free to look around
erudnint|Sparlus_Penfold|You look like someone that has a nose for knowledge. You ought to buy a copy of the Odus Chronicle today and further your knowledge about current events.
erudnint|Toresian_Fhabel|Welcome. my friend! We are the Craftkeepers. We study the circle of magic called enchantment. What circle do you study?
erudnint|Trilani_Parlone|Hail, good adventurer! Do you bring word from my husband?
erudnint|Vasile_Jahnir|Greetings! You seek knowledge of our ways. You shall find knowledge and you shall offer knowledge you have been taught. What is the power of the Gatecallers?
erudnint|Warden_Lius|Hail, citizen! This is no place for you. Make sure you keep it that way. We do not need any more hollow men.
erudsxing|Abe_the_Abandoned|Abe the Abandoned turns his head slowly toward you but his eyes never come into focus. You can't tell if he's looking at you, behind you, or right in front of his own face. Then, suddenly, he shouts at the top of his lungs, 'HOOOOKAAAHEEEEYYYY! I AM ABE!
erudsxing|Dillon_the_Drowned|Hey Srafen, who is this weirdo talking to me? Or is it another one of those funny illusions Froham keeps talking about?
erudsxing|Froham_the_Forgotten|Froham the Forgotten looks up at you and mumbles a brief greeting. He appears uncomfortable around others.
erudsxing|Ooglyn|Ooooh, it you, $N. Me's been waitin for you cuz our frenz say you comin an need da test. So's I gib you da test. Hmm, now where me put it? Ooglyn been waiting for sign for so long dat me forget where me put test. Keep your eyes out for sign while me look for test. Oh, hey, $N, they gib you gem? I need dat gem, please, heheh.
erudsxing|Srafen_the_Soaked|Why hello there! Ahh, it's good to see a new face down here. So you've come to wait with us eh? That is splendid! It's been getting very boring lately.
erudsxing|Yelesom_Paust|Ahh salutations young adventurer. I'd love to chat, but I have much studying to do. Farewell.
everfrost|Arnis_McLish|My word!! I cannot believe how cold it is out here. I must keep running around just to keep warm.
everfrost|Bryndin_McMill|H-ha.. H-hai.. Hail!! It is v-v-very.. C-cold out here. You sh-sh-should light a c-c-campfire.
everfrost|Iceberg|Rrrroarrrrr...
everfrost|Karg_IceBear|Hail, traveller! I am Karg of Clan Icebear, lone hunter of the Everfrost Peaks. Have you seen any polar bears about?
everfrost|Lich_of_Miragul|Areeeeewwwww
everfrost|Megan_OReilly|Brrrr.. It.. Is sooo.. c-cold!! I never.. sh-should've j-joined.. the.. the W-wolves of the N-north!!
everfrost|Snowflake|Grrrrrr!!
everfrost|Sulgar|Greetings. I am searching for the wheel of Tarton. If you will assist me I will provide you with runes to create a powerful spell.
everfrost|Talin_ODonal|'Brrrrrr! Grr... Grreetings. It is freezing out here!
everfrost|Trankia|Hmmph.
everfrost|Tundra_Jack|Good mining to you, kid! What are you doing way out here? You're gonna catch frostbite. The name's Tundra Jack, prospector supreme. Trained by the finest miners in Kaladim!! Me 'n Iceberg have been out here for three years now, searchin' fer fortune.
fearplane|Irak_Altil|Irak Altil turns its head upon its dried, cracked spine to look at you with a rictus grin. After staring through you it continues to walk on.
feerrott|Annaelia_Wylassi|If you have nothing other than a hail to offer me you best move along, I need concentration to study these odd bones that I unearthed. Funny thing about them though, they seem to resonate a hum. Quite unusual, you probably aren't interested in that though.
feerrott|Aqaar_Aluram|Hail traveler. may I assist you with something. or are you just passing through?
feerrott|Drizda_Tunesinger|Hail. $N - Are you interested in helping the League of Antonican Bards by delivering some mail?
feerrott|Eleann_Morkul|Welcome friend. you're a great leap from any sort of civilization. What brings you to this foul place? Are you an adventurer or just a connoisseur of wretched foliage and damp clothing?
feerrott|Innkeep_Gub|Huh? Oh hi $N. Youse want to buy sumthin?
feerrott|Innkeep_Morpa|Hullo. Buy sum of my stuff.
feerrott|Klob_Pulp|Just cuz we live in da swamp don't mean youse gotta stay in da dark. Da Swamp News got all da news. And it ain't go no big wurds in it like da other news'es out dair.
feerrott|Oknoggin_Stonesmacker|Yoo leave me 'lone!
feerrott|Roror|Greeetingsssssssssss. What brings sssssuch asssss you to the heart of the Feerrott? Do you know fear?
feerrott|Scout_Ahlikal|It is a pleasure to meet you, but I do not have time to speak. I am waiting on official word from Shar Vahl. If you have been sent to assist me, please show me the Official Seal of the Khati Sha at this time. If you are not such a person, please carry on with your business and leave me to tend to mine.
feerrott|Spanner_Scrapsnatcher|You know, you can go greet yourself. Converse with yourself and then see yourself off while you're at it. I've had enough of this place. To be honest, I've just thought about it and I think that I've had quite enough of you as well. So mate, unless you're holding my bag of fame and fortune... as promised to me last week by our huge headed friend over there... I think that it would be best if you shambled off. Please feel free to take the Erudite with you.
felwithea|Arrias_Arcanum|I am sorry, young one, but I am too burdened by my own troubles to help you now. Please seek another of the faith to ease your soul.
felwithea|Bedida_Claygrinder|Hello, $N! These are exciting times indeed! Tanalin and myself have been working on some new mithril armor, using a few new techniques introduced to us by... A friend.' Bedida looks hesitant, then smiles again. 'Very exciting indeed!'
felwithea|Challice|You! Remove yourself from my presence! Do you not know to whom you speak? My husband is a very powerful noble and if you do not do as I say, he will have your head!
felwithea|Elia_the_Pure|Hail to you, friend. If you require assistance, please ask, if not I must return to my tasks.
felwithea|General_Jyleel|Stand at attention!! I am General Jyleel. of the Koada'Vie. defenders of Felwithe. Do you follow Tunare. the Mother of All. or do you still seek your enlightenment?
felwithea|Inkeeper_Freegraze|Welcome to the Traveler's Home, owned and operated by the House of Freegaze... err, I mean Freegraze, established in the year 2855. We gladly open our doors to any weary traveler. What can I do for you?
felwithea|Lieutenant_Rosaed|What are you doing up here? This area is for the Koada'Vie only! If you are not a defender of Felwithe, leave at once!!
felwithea|Lord_Nethryn|Lord Nethryn bows at the waist, his manner sincere and regal with the soft smile upon his lips. 'Greetings and good day $N, I trust that you are well?
felwithea|Merchant_Irontree|Well met, $N! I am a master craftsman of both steel and mithril plate armors. I am also the creator of the woodlanders shields, light shields perfect for those who spend much time under the canopy of the All Mothers forests.
felwithea|Opal_Leganyn|Welcome, good $N. We carry the finest in smithing supplies. Do you care to view my wares? Or have you come for instructions on how to craft a Koada Dal Falchion?
felwithea|Seria_Woodwind|Hail friend. I am Seria Woodwind of the Royal Order of the Koada'Vie, the defenders of Felwithe. I assist young Koada'Dal that are called into Tunare's service as a paladin in learning the ways of the Koada'Vie so that one day they too may bear that noble title. Do you wish to become a member of the Koada'Vie?
felwithea|Soulbinder_Elendalira|Greetings $N. When a hero of our world is slain their soul returns to the place it was last bound and the body is reincarnated. As a member of the Order of Eternity it is my duty to bind your soul to this location if that is your wish.
felwithea|Tacar_Tissleplay|Hail, $N -Are you interested in helping the League of Antonican Bards by delivering some mail?
felwithea|Tanalin_Silverkale|Well met, $N! I am Tanalin Silverkale, provider of the finest mithril ore and master craftsman of mithril chainmail!
felwithea|Terren_Starwatcher|Welcome friend! Have you come to the Temple of Tunare to give praise or are you a young Cleric seeking guidance from your elders?
felwithea|Tolkar_Parlone|Hail, good adventurer! I am afraid that my services are not available at the moment. I am too worried about my daughter.
felwithea|Tolon_Nurbyte|Didn't your mother teach you not to walk in other people's rooms without knocking?! You didn't even have the courtesy to close the door behind you!!
felwithea|Tynkale|Hail noble, $N! Can you be of service to the Clerics of Tunare or are you not from our order?
felwithea|Wela_Muselender|Wela Muselender curtseys and says, 'Welcome to our fine tavern! Our relaxing atmosphere and pleasant wines are excellent for assisting an artist or poet in finding their muse.
felwithea|Yeolarn_Bronzeleaf|Hail, $N! We of Tunare are charged with protecting the Great Mother from the forces of Innoruuk. Even now, the evil minions of this foul deity are despoiling our great forest. Will you help us protect the Mother?
felwitheb|Joren_Nobleheart|I hope you have been sent by the King. There is an urgent matter at hand.
felwitheb|Kinool_Goldsinger|Hail and welcome. I am sure you have much to do, but could I ask a favor of you?
felwitheb|Niola_Impholder|Greetings, $N. Welcome to the home of the Keepers of the Art. I am in need of spell components. Would you be willing to fetch some for me?
felwitheb|Tarker_Blazetoss|Hail and well met, $N! Have you come to study, or can you perform a task for me this day?
felwitheb|Yuin_Starchaser|Welcome to the Keepers of the Art friend $N. I am Yuin Starchaser and it is my pleasure to assist new scholars wishing to study the arts of Enchantment, Wizardry, and Magery. Although much can be learned within these halls there is no substitute for experiences gained in the world outside Felwithe. The Koada'Dal have many enemies however, and it is wise to be prepared to face them. If you are new to the Keepers of the Art I will assist you in obtaining a robe and clothing suitable for study in the wilds.
fieldofbone|Crusader_Quarg|Crusader Quarg stands at attention and salutes you. It would seem that he takes his job quite seriously. 'Do not fear, feeble soul. The Crusaders of Greenmist are on duty.
fieldofbone|Oracle_Vauris|You need to prove your dedication to our cause before I can discuss such matters with you.
fieldofbone|Pendle_Dashinger|Greetings, have you come to visit the Ruins of Kaesora?
fieldofbone|Trooper_Chikzik|The ruined city of Kaesora lies in the Field of Bone. Death walks the grounds surrounding the ruins. I have heard of many young sorcerers of the Brood of Kotiz dying within its towers, trying to uncover the location of Kaesora's legendary library.
fieldofbone|Trooper_Grouko|Veer far from the Field of Bone. Within its evil grounds lies nothing but death. Even the treasures which may lie within structures are not enough to risk one's life. Many crypt raiders have met their final fate within Kurn's Tower.
fieldofbone|Trooper_Gummin|Beware the bone field beyond the path. It is said that the bones of a thousand fallen warriors walk its grounds at night.
fieldofbone|Trooper_Harpin|Beware, citizen! This is a dangerous place for the inexperienced. Only within the walls of Cabilis are you truly safe. Should you encounter any trouble, run toward the gates. We troopers can deal with it.
fieldofbone|Trooper_Mozo|And what are you, some sort of adventurer? Bah!! You will be shaken by the first undead you come across. Wetting your pant's you shall be. Ha Ha!! I doubt you could even kill the decaying skeletons!
fieldofbone|Trooper_Taer|Hail! I suggest you stay within the walls of Cabilis. This is no place for you. The Field of Bone is far too close.
fieldofbone|Warlord_Zyzz|There is little time for talk. There are plenty of tiny invaders. Do your part and exterminate as many as you can. All of Cabilis shall look favorably upon you in the long run.
fieldofbone|a_lesser_spirit|Did you take this person's life, shaman?
firiona|#Hero_Goxnok|Hero Goxnok sighs slowly, seeing the confusion on your face. He says, 'Yes, $N, I am the traitor. What I can gain by giving up this tome outweighs any patriotic obligations I may have once had. That city is dead, it is now time for us to grasp at our own destinies. I now give you two choices, $R. You can walk away and never speak of this to anyone......or you can die. What will it be?'
firiona|#Kwinn_the_Outlander|Hail, adventurer! Kwinn's the name. Hunting is my game. I have been all over this continent. Seen many things and found odd trinkets. I have no quarrel with any race. I judge a person or critter by their actions. Heck, my best friend is a troll!!
firiona|#Realla_Segoan|Greetings, $N. I am Realla Segoan from the city of Erudin. I cannot spend time chatting with you now. I have official tasks to perform.
firiona|#Sir_Hobble|Sir Hobble holds a cracked monocle up to his squinty eye. 'I say!! A talking bear!! Squire Fuzzmin, come and take a gander at this rare find. The wonders never cease in the land of Kunark!!'
firiona|Ailerina_the_Gentle|Ailerina the Gentle blinks her eyes, as if emerging from a trance. 'Oh... my greetings, good $N. Please, do forgive my languor, but the ocean is so serene, so entrancing at times in its calm, soothing motions. I do find myself lost within it each time I am allowed to return.'
firiona|Alex_McDarnin|Hail! Do you by chance bring news from the North? I sure do miss the cold. It is just a bit too warm for me down here. Well, I wish you the best of luck in your travels. Tomorrow is a new day and I am off in search of new writings to take back to the Tribunal.
firiona|Allaria_Sneakyfeet|Well hello, $N. What brings you to me? Are you one of the sneaky folk in search of the plans for the Whistler?
firiona|Barnal_Flamehand|And a fine day to you, too, $N! What is it that brings you here? Fortune? Adventure? In either case. it will be more fun than the duty I have. I am to acquire what scrolls I can for the High Council of Erudin. And you're also in luck, as I seek the services of a mighty adventurer like yourself. Do you wish to aid me in my duty?
firiona|Bronto_Thudfoot|What's a kid like you doing in a dangerous place like this? Shouldn't you be at home having bread. cakes and milk?
firiona|Captain_Keatar|Hail! Beware of the goblin raiders roaming the plains outside of Firiona Vie. They ahve caused much trouble and continue to assault this outpost.
firiona|Captain_Nealith|Hail. adventurer!! Stand tall and fight for the forest folk and all good races of Norrath. We shall claim this land for the kingdom of Thex! My warriors shall not fail. Already we patrol deep in the wilds of Kunark. We welcome all mercenaries and urge adventurers to join the defense of the outpost.
firiona|Despondo|Despondo looks a bit troubled. 'Welcome, Welcome adventurer, I am the wizard tutor Despondo, although few need tutorage around here. It would seem that this is no place for a student of any sorts. The lands of Kunark are quite deadly.'
firiona|Dionin_Needlespin|Dionin Needlespin sets down a needle and thread and a bolt of cloth. 'Greetings, my friend! I am the tailor of this outpost. We have limited supplies. I often have to reserve my tailoring supplies to mend very large items.'
firiona|Dom_Pathfinder|Whoa!! Hold up there. adventurer! Gaze upon the fine packs and containers I have available. Such fine items could only be crafted by a Fier'Dal tailor. And lucky you!! You made it here just as I lowered my prices. How can you resist these bargains? I am taking a loss here!! Last day!! Buy now!!
firiona|Drake_Mountainstorm|Welcome, welcome! Buy some gems or sell some gems. I have flawless merchandise. I have the finest miners scouring Kunark for its precious gems. Kunark has many rare minerals. The gnomes even say some of the rocks are from high up in the sky. From an orb floating so far away we cannot see it. Bah!! Those gnomes are insane.
firiona|Frist_Furtun|Hail to thee, adventurer! I have been sent to this new land by the Clerics of Tunare in search of the new arcane magiks said to exist beyond this outpost. I myself once searched the nearby Outlands, but to go any further would lead to my certain death. Lately, the dangers have proven to be too much for adventurers and ones like myself. Have you also ventured to this land in search of these new magiks?
firiona|Gearin_Gaxx|Welcome. friend! If armor is what you seek. let the house of Gaxx provide you with the finest. Our metalwork is second to none. Every now and again we may even create rare armor for the general public to purchase.
firiona|Glinya_Sweetpie|Glinya Sweetpie is covered with flour. She reaches out to shake your hand. 'Pleased to meet you. Ooops!! Teehee!! I have gotten flour on your hand. Please forgive me. I have been quite busy baking bread for the soldiers - even that braggart, Treekill. Look around. I even have a few items shipped from the Faydwer.'
firiona|Gracie_F`Liler|It's so good to see new faces, not to mention more adventurers in this area. On some nights, the sounds that come from the nearby hills will scare even the hardiest of travelers. I volunteered in the name of the Keepers of the Art to help locate any new spell scrolls that might surface. Maybe you will have a successful journey and find some of these scrolls yourself.
firiona|Guard_Andile|Greetings! Are you a mercenary? If so, I urge you to go and speak with one of the officers of this outpost. We can always use help in suppressing the goblins and clearing out a killing zone.
firiona|Guard_Eldarn|Hail!! This is the tunnel to the borderland. We prefer that only the soldiers use it but, if you must, do so at your own risk.'
firiona|Guard_Figwynn|Halt!! This tunnel is no longer operational. The walls have given way to the pressures of the sea.
firiona|Guard_Frandan|Glad to see you made it to the outpost in one piece! Now you can test your mettle against the giants of Kunark. They sometimes carry odd items which can fetch a coin or two on the market.
firiona|Guard_Grizma|Bah!! A powerful knight such as myself confined to a post! My heart yearns for battle. I yearn to return to the tunnels beneath and face evil once again!
firiona|Guard_Ivak|Blast!! Hundreds of goblins to slay and great treasure to be had and I am stuck at my post!
firiona|Guard_Legolin|Beware of the sea wall at night. We are quite undermanned and cannot patrol every place at once. Oftentimes, a few pirates or goblins manage to scale the wall and attempt to lessen our might.
firiona|Guard_Lithomin|Halt!! This is General Veredeth's keep. It is currently under construction and is off limits to adventurers. Only those with important business may enter.
firiona|Guard_Meyana|Halt!! Enter only if you have business with the General or his aides.
firiona|Guard_Opano|Guard Opano has large scars on the right side of his face. He is missing one eye and wears no patch. 'Another adventurer? If you think you will find fame and fortune in this land, you are sadly mistaken. Only death awaits you out there in the wilds of Kunark. Just when you think you are raiding a tomb, you will find it becomes your own final resting place.'
firiona|Guard_Tobiah|Hail. I urge you not to venture too far from the outpost. We may not hear your cries for help.
firiona|Guard_Vitar|Guard Vitar waves you away. 'I have no time for conversation!! Can't you see I am on duty?!'
firiona|Guard_Winis|Guard Winis swats at the mosquitoes flying around his head. 'Greetings! The sea wall is no place for you. Head back to the mainland. You may find a party of adventurers to join up with and venture into the outlands. I hear reports of strange weapons being found. An adventurer could make quite a haul and you could help the outpost by decreasing the goblin population.'
firiona|Hiptal_Frizzleboth|Bah!! It's not been a good day! Reports from the Outlands are even worse than I was led to believe. Many would-be adventurers have turned up missing of late. One of them was one of my messenger. He was out collecting some of the various new and interesting scrolls that have been surfacing in the farthest reaches of this land. I fear for his safety and that of the others searching for the lost travelers. I wish there was more I could do.
firiona|Kaydin_Gaxx|Kaydin Gaxx smells of rust. He sets down a chain of linked rings. 'Greetings! Come looking for some protection from the beasts, eh? Wise, indeed. Kunark is a much more dangerous place than one might think. And once you enter its dense jungle territories, you may not see civilization again for months.'
firiona|Lenka_Stoutheart|Lenka Stoutheart sips on her ale. 'Look what we have here, Bronto! A would be hero!'
firiona|Lieutenant_Darakor|Greetings, adventurer, and welcome to the outpost of Firiona Vie. You should find just about everything you need in this outpost from supplies to information. But beware if you travel outside our patrol region, as the drolvargs and other minions of evil will be quick to end your adventuring days.
firiona|Luminare_Pasinia|Luminare Pasinia waves her hands as if to cast a spell. 'GREETINGS!! I am the Luminare of Firiona. By decree of his royal highness, King Thex, I am here to research spells and artifacts. I have much to do. I welcome any enchanter who offers to assist the great Luminare.'
firiona|Marlyn_McMerin|Greetings hearty adventurer. Searching for the components necessary for fine shaman spells are we? I have come to Kunark in search of rare alchemy components, but I have found the dangers of Kunark are far too great for me.
firiona|Nadia_Starfeast|Hello my dear. I am quite pleased to make your acquaintance. Perhaps even charmed!
firiona|Noilgin_Mindtune|Hello there, $N! I hope you are enjoying your visit to the outpost. I know I sure am.
firiona|Quegmor_O`Cranic|Greetings traveler! There are many strange beasts that inhabit these lands with behavioral patterns different than those of the antonican beasts I have trained with. I hope to one day have mastered these foreign beasts so that my wisdom and spirit may be expanded.
firiona|Quizan_Gaxx|Quizan Gaxx brandishes his fist at you. 'You'll get this if you even think of attempting to use our forge!! Find your own! Go off looking in the dungeons of Kunark. Maybe you will even find a magical forge. Bah!! You adventurers think you can have free run of everything!'
firiona|Samitha_Lightheart|And a good day to you, too! I have traveled here in the name of the Jaggedpine Treefolk to search out any new and wonderful powers that would aid us in preserving the wildlife back home. I have not been able to venture far from this outpost as the inhabitants of the nearby woods pose a great danger. I have decided to wait for more of my Treefolk to arrive before adventuring further. There's safety in numbers, they always say.
firiona|Samson|Samson begins to stroke the nearby brew barrel. 'What will it be? Me and Old Gertie here make the finest brew this side of the Timorous Deep. Afraid I am the only one who is allowed to touch her - she's very special to me. If you want to brew yourself, you can start looking for that jungle city.'
firiona|Scout_Bladethorn|Greetings! Keep an eye out for invaders. We may patrol the outpost, but every now and then a goblin or two manages to sneak in.
firiona|Scout_Bowfist|Halt!! This tunnel is used primarily for the forces of the Union of Vie. Citizens and adventurers are to use the main entrance.
firiona|Scout_Tallstump|Scout Tallstump has a massive scar on his face. 'Hail, and welcome to the outpost of Firiona Vie! If you plan on exploring, I suggest you get well equipped. There are no cities beyond here. I would also suggest joining the next group heading out on an expedition. This is no place to travel alone.
firiona|Scout_Treekill|Scout Treekill has a helm tied to his belt. He is chewing something. He spits some shells out and they land on your chest. 'Sorry about that. Hehe.
firiona|Shrub_Marwood|Shrub Marwood brushes pollen off of his tunic. 'Aachoo!! Oh!! Hello. Please look around. Unless you are a druid looking for work.'
firiona|Soulbinder_Tardon|Greetings $N. When a hero of our world is slain their soul returns to the place it was last bound and the body is reincarnated. As a member of the Order of Eternity it is my duty to bind your soul to this location if that is your wish.
firiona|Squire_Fuzzmin|Yawn.. Oh!! Hello. Don't mind the rusty old tin can. Sir Hobble is on a quest of sorts. I tell you, I would leave if he did not pay good wages to carry his equipment.
firiona|Tiblner_Milnik|Huh? What? Oh, you speak so fast, it took me a moment. I have become used to the slow and stately conversation the Earth holds, where a thought can span aeons. I am the Master of Earth, you know. Though I'm usually too humble to say this, that makes me the most powerful mortal in Norrath, as everyone knows that Earth is the only REAL Element, all else must give way before its power. Water is absorbed by it, Air is ignored by it, and Fire is contained in it. But you know all these things, I am sure. Are you interested in obtaining the Element of Earth? I know Magi'kot was, but we know what happened to him, don't we?
firiona|Tracker_Azeal|Tracker Azeal looks over at you and gives you an awkward smile, then quickly looks away. You notice he isn't like most of the elves you've seen. You can't quite put your finger on it, but for one thing he smells like he hasn't bathed in weeks.
firiona|Wella_Fargin|Next!! Oh, is that you? Well, go ahead and make your transaction. Ho.. Humm. A beautiful woman such as myself should not have to work alongside her bookish brother day and night. I long to return to Felwithe and its majesty. Only marriage would release me from this lowly servitude.
firiona|Wellford_Fargin|Wellford Fargin turns his frown around and begins to smile. 'Oh!! Hello. It has been quite some time that someone has been polite and greeted me. Most adventurers are quite rude. To think I gave up my hobby to work day and night here!!
firiona|a_drachnid_spy|You shall not take the tome from me!! I shall snack upon your blood-drained corpse.
freporte|Beur_Tenlah|Heya, $N! I've been on watch duty all night. Kinda makes a man thirsty, ya know? Why don't you be a good little scamp and run up to the bar and get me a dwarven ale? That sure would hit the spot right about now.
freporte|Biggle_Limbokker|Good day to you, $N! Learn to mind your own business in this place. If a fight breaks out, do not get in the way.
freporte|Branis_Noolright|Good day to you! Sit and have a drink. I shall be playing soon enough.
freporte|Bronto_Thudfoot|How ya doin', bub? Seein' as how you just joined the conversation, I think you need to buy us a round!
freporte|Brunar_Rankin|How are you? Please excuse my stench. I fish all day and night just to feed my large family. You look like an adventurer. That must be exciting. I am but a humble fisherman. Maybe someday we shall both be rich. You by your treasure and me by my catch.
freporte|Brutol_Rhaksen|Oh, hello down there, puny one. I'm Brutol Rhaksen. Commmander of warriors who serve the Dismal Rage, and that's really all you need to know..for now.
freporte|Elisi_Nasin|Listen, this is a pretty busy operation I run here. I certainly don't have any spare time to sit around and chit-chat with you all day, got it?
freporte|Fabian|Greetings, merry gentlefolk! If you enjoy the music, please feel free to cross my palm with gold.
freporte|Giz_Dinree|Excuse me! I came here in hopes of being alone!
freporte|Gord_Smith|Welcome to Gord's Smithy!! What brings you to our shop this good day? Is it our lavish assortment of weapons? Or perhaps it is to learn the art of the seafarers' buckler and seafarers' weapons?
freporte|Gregor_Nasin|Sit down and name your poison! I know we are lacking in originality. but I intend to create some exotic drinks.
freporte|Gren_Frikniller|Aya, howdy there, $N. The name's Gren Frikniller. 'Niller the Killer' The only person who can give me a run for my money is my sister.
freporte|Grendig|Hello there! If ya don't mind I'd like to get some rest in my room here. I just arrived from Kaladim and need some rest to recover from the journey. Dwarves were'nt meant to sail the ocean ya know. It's a good thing we've got strong stomachs though or I'd be a few pounds lighter!
freporte|Groflah_Steadirt|Greetings, $N! Join in the celebration! Have a few drinks. Alas, there are no Tumpy Tonics.
freporte|Gunex_Eklar|Begone lest you seek instruction, I am very busy. I teach those who follow the path of rage as a Shadowknight, the leaders of the Dismal Rage.
freporte|Harkin_Duskfoot|HA! Greetings there, $N! How are ya this fine day? Me? I'm doing all right. Guard duty down here always reminds me of home.
freporte|Heneva_Jexsped|Yes, yes, yes. Hail to you, too, $N. Now, quit bugging me!
freporte|Ikthar_Fireheart|You look like the type who needs a suit of sturdy plate mail! I've got plenty of steel plate in stock but if you're looking for field plate we've been out of the necessary ores for quite some time.
freporte|Imxil_Tbrow|I have no desire to speak with anyone. That includes you!
freporte|Innkeep_Paggie|Hello there $N! You'll be happy to see that I am fully stocked with all my usual goods. Have a look around.
freporte|Innkeep_Rastle|Hail $N. Business is going well these days. I have a full stock of baked goods and other items for sale. Have a look around!
freporte|Jenna_Smith|$N! Well met! Come away from Sir Ranlon's forge one moment so that we may talk.' Issilyn steps away from the forge with a smile. 'We live in interesting times! Have you heard of Sir Ranlon's armor?
freporte|Jerra_Renlock|Yes? What is it you want from me? I have nothing that you would be interested in. Not even money to pay the ridiculous taxes imposed by the Freeport Militia.
freporte|Jheron_Felkis|Ah, greetings, traveler! Settled into one of these rooms, have you? Well, this room is mine, so get out! Hey, wait! You aren't here to deliver a shipment of books to me, are you?
freporte|Jyle_Windshot|Greetings, friend!! Nice to meet you. I see you enjoy barging into other people's rooms. No problem. I enjoy the company. What are you looking for?
freporte|Kargek_Redblade|Kargek Redblade looks up from his forge and says, 'Hello there, can I help you?' Your eyes are drawn to an extremely large red sword scabbard strapped to his back with no sword in it. Kargek speaks again, 'I said, can I help you or do you need help from Wenden?'
freporte|Konious_Eranon|Greetings! I am the mighty Konious Eranon, Master Enchanter, devoted follower of Innoruuk, and loyal assistant to the all-powerful Nexvok.
freporte|Lenka_Stoutheart|Hi, kid! You seem to be a stranger in these parts. Heed my words, this city is dangerous to new blood!
freporte|Lozani|Greetings, friend!! I am Lozani, Scribe Supreme of the Eldritch Collective. I have been sent forth from the great Library of Mechanimagica in the city of Ak'Anon, to study the arcane knowledge of man and beast alike. I have studied many languages and spells, from Crushbone to Kerra Ridge. I have found most languages hard to decipher. As of this date, I have learned to read only the script of the orc oracles. Oh well, I am on a five decade mission. Better luck next language.
freporte|Lunce_Nasin|Hello! Looking for a room? We have a few still empty.
freporte|Lyda_Nasin|I am afraid the upstairs bar is closed at night. Isn't the port of Freeport the grandest place to visit? I just love watching the ships pull into port. I wish someone would tell me when the ship is docking.
freporte|Marv_Orilis|Yes? I am a very busy man. I assist new necromancers, wizards, magicians, and enchanters that have joined the Dismal Rage. Are you a sorcerer that has recently joined us?
freporte|Nesin_Tapper|I am not here for you to make fancy with!! Just order something!
freporte|Nestral_TGaza|Hey, hello there, $N. It's been so busy around here lately! Barely time to eat and sleep, let alone have any fun. Oh well, it keeps me employed. But, I really could use someone to help me out around here.
freporte|Netuk_Phenzon|Welcome $N. Let us fill your heart with hate. May you carry that hate unto your fellow citizens. Innoruuk has need of your services. We have A mission for you.
freporte|Nexvok_Thirod|I am Nexvok, master wizard of the Dismal Rage. My associates Heneva and Konious and I provide our services to master Zarn on a regular basis. People of our talent are in high demand. and Pietro pays well, so we are, of course, very loyal.
freporte|Olunea_Miltin|Hello. It is good to meet you. Try not to scare the fish away. This is a good spot I supply fish to the Grub N' Grog. The patrons there love me!
freporte|Opal_Darkbriar|Greetings! You will have to excuse me. I have no time to talk right now and I prefer to be left alone. Please leave.
freporte|Palana_Willin|Nice to meet you, $N. I hope you stay to hear my fine compositions.
freporte|Palatos_Kynarn|What do you want? Can't you see that I wish to be alone?! I have no need nor desire to speak with anyone. I have a minor dilemma to ponder and the only person I wish to speak with is the captain.
freporte|Pietro_Zarn|Who are you that you dare to speak with the great Pietro Zarn!! I see nothing more than a whelp in front of me. Innoruuk himself speaks with me. And now you expect me to waste words on you, a common. Begone $N . You have nothing to peak my interest, only my rage.
freporte|Plnorrick_Spinecracker|What do you want? I don't have any spare change.
freporte|Quan_Nektogo|Sorry friend. I have nothing to sell at the moment. These taxes imposed by the Freeport Militia and the Coalition of Tradefolk take a heavy toll on us poor folk.
freporte|Raltur_Caliskon|May the rage of Innoruuk flow through your veins. Welcome $N. Soon the Dismal Rage shall run rampant in the streets of Freeport. Our numbers grow. Like you, so many feel the rage within. It is now time to serve Innoruuk .
freporte|Rolfic_Gohar|I am but a poor peddler of trinkets living amongst the rats and beggars of these slums. Perhaps you will purchase some of my wares and help a struggling merchant?
freporte|Saxarivza_Zexus|Salutations, $N! I am here as a favor to my brother, High Priest Perrir. We seek loyal followers of Innoruuk to earn their place among the hierarchy of the Spires. Are you devoted to Innoruuk?
freporte|Sir_Edwin_Motte|Greetings, $N! How lucky you are to encounter the greatness of the legendary Sir Edwin Motte, slayer of cyclopes, battler of beasts, crusher of creatures, masher of monsters, eradicator of evil and champion of the third annual dart championship of Freeport.
freporte|Soulbinder_Grunson|Greetings $N. When a hero of our world is slain their soul returns to the place it was last bound and the body is reincarnated. As a member of the Order of Eternity it is my duty to bind your soul to this location if that is your wish.
freporte|Talym_Shoontar|How are you, friend? It is a good day to be alive in Antonica! If you should happen to visit Surefall Glade, say hello to Hager Sureshot for me.
freporte|Tlin_Bowfright|Nice to meet you! Sit down! Have some food and grog. Just learn not to annoy anyone in here. This place attracts a pretty rough crowd at times. It is not uncommon to have a brawl break out
freporte|Tohsan_Hallard|Greetings and welcome to Hallard's! You will find many aged weapons begging you to shine them up and make them great once more. We will gladly pay you top dollar for any rusty weapons you may have found littering the Commonlands. I have a special offer for those who have obtained orc pawn picks.
freporte|Tovan_Tenlah|I suppose you're one of Nestrals new employees, eh? Well if that's the case I can help get you outfitted with some gear necessary for people in this line of work.
freporte|Trolon_Lightleer|Greetings!! I am Trolon Lightleer. Harmonizer of the soul. Please sit and order an ale. I shall be playing soon.
freporte|Tykar_Renlin|Do you have any spare coppers for a thirsty soul?
freporte|Venox_Tarkog|Welcome to the shrine of the Dismal Rage. May Innoruuk guide your every move in life. Here, we will teach you to release your rage unto the world. My priests are at your disposal.
freporte|Verona_Rankin|If you're a new employee of the Coalition of Tradefolk I suggest you speak with Tovan Tenlah. Now if you will excuse me I have much work to do.
freporte|Vesagar_Nekio|Welcome into our church of rage. I am Vesagar Nekio, servant of Innoruuk. If you should need me to cure poison, cure disease, or if you require healing, just let me know.
freporte|Wenden_Blackhammer|What do you need? Be specific. I'm busy right now!
freporte|Xelha_Nevagon|A new recruit to our cause. Just what I have been waiting for! How would you like to serve the great Xelha Nevagon? I need an apprentice necromancer to assist the great Xelha.
freporte|Zenita_DRin|Greetings. I would love to chat with you, but I just realized something.. I do not waste time with whelps.
freporte|Zhem_Xecia|What is it maggot? I have only time for new clerics who have chosen to serve the Dismal Rage. If you are looking for meaningless banter, than I suggest you find a bar wench.
freportn|Arem_Ulosia|Praise be to Marr, my friend! Welcome to the temple. If you are not a member of the congregation, please speak with our priests. I am sure they can give you guidance.
freportn|Bondl_Felligan|Bondl Felligan burps loudly in your face and says, 'Bah! Leave me be, fool! You have nothin' I want and I certainly have nothin' you want.
freportn|Celsar_Vestagon|May the Truthbringer guide your path. I am Celsar Vestagon, upholder of the faith and cleric of Mithaniel Marr. Did you come to see the minnows of marr?
freportn|Edwardian_Holyblade|Greetings and well met $N. I am Edwardian Holyblade, noble paladin of Marr. I have devoted my life and my blade to the glory of Mithaniel Marr. I am also in charge of training all new paladins of Marr to make sure that they have the best training necessary. If you are a paladin of Marr I may have some training for you.
freportn|Eestyana_Naestra|Welcome to the Hall of Truth! May the will of Mithaniel Marr guide you through life. We are glad to see that you have an interest in our ways. Please speak with any of my priests or knights and they shall help you find your faith.
freportn|Falia_Frikniller|Aye, hello there, friend! How are ye on this fine day? A beautiful day to be alive, I must say! Anyway, I just got into Freeport last month. Wow, is this city big! Way bigger than humble little Rivervale. That's where I'm from. I'm working on setting up my own little business here, Falia's Foot Combs and Footwear, it'll be called. But, I don't have anything to sell yet, so check back in a couple of weeks. Safe travels to ye, friend.
freportn|Felisity_Starbright|Hail, $N - If you are interested in helping the League of Antonican Bards by delivering some mail you should talk to Ton Twostring.
freportn|Ghonic_Erharn|May the passion of Erollisi Marr grow strong within your soul. We here in this Temple of Marr serve those who serve the wills of Mithaniel and Erollisi Marr. If you require healing or curing, just let us know.
freportn|Groflah_Steadirt|Greetings, adventurer! Certainly a person who looks as hardened as yourself deserves a fine blade to match your prowess. Here at Groflah's Forge, we supply you with only the finest quality weapons.
freportn|Guard_Willia|Please, let me go. I shall leave the Freeport Militia. I did not know they were such a vile group.
freportn|Gygus_Remnara|The Temple of Marr welcomes you. I am Gygus Remnara. High Sentinel for the Sentries of Passion. We are the order of paladins within the Priests of Marr and whose charge it is to protect the holy Temple of Marr.
freportn|Jemoz_Lerkarson|Bless you. my friend! We always welcome new converts into our Hall of Truth. The righteous army of the twin deities must assemble. The battle draws near. The blessings of the Truthbringer are passed to all who are devoted to truth.
freportn|Kalatrina_Plossen|Hail! Welcome to the Hall of Truth. We, the Knights of Truth, are all the hope this city has of loosening the grip of Lucan D'lere and his militia. I seek a young knight to serve the will of the Truthbringer.
freportn|Lanis_Herion|Greetings, $N! I hope you are following the teachings of the Queen of Passion, Erollisi Marr. The ways of love are many and shall warm the souls of all.
freportn|Merko_Quetalis|Hail, good citizen! You have entered the Hall of Truth. What is it you seek? Many citizens come to request aid in dealing with the local rogues or the oppression of our sworn enemies, the Freeport Militia. A few valiant ones have been summoned to the Hall of Truth.
freportn|Onytir_Seavin|Hail, $N. Do you like riddles?
freportn|Palious_Jarten|It is good to see you, $N!! Do not forget that the clerics of Mithaniel Marr are here to help those who pay tribute to Him. Should you require me to cure disease, just mention it.
freportn|Plur_Etinu|Your soul is welcome in our temple. The Queen of Love, Erollisi Marr, desires more to join our ranks. This city of Freeport must not stay under the control of the Freeport Militia. I am here to cure poison and cure disease, or if any need healing.
freportn|Rashinda_Elore|Hello. I am Rashinda Elore. The city Landholder Manager. If you have business to discuss. please direct it to my two clerks downstairs. Good day.
freportn|Salinsa_Delfdosan|Pleasure to meet you $N. I am Lady Salinsa Deifdosan of House Marr. I have spent many hours on the battlefield in service of our glorious god however these days I spend my time training new recruits.
freportn|Sentry_Andlin|Greetings! I would love to converse with you, but as you cansee, I am standing my watch.
freportn|Sentry_Boris|Please seek guidance from the clerics within this temple. I am but a Sentry of Passion and my duty is to protect this temple.
freportn|Sentry_Gallius|I welcome you to the Temple of Marr. home to clerics of the deities Erollisi and Mithaniel Marr. Please seek guidance from the clerics.
freportn|Sentry_Janeal|Welcome. friend! Please seek the words of the clerics of Marr. Their words are the words which will set us free from the tyranny of the Freeport Militia.
freportn|Sentry_Meighan|Please speak no further. I am nothing more than a defender of this temple. The words of Marr lie with the masters and clerics of this temple. They await you.
freportn|Sentry_Theo|Please speak with the masters. I am on watch and have no time to converse.
freportn|Sentry_Warren|May the words of Marr be passed on to you. Please seek knowledge from the masters of this temple.
freportn|Serna_Tasknon|It is a good thing to see new faces visiting our temple. We are the source of strength within this city. Do not be fooled by the Freeport Militia. They are not warriors of valor. Join the fight against the Freeport Militia.
freportn|Sten_Harnak|Greetings to you $N. I am Sten Harnak Virtuoso of Freeport. I have lived in Freeport and studied the art of songweaving here for all of my days. I am always eager to see new faces here in our concert hall. If you are here for a performance I am afraid it does not start till a bit later but if you are a young bard in training then I might have some work for you.
freportn|Svinal_Wyspin|Welcome, welcome, welcome! This is the Emporium. If we don't have it, we can get it!!
freportn|Theron_Rolius|Greetings, $N! To enter these grounds is to proclaim your faith in the Truthbringer. In this city you shall find no greater allies than the Knights of Truth. We urge all knights and clerics who oppose the hand of the Freeport Militia to join the crusade.
freportn|Tholius_Quey|Welcome $N! This is the Temple of Marr and you must be another seeker of passion and valor. That is good. Become one with us and help us to defeat the fallen knight. It is he who has caused the demise of this city.
freportn|Ton_Twostring|Hail. $N - Are you interested in helping the League of Antonican Bards by delivering some mail?
freportn|Valeron_Dushire|I am Sir Valeron Dushire, leader of the order of the Knights of Truth. If your soul shines with purity and strength, I urge you to join our order. The might of Mithaniel Marr stands behind all who join. Soon that might will help us free this city from the tyranny of the Freeport Militia.
freportn|a_greater_spirit|Greetings, shaman. Tell me, do you follow Justice, War, Honor, Fear, or Hate?
freportn|a_greater_spirit_|It is good to see you. We're glad you trusted in our brother and did what was asked regardless of Bondl's intentions. Thi sfill us with joy, as the true spirits work in ways most people would not understand and trust is the first lesson of the Heyokah.
freportw|Arinna_Trueblade|Well met, $N. I am Arianna Trueblade, Warlord of the Steel Warriors. I am personally in charge of all the training that our young warriors receive. I take pride in knowing that my teaching can help make the foundation of a Freeport Champion. If you are a warrior then we might just have something to talk about.
freportw|Armorer_Dellin|Hail!! If you be a new reserve member then show me your Militia Armory Token. If you are not yet initiated then I suggest you head to the Toll Gate in the Commonlands and speak with Guard Valon.
freportw|Boomba_the_Big|Hullo! Me is Boomba. Me make da bestest pickles in da Norrath. Me gots da dwarfies, da halflings, da humies - me even gots da pixie pickles! Of course, all of dem were baddies from da dunjuns. Da guards say it gud ta pickle da baddies.
freportw|Cain_Darkmoore|Hail, $N! We are the Steel Warriors of Freeport. Our training disciplines have created some of the finest warriors ever to walk upon Norrath. Perhaps the bards shall sing songs of you one day. Let your first mission be the extermination of Clan Deathfist.
freportw|Captain_Hazran|Hail, citizen! Welcome to the Freeport Militia House. It is time for you to serve the state. You will assist us in our war with Clan Deathfist before you are truly accepted into our city. We urge you to be all we command you to be.
freportw|Dooly_Jonkers|Greetings, $N! Welcome to the Academy of Arcane Science. Nowhere on Norrath can you find a greater learning center.
freportw|Guard_Alayle|Greetings, citizen! You should not be in the Militia House. These are restricted grounds. Please leave at once unless you have business here.
freportw|Hemia_Skemner|How are you? Welcome to the Academy of Arcane Science. Please feel free to roam. May knowledge be your goal. Be you a fellow scientist or visitor, I am sure you will find whatever you seek.
freportw|Hyrill_Pon|What do you want? Leave me be! Can't a man drown his sorrows in peace!?
freportw|Janam_Rekish|Ah. hello there. friend! Me an' Rebby here. we're a just couple o' regular merchants. Though we've got nothin' to sell right now. we'd gladly take any donations. Them's the breaks. I suppose.
freportw|Jyle_Windshot|Hello. Might I ask what you are looking for?
freportw|Klom_Jysun|Pleasure to meet you $N. I am Klom Jysun, Grandmaster of the Ashen Order. I have lived in the great city of Freeport for quite sometime now and have watched the city evolve and change. Nowadays though I am in charge of training new members of the Ashen Fist. If you are a young monk and are in need of some armor I might have some work for you. Are you a monk?
freportw|Krazen_Loosh|The towering wall of stone is clearly unmovable at this point, being held in place by collection of magical energies.
freportw|Lady_Shae|Hello. It is always good to meet someone new. I am Lady Shae of the House of Dumas. And what house are you from?
freportw|Larn_Brugal|Good day to you $N I hope you yearn to become a Steel Warrior as we all are here in the Bunker. We are in need of more recruits to continue the war.
freportw|Linadian|Greetings! Please look through my fine wares. I have spent most of my life practicing my skills in tailoring. I do my best to compete with the other local merchants, but I have yet to make a profit. I pray to Tunare that my banded orc vests will finally bring me a few extra coins.
freportw|Monia_Oakstone|Pay mind to the authorities of Freeport. Vile they may be, but powerful and many they are.
freportw|Nusk_Treton|Freeport!! Great trade city of Norrath!! What a wondrous place! How do you do? You are an arcane scientist. are you not?
freportw|Palon_Deskeb|Pleased to meet you. $N. Have you seen how clear the water is underneath the Academy? All sorts of life could flourish there. What a shame there are no Marr Minnows there.
freportw|Pandos_Flintside|Greetings! Please move along. I am not paid to converse with strangers... unless of course you have a muffin or two..?
freportw|Pincia_Brownloe|Welcome to Brownloe Bakery. Please try our muffins. One taste and you will yearn for no other. Nothing compares to a Brownloe Muffin!
freportw|Ping_Fuzzlecutter|Step right up! The name's Ping Fuzzlecutter, groomer to the royal crowns of Norrath and alchemist of fine hair care products. It was I who took the grey out of Felwithe, who added curls to Kaladim and tamed the tangles of Moggok of Oggok. Step right up and find yourself a new look! Hey, is that a bald spot?!
freportw|Plagus_Ladeson|Greetings $N, and welcome to the Bunker. Are you a new warrior or veteran?
freportw|Puab_Closk|Greetings. I am Puab Closk, Master of the Ashen Order. Our home is your home, friend. Feel free to stay as long as you like. Learn our ways as many have done in the past. To fight like the tiger and strike like the cobra are your goals.
freportw|Raenna_Griff|Hail $N. If it is refuge you seek from the evil that is corrupting this city then I suggest you flee to Qeynos or take up arms along side the Sentries of Passion and the Knights of Truth. You must have faith that the Marr twins will not let this city fall to the hate of the Dismal Rage.
freportw|Rebby_Willend|Hey friend, nice wallet ya got there. Bet it's fulla money, huh? Why don't ya let me take a quick look, huh?
freportw|Reyia_Beslin|Greetings. $N. I am Reyia Beslin of the Ashen Order. I help to train our members and I am in charge of handing out the orange and red Sashes of Order. Would you like to know how you can get an orange sash? Or maybe you think you are ready to earn the red sash?
freportw|Shana_Liskia|Hail and well met $N. I am Shana Liskia, Enchantress of Freeport. I have studied my art for years here in our wonderful academy. I am also delighted to meet and teach those that come here to gain knowledge. My specialty however lies in Beguiling so I like to train young newcomers to our academy. Are you studying the ways of a Magician an Enchanter or a Wizard??
freportw|Shintl_Lowbrew|Hail. mighty one! What are you doing in the city? You should be out slaying beasts. There is nothing to find here in the city.
freportw|Sir_Lucan_D`Lere|Hail, citizen! I am very busy, I do not have time to speak with you. If you have any complaints, please direct them to City Hall. Unless, of course, you have some personal business in which I might be interested.
freportw|Swin_Blackeye|Greetings, friend! Welcome to the Hog Caller's Inn! Don't let the name fool you. We are the finest establishment in Freeport. Please feel free to relax in our lounge. There is usually music to soothe your blues away.
freportw|Tara_Neklene|It is always a pleasure to meet a new face. We have many who travel far and wide to visit our great academy. Many who brave the long trip by boat. Many who dare to cross the territory of the Deathfist orcs.
freportw|Tarsa_Yovar|Keep your voice down friend. The Dismal Rage and their fool pawns the Freeport Militia have eyes and ears in every corner of the city. It is not safe for you to be among us unless you too have been placed on the Militias most wanted list.
freportw|Toala_Nehron|I am Toala Nehron. You must be another young warrior aspiring to join the ranks of the Steel Warriors. We welcome all who would try. When you have time there is a friend of mine I would like you to check on.
freportw|Toxdil|Correct. Toxdil is my name. No last name. I swear allegiance to no house nor guild. What brings you down here? Perhaps you seek my deadly liquid, perhaps not. Whatever your reasons, I warn you to keep an eye out for the militia. They have begun to patrol the sewers.
freportw|Ulia_Yovar|Greetings $N. If you have love and kindness in your heart then seek refuge at the Temple of Marr and the Hall of Honor in North Freeport. There is a growing evil spreading through the city. May Erollisi save us and cleanse this city of the hatred and corruption spread by the vile Dismal Rage.
freportw|Velan_Torresk|Greetings. $N! I am Velan Torresk of the Ashen Order. I am in charge of training the newest members of our clan. and helping them advance their skills and rank. When members perform certain tasks on behalf of the Order. they advance to a higher rank in our clan. and are awarded a special sash.
freportw|Yovik_Splegle|Greetings $N. Beware the corruption that has infected Freeport. Even the tower of the Arcane Scientists is not safe from the slimy hands of the Dismal Rage. I fear Opal Darkbriar is not what she seems and is darkening the minds of her apprentices.
freportw|a_prisoner|Aaaarghhh!!.. Buggl n gump.. Figgle and fump..
frontiermtns|Mentrax_Mountainbone|What be it you want! Go away before I eat you for dinner!
frozenshadow|lucid_spirit_of_Abrams|Where am I? Oh god no, please let this be a simple nightmare. Please don't hold my withering soul here any longer! Who are you? Why have you freed me? Please tell me it is over!
gfaydark|Aliafya_Mistrunner|Pleased to meet you, $N. I am Aliafya Mistrunner Preserver of Nature and loyal servant of Tunare. I have resided in this guild house for many of my years. I pride myself on being a mentor to many young druids of Tunare that come up through our ranks. If you are a druid of Tunare then I might have some work for you.
gfaydark|Bidl_Frugrin|Greeting. Do not you find the wine of Kelethin as sweet as their women?
gfaydark|Bilrio_Surecut|Greetings, friend. If fine weapons are what you seek then you shall find them here in my shop. I have traveled far and wide for the finest weapons. Still, there are a few unusual weapons which have eluded me.
gfaydark|Captain_Silverwind|Greetings. $N. I protect these lands in the name of the Royal Order of Koada'Vie. defenders of Felwithe.
gfaydark|Devin_Ashwood|Good day to you. $N! I am Devin Ashwood. Pleased to make your acquaintance.
gfaydark|Dill_Fireshine|Welcome to the treetops and the home of Faydark's Champions. We are the skilled rangers of the Faydarks. You are safe in Kelethin. but watch yourself upon the forest floor. I hear the blue meanies have been on the rise.
gfaydark|Expin|How are you, my friend? You must be a new scout of Kelethin. I would hope so. We dearly need more recruits. Most of the Fier'Dal choose the path of the ranger.
gfaydark|Gallin_Woodwind|Greetings. friend! I am Gallin Woodwind of the Emerald Warriors. It is my charge to send forth Fier'Dal to hunt for meat. Kelethin's citizens must be nourished and this requires meat. Such is the circle of life.
gfaydark|Geeda|Are not the woods of the Faydarks a lovely sight? Tunare has truly blessed us. It is unfortunate that the orcs of Crushbone Citadel have chosen to invade our lands.
gfaydark|Heartwood_Master|Greetings, child of Tunare. As druids of the Mother of all, we may only use blunt weapons and the scimitar, all other blades are forbidden. Prove your devotion by bringing me a rusty short sword, a rusty long sword, a rusty broad sword, and a rusty bastard sword. I will destroy them and reward your faith.
gfaydark|Idia|Hail. $N - Are you interested in helping the League of Antonican Bards by delivering some mail?
gfaydark|Innkeep_Anisyla|Welcome! Why don't you browse through my selection of fine goods and pick out some things you like $N?
gfaydark|Innkeep_Larya|Welcome! Why don't you browse through my selection of fine goods and pick out some things you like $N?
gfaydark|Innkeep_Linen|Welcome! Why don't you browse through my selection of fine goods and pick out some things you like $N?
gfaydark|Innkeep_Wuleran|Welcome! Why don't you browse through my selection of fine goods and pick out some things you like $N?
gfaydark|Jakum_Webdancer|Hail. $N - If you are interested in helping the League of Antonican Bards by delivering some mail then you should talk to Idia.
gfaydark|Josylyn_Greenblade|Greetings $N. It is my duty to teach young Fier`Dal the arts of defense and fighting so that they may become skilled members of the Emerald Warriors. There are many threats facing our forests and our home Kelethin, thus we warriors must be prepared both physically and mentally to defend our people. It is wise for all young Emerald Warriors to acquire a suit of armor to protect them from the weapons of our enemies.
gfaydark|Laren|Welcome, my friend! What is it you seek from Laren and the Scouts of Tunare?
gfaydark|Lieutenant_Leafstalker|Hail!! Respect all laws in Kelethin and her territory and you shall live a fruitful life.
gfaydark|Lily_Ashwood|Hello there, $N. You wouldn't by chance happen to be a ranger, would you?'
gfaydark|Linadian|Greetings! Please look through my fine wares. I have spent most of my life practicing my skills in tailoring. I do my best to compete with the other local merchants, but I have yet to make a profit. I pray to Tunare that my banded orc vests will finally bring me a few extra coins.
gfaydark|Maesyn_Trueshot|Welcome to Kelethin, $N! I am Maesyn Trueshot, commander of Faydark's Champions. We are the finest marksmen in all of Norrath. With our trusty Trueshot longbows we can miss no target regardless of the distance or the conditions.
gfaydark|Ran_Sunfire|Hail. $N! I trust you are not afraid of heights. Kelethin is a grand city. but it is also a safe haven from predators and evil beings. About the only thing to fear are the pixie tricksters.
gfaydark|Regren|Welcome, warrior! Show the Emerald Warriors your mettle and bring me a ruined wolf pelt, some bat fur, some bone chips, and a spiderling eye from the depths of Greater Faydark. If you succeed, my admiration and a reward will be yours. To battle!
gfaydark|Salani_Tunfar|Can't an elven woman get a drink without some adventurer hitting on her? Really!
gfaydark|Samatansyn_Flamecaller|It is a pleasure to meet you $N, I am Samatansyn Flamecaller, Warder of Tunare and Guildmaster of Faydarks Champions. I have studied here for many of my years until recently when I took up teaching. I have many pupils that undergo my vigorous training exercises.
gfaydark|Sarialiyn_Tranquilsong|Pleased to meet you $N. I am Sarialiyn Tranquilsong. Virtuoso of the Songweavers Kelethin division. I have spent all of my years here in Kelethin training our new recruits to ensure that all are ready to defend themselves once their adventures take them away from the Faydark and beyond. If you are a young bard of Kelethin then I might have some exercises for you to complete.
gfaydark|Sindl_Talonstrike|Greetings. Is not Kelethin the most glorious city you have seen? A part of the forest itself. it is. The forest is our life force. It shelters us and we feed from its vegetation. The Soldiers of Tunare have harvesters upon the grounds at all times. We have our hunters.
gfaydark|Soulbinder_Oakstout|Greetings $N. When a hero of our world is slain their soul returns to the place it was last bound and the body is reincarnated. As a member of the Order of Eternity it is my duty to bind your soul to this location if that is your wish.
gfaydark|Sylia_Windlehands|Salutations! The Song Weavers are always glad to add a new voice to the choir. In addition to your voice. will you also fetch spiderling silk? We need some to replace our worn lute strings. Carry out this task in high tempo and we will show our gratitude.
gfaydark|Tilania_Shadowwalker|Greetings to you $N. I welcome you to the Scouts of Tunare training halls. I have seen many scouts pass through my halls with unimaginable abilities and daggers guided by Tunare herself. I cannot say for certain what the future has in store for you. But I can say that wherever your adventures may take you it is always wise to have the proper training.
gfaydark|Tylfon|So, you think you have what it takes to be a Scout of Tunare? Come back with two gold and two rusty daggers and I'll make it worth your while.
gfaydark|a_drunkard|Can you -hic- . . . spare some copper or -hic- . . . silver? I just . . . -Hic- . . . need some change to buy something to drin . . Er . . Eat . -Hic-
greatdivide|#Gralk_Dwarfkiller|Something small talks to me eh? If you werent so ugly Id crush you now. I think running around like that is pain enough for you. Go away little bug.
greatdivide|Bekerak_Coldbones|Just another boring day waiting for supplies. I wonder when they will arrive.
greatdivide|Kardakor|Hello, $N. It is not very often that I see adventurers back in this cave unless they have intentions of hurting the kind wurms here. I can only hope that for your sake that your intentions are good.
greatdivide|Relik|Huh? What are ya needin'? Speak up! I ain't got all day. Are you here to help out or just eat up valuable time chatting?
greatdivide|Taskmaster_Abyott|I do not have time for small talk, I am here on a mission that is far more important than any problem or concern you may have. If I were you I would continue on to whatever destination awaits you, if not im afraid I see trouble in your immediate future.
greatdivide|Vores_the_Hunter|Vores the Hunter squints and looks in your direction. 'Who is that? I can't see ya but yer not Coldain and yer voice is too whiny for a giant. We ain't bashin' each other's brains in yet so ya can't be all that bad. Come have a seat by me fire. But quiet yerself down already. The wurms may not be the best at sniffin out people but best not to test em'.
greatdivide|a_frost_giant_berserker|Move along small one. My duties call.
greatdivide|a_frost_giant_elite|Move along small one. My duties call.
greatdivide|a_frost_giant_scout|Move along small one. My duties call.
greatdivide|a_furious_tizmak_warrior|a furious tizmak warrior makes a strange gurgling sound and nods at you.
greatdivide|a_tizmak_augur|a tizmak augur makes a strange gurgling sound and nods at you.
greatdivide|a_tizmak_shaman|a tizmak shaman makes a strange gurgling sound and nods at you.
greatdivide|a_tizmak_spiritcaller|a tizmak spiritcaller makes a strange gurgling sound and nods at you.
greatdivide|a_tizmak_warrior|a tizmak warrior makes a strange gurgling sound and nods at you.
greatdivide|a_velium_miner|Hello, $N. I be a bit busy right now. If ya need help, look fer Relik. He's the mining boss.
greatdivide|an_expedition_guard|Yeah? I be guardin'. Which means I ain't talkin. Move on, $R.
greatdivide|gnomish_captive|Uh, hi. Hey, that was great work and all. I couldn't believe that. Knowing that bear, I was sure my time was up. I'm heading back to Ak'Anon. I've had enough of pirates, mountains, snow, and bears ten times my size. If you want a map to get back you can have it.
greatdivide|gnomish_deserter|gnomish deserter smiles at you and nods congenially. 'Hullo there. Nice ta meet ya.' He moves to shake your hand and then seems to remember that his hand is currently frozen to a very heavy, very solid hunk of metal shaped somewhat like a box.
grobb|##a_skeleton|Here I stand high and above, a minstrel supreme, my words offer love. Love between all, troll and ogre alike. I sing to all, except Tabaz, so take a hike!
grobb|Basher_Avisk|Ranjor tell shaddernites to gets rids of spore guardian. Ha! Gud.
grobb|Basher_Nanrum|Peh! What am you wanted?! I am Basher Nanrum. You? $N ? Heh, you look for works? Hmm, me tinks you too weakling for job me need done. Hmm.. You might do, mebbe.
grobb|Bregna|Hail, $N, are ya a follower ob Innoruuk? I hopes so. We needs many ta spread His Hate. None be as bicious as be dem dat follow Him. We do brings fear and hate ta all dat does sees us. Dis is well. He likes it. Can ya help?
grobb|Carver_Cagrek|Away from carver Cagrek you get!! Me's a busy troll. Must punish enmees of Grobb and feeds trolls a plenty. Trolls complain meats no good, complains dey want sum special bread. Dey says dey hears ogres have special meat which taste better den pris'ners of Grobb. Do you knows name of meat? What kinda meat dat be? Tell me!!
grobb|Gargh|You friend of Gardunk? Meez friend of Gardunk.
grobb|Hergor|Whats you wants!! Me great master of da bashers. Me tinks yooz must be lookin' fer trainin'. Yooz looks like a weaklin'. Me train yooz and yooz helps me get fatter. Well!! Are yooz gonna helps Hergor get fatter?!!
grobb|Hukulk|What you want!! You make fun of helm of Hukulk?!! Me smash you!! Maybe you come learn ways of Hate and Fear! You be dark power. You be Pain. You want join Nightkeep?
grobb|Kaglari|SNORT! HHUUUUCCCSSH.. Peh! You speak at Kaglari, High Priestess of Dark Ones. Children of Hate. Spawn of Innoruuk. $N . speak or be gone! <SNORT!> You wish majik power?
grobb|Kragia|Mez got secretz!' Kragia's eyes glint with menace. 'Mez bet yoo wantz to know my secretz!
grobb|Ranjor|Ya wanna be a member a Da Bashers, duz ya? What making ya tink yooz is good nuff ta be one o' us? Can ya proves ta me why I shouldn't oughtta just eat yer smelly hide? I gonna tests ya, ya big, ugly peece o' meet. Ya willin ta test or duz I just eats ya now?
grobb|Rasrok_the_Blotched|Hail, yerself. What you want? Youse shud know dat youse talkin to a hee-ro. Me give many peeples nightmares and dat make Cazic-Thule happy soes he tooks me to da Realm of Heroes. I live dere a long time but now me back here agin. My job iz ta reward dose dat urned favor in da eyes of da gods.
grobb|Savarixsa_Zexus|Salutations. $N! I am here as a favor to my brother. High Priest Perrir. We seek loyal followers of Innoruuk to earn their place among the hierarchy of the Spires. Are you devoted to Innoruuk?
grobb|Soulbinder_Snog|Greetings $N. When a hero of our world is slain their soul returns to the place it was last bound and the body is reincarnated. As a member of the Order of Eternity it is my duty to bind your soul to this location if that is your wish.
grobb|Treskar|You dare speak to Master Treskar! You be sent by Hukulk or you be hurtin'! Me have no time to waste with ugly one like you!
grobb|Urako|Me says hi to you. What you want from me? Oh!! Me shaman trainer. You must be shaman. Are you shaman Darkone?
grobb|a_prisoner|Rrrribit.. Please, let me go!! I don't want to be eaten!!
grobb|a_skeleton|Sorry. Nothing t' sell at this time. Maybe later. Good day.
growthplane|Ancient_Totem|Greetings, my friend. It is not often that we see strangers coming to this plane. I fear that our growing infestation problem has kept us busy as of late. The time for battle grows near yet we still do not have the offensive magics necessary to fend off our enemies.
growthplane|Guardian_of_Takish|Well met, $N. It is indeed a wondrous day to be serving the lady Tunare. If you know of any templars or knights, send them to me.
growthplane|Prince_Thirneg|Salutations, $N! I am the Prince of the Tunarean Court! What brings you to this most sacred of all Tunares blessed creations?
growthplane|Tunarean_Earthmelder|Hail, my friend. Unfortunately I cannot talk right now. The giants must be dealt with.
growthplane|a_gleaming_sphere_of_light|I greet thee, $N. You will have to pardon my demeanour; I am afraid that I am not in the best of spirits. Recently yet another brother was taken from us by an evil unknown through the dark art of mind rending.
growthplane|a_mosscovered_treant|I welcome thee, $N. Is there something I can assist you with? I am afraid my tireless searching for the incantations is going to be endless.
guktop|an_old_froglok|Frroooaaaaaakkkk!
halas|Adon_McMarrin|Hail. $N! I patrol Halas to insure the safety of the travelers and the resident clans. Just ask if you need help in finding your destination.
halas|Alec_McMarrin|Hail. $N! I patrol Halas to insure the safety of the travelers and the resident clans. Just ask if you need help in finding your destination.
halas|Andres_McMarrin|Hail. $N! I patrol Halas to insure the safety of the travelers and the resident clans. Just ask if you need help in finding your destination.
halas|April|Hello. $N. I'm a maker of weapon molds. Care to view my wares?
halas|Arantir_Karondor|Ah yes, you again. Do you have the items? Give me the three you possess and I'll combine them with my own.
halas|Brandyn_McDonald|Well met. $N! Come in out of the cold and warm yer bones with one of my several fine house brews! A swig o' whiskey will be sure ta put some color back inta ya!
halas|Cappi_McTarnigal|Hail there, $N! If you are not a member of the White Rose, then it be best that you stay on the lower level. This here floor is for honest ...ermm respectable rogues only.
halas|Cian_McMarrin|Hail. $N! I patrol Halas to insure the safety of the travelers and the resident clans. Just ask if you need help in finding your destination.
halas|Cindl|Welcome to my humble shop. I offer fine items fashioned from the skins of the beasts of Everfrost. Leather is my specialty and I can always use extra hides.
halas|Clovan_McMarrin|Welcome to Halas! Home of the Wolves of the North.
halas|Dargon|Hello there, $N. Can I interest you in any components to help you in your research?
halas|Dargon_McPherson|Hail, mighty $N! I assume ye must be a warrior o' the Wolves. Why else would ye approach a trainer such as meself, then?
halas|Dok|Fine day to ye, $N. Welcome to me shop. If ye're searchin' fer a cigar, ye won't be findin' any, more's th' pity.
halas|Elyn_Connoy|Hail $N.
halas|Gorth_Bearsoul|Hail. yerself. I'm sure ye've better things to do than to bother a man makin' his potions. then. eh?
halas|Hetie_McDonald|Welcome back, $N. Why don't you purchase a few things before you head out into the tundra again?
halas|Holana_Oleary|Hmph. Hello, how are ye an' how do ye do? Now, what are ye planning to buy?
halas|Hoyce_MacTaegan|Greetings to you brother. Did Keven send you?
halas|Jinkus_Felligan|Welcome! Welcome to the Church o' the Tribunal! Do ye require healing or are ye new to the Shamans o' Justice, then, eh?
halas|Kevan_McPherson|Well met, $N! I'm Kevan McPherson, the best darn smith in the north. Have ye come to purchase my finely crafted weapons or are ye wanting me ta teach ya the secrets of Northman smithing?
halas|Lakgara_the_Righteous|Greetings. $N! I am Lakgara the Righteous. I have returned to Norrath after many years to find those who are deemed worthy to be recognized by the gods. Those in the Realm of Heroes shall speak the names of those humble adventurers.
halas|Lysbith_McNaff|Hail! Ye've come to serve Halas. have ye not? We're the Wolves o' the North and it is our task to defend our city from harm.
halas|Maggie_Shawnasy|Good day, $N! You look cold indeed; come and warm yourself by the forge. Frostbite is a cruel foe for the unprepared!' Maggie winks at you, 'Tell me, do you much about our special Halas armor?
halas|Margyn_McCann|Hail, young adventurer! I'm the chief overseer o' the Shamans o' Justice. We serve the will o' the Tribunal. Justice is our way. Within Halas, there are none who are above the scales o' justice. There are still some who have defied our laws. We wish to apprehend the fugitives.
halas|Marton_Stringsinger|Hail, $N - Are you interested in helping the League of Antonican Bards by delivering some mail?
halas|Mils_McMarrin|Welcome to Halas! Home of the Wolves of the North.
halas|Murtog_MacYee|Greetin's! I've many fine herbs and potions fer sale. Please look around.
halas|Nal_McMarrin|Welcome to Halas! Home of the Wolves of the North.
halas|Oli_McMarrin|Welcome to Halas! Home of the Wolves of the North.
halas|Quillion_O`Zinn|Good day to you. $N! If you are looking for fishing supplies. you've come to the right place. And if you have a successful day. I will gladly pay for your catch.
halas|Renth_McLanis|Hail, $N! Have ye come to train? I train all warriors. All Wolves o' the North must be strong warriors and swift as well. Are ye a young wolf, then? If so, maybe ye can assist Renth with his wee problem, eh?
halas|Shamus_Felligan|Greetin's! Justice speaks through us. We're the followers o' the Tribunal. We act as judge. jury and executioner fer all misled Northmen. Sometimes we must also execute our swift justice upon evil races. such as th' ice goblins.
halas|Skoni|Welcome. $N! If there is a sketch you are looking for. you should be able to find it here.
halas|Soulbinder_Jarle|Greetings $N. When a hero of our world is slain their soul returns to the place it was last bound and the body is reincarnated. As a member of the Order of Eternity it is my duty to bind your soul to this location if that is your wish.
halas|Teria_O`Danos|Good day to ye! Ye look a wee bit hungrry. I sell many fine foods. Please have a look. Might I suggest the lion roast? It is a wee bit expensive, but well worth it.
halas|Thadres_Thyme|Hello. $N! It's hard to believe just how cold it gets here! It really has been wearing me down. Especially after the journey from Qeynos.
halas|Waltor_Felligan|Hello, me friend! I'm the resident healer o' Halas. Please inform me when ye've a need fer me talents to bind wounds, cure disease or cure poison. Might I add, if ye're a young shaman o' Halas, ye can also assist in gathering fungus.
highkeep|Bank_Clerk_Jaylin|Hello! If you wish to hand in your keys, please give them to me and I will be happy to assist you! It is a pleasure doing business with you.
highkeep|Captain_Bosec|I'm Captain Bosec. and I am the officer in charge down here. It's my job to patrol the prison and try to keep any goblins from getting into Highpass.
highkeep|Captain_Boshinko|Greetings, stranger! Are you the bounty hunter I requested?
highkeep|Carson_McCabe|Good to meet you, $N! I hope you are enjoying your time in High Hold. We have the finest food and entertainment around. All I ask is that you do not spend your time on the top floor of High Keep. Those are my personal living quarters. Other than that, SPEND AND INDULGE!
highkeep|Dealer_Shonta|Greetings, $N! I am sorry but this table has a hundred platinum minimum. Maybe you should start on the copper tables.
highkeep|Fenn_Kaedrick|What brings you to the top of the castle? Me? I am just the Highkeep exterminator. We have had a nasty time with rats.
highkeep|Grex|You have no business here. Get lost!
highkeep|Isabella_Cellus|Hello. How nice to meet you, $N!
highkeep|Jail_Clerk_Maryl|Hail! I am the jail clerk of Highkeep. How may I be of service?
highkeep|Lady_McCabe|Pleasure to meet you, $N. What brings you to High Hold? You do not appear to be the gambling type. Then again, you are speaking with me. That is quite a gamble in itself. I just love high rollers. Really, I do!
highkeep|Lartin|You have no business here. Get lost!
highkeep|Lislia_Goldtune|Hail. $N - Are you interested in helping the League of Antonican Bards by delivering some mail?
highkeep|Lozani|Greetings. friend!! I am Lozani. Scribe Supreme of the Eldritch Collective. I have been sent forth from the great Library of Mechanimagica in the city of Ak'Anon. to study the arcane knowledge of man and beast alike. I have studied many languages and spells. from Crushbone to Kerra Ridge. I have found most languages hard to decipher. As of this date. I have learned to read only the script of the orc oracles. Oh well. I am on a five decade mission. Better luck next language.
highkeep|Mistress_Anna|Yes? I don't often converse with the servants of Highkeep, but what do you want? I am a very good friend of Carson McCabe's. If I wished it so, you could be sent to the dungeons to converse with the artisans of pain.
highkeep|Princess_Lenia|Hello, kind sir! Please rescue me. I am a princess and can give you a generous reward. First, talk with a high elf named Tearon. He should have something for you that will help me to escape.
highkeep|Ran_Flamespinner|I am very sorry to have to inform you that the library is off limits to strangers.
highkeep|Rodrick_Marslett|Oooh.. Hello, guard. Please do not let the Teir'Dal at me again. I can take no more.
highkeep|Tarn_Visilin|Hello. I am Tarn Visilin.
highkeep|Tearon_Bleanix|Beware!!.. Beware, the Teir'Dal walk the halls of Highkeep!!
highkeep|Treasurer_Lynn|Greetings!! Welcome to Highkeep. home of the greatest casino in all of Norrath. Please visit our fine casino on the second floor.
highpass|Alhareen_the_Just|Hail and well met. $N. I am Alhareen the Just. herald and servant of The Tribunal. Judge and adjudicator of mortal deeds. Sent down from the Realm of Heroes. I have been given the duty of bestowing honor and due recognition on those whose deeds have been found worthy in the eyes of the gods for divine honor and reward.
highpass|Anson_McBale|Beat it, $N, unless you have something for me.
highpass|Barn_Bloodstone|You seem a little out of place here. You should go back to the nice little village you came from. This place will eat you alive. The Golden Rooster is no place for you.
highpass|Beef|Yu be getting going. Dis here is da boss' table!!
highpass|Bryan_McGee|I do not know what you are doing up here, but I am a busy man. Please return to the bar downstairs and enjoy the atmosphere.
highpass|Captain_Ashlan|Greetings, traveler! I am Captain Ashlan of the Highpass Guards. I keep watch over my men and the volunteers here at the East Gate. It's been a busy job here lately, with the orc raids and all.
highpass|Captain_Orben|Greetings, traveler! I am Captain Orben of the Highpass Guards. I keep watch over my men and the volunteers here at the West Gate. It's been a busy job here lately, with the gnoll raids and all.
highpass|Cordelia_Minster|Greetings! I am Cordelia, a traveling piper. I am afraid I cannot play a tune for you, however, as my flute is gone.
highpass|Cytodl_Krish|What do you want? I have no reason to waste my time with the likes of you!
highpass|Dyllin_Starsine|Hey!! I don't have any spare change, okay?!
highpass|Falyn_Farreach|Welcome to Top of the World, the newest shop in the pass!
highpass|Gornolin|'Greetings, my fellow traveler. I am Gornolin Zot, traveling merchant of fine wares. Please. Take a look at what I have to offer.
highpass|Jovan|Not so loud! My head is spinning so! What I wouldn't give for a Tumpy's Tonic right now! They were always just the thing for the hair of the gnoll that bit me.
highpass|Marlin_Shirtov|What are you doing in here? I requested no room service. Now leave, quickly, before Mistress Anna comes!
highpass|Mutt_Rootlit|Hello, stranger. I would talk to thee, but Barn has instructed me not to converse with strangers.
highpass|Prak|Yeah, hello. I'm Prak, co-owner of the Golden Rooster. If you're thirsty, we have some great imported ales at our bar. If you're looking for a little excitement, try your hand at a little King's Court. We aim to please, my friend.
highpass|Sir_Edwin_Motte|Greetings, $N! How lucky you are to encounter the greatness of the legendary Sir Edwin Motte, slayer of cyclopes, battler of beasts, crusher of creatures, masher of monsters, eradicator of evil and champion of the third annual dart championship of Freeport.
highpass|Stanos_Herkanor|Ah, the pouch. This is the first step Anson. The Circle has to be upset having this taken right out from under them. That speaks well of the person who did the taking. Hanns must be even more furious now <chuckle>.
highpass|Volunteer_Delharn|Greetings! I am Delharn. from Freeport. I'm trying to earn some extra coin while passing through Highpass. I figure this is a pretty honorable way to do so.
highpass|Volunteer_Renlor|Greetings, traveler! I'm Jonso Renlor, born and raised in Highpass Hold! I'm part of the Volunteer Watch. You look pretty strong - why don't you help us out?
highpass|Vranol_Blackguard|I wonder how much I could get for the tongue of a blithering fool? Leave before I decide to find out for myself.
highpass|Wyle_Bimlin|Greetings, fine friend! I bet you are in need of some fine tonics. Feeling a little low? Take a drink of my fine Zap Doodle Tonic. It will give you the energy of five hill giants! You are in luck, my friend! I have it on sale today, and today only. Matter of fact, the sale ends in five minutes or five footsteps, whichever comes first. So don't be down... get an upside-down frown with my Zap Doodle Tonic! All sales are final.
hole|Caradon|Please help me get out of here! My companion, Kyrenna, and I are trapped in this hellish place!
hole|Kejar_the_Mighty|I do not have time to talk to you, I am looking for something that I lost
hole|Polzin_Mrid|Yes, young one?
iceclad|#Snowfang_fisher|Furless one wants something with snowfang? You here to help with curse?
iceclad|Adinel_Jailbar|Adinel Jailbar wipes his hands on his trousers leaving a fresh streak of grease. 'Ye come ta see my collection of machinery supplies, have ye, swabby?'
iceclad|Ami|Ami flips through a few pages of a small book, reading intently before answering you. 'Ye scurvy dog. I'll strike yer colors 'fore ya can put me on a gibbet. Take that, ya crimp!' She flips through a few more pages then smiles at you. 'Arrrr!'
iceclad|Balix_Misteyes|Outlander, hail. Share the fire. I have little but if you are in need then take what I have. If you need nothing then take nothing. Balix my name is. Shaman to the tribe of Snowfangs.
iceclad|Bilf|Shove off, mate. We're busy 'scoutin'. Can't ya see? Hehehe!
iceclad|Captain_Nalot|Captain Nalot squints at you through one eye, the other covered by a metallic eyepatch. 'Garrr. What `ave we here? Another beller yellied land blubber eh? By the looks of ye someones mudder didnt know when ta throw a bad fish back. HAR HAR!'
iceclad|Corudoth|Corudoth seems to completely ignore you. After close examination you begin to wonder if this creature is actually alive.
iceclad|Errgriz|Errrr. You come for master. learning like me?
iceclad|General_Bragmur|Please keep yer voice down I am busy here. If you do not mind I would ask that ya kindly leave.
iceclad|Grizlin_Bloodfang|Lo outlander. Grizlin weaponsmaker for tribe. Make mighty blade from bone. Very important now.. need make many spear for hunter. Not make spear, then hunter not bring meat. Now my friend Keref sad, his pack gone north and Keref alone. Want to find way to help Keref but must make weapon for tribe. Maybe you go find what Keref need to make happy?
iceclad|Joshel_the_Large|That's right. Large, cause that's what I be. If'n ya don't like it, or even if ya do, ya best get to the dock on the other side o' this island. Ya never know when Icebreaker is gonna stop by again and yer not wantin' ta miss it.
iceclad|Keref_Spiritspear|Bark! Lo furless one. My people are Snowfang. Once mighty tribe, now snowfang home lost to vengeful winter.
iceclad|Masurt_Dok|That's me name, me job too. 'Masert ub da dok,' as a mate once called me. Course I was the bosun at the time, and we weren't at a dock, but he was drunk. Captain Nalot's Triple Strength will do that to ya.
iceclad|Nelet_Durzit|Nelet Durzit sneezes and wipes his hand across his nose. 'H-h-h-i.'
iceclad|Nilham_the_Chef|Ahoy, $N. Welcome ta the brig. I didn't get ta the 'B' section of my piratisms manual so I'm not sure what a brig is but I'm guessin' it means 'really small place without enough food or water.' So, ya here ta stay or just visitin'?
iceclad|Novyak_the_Lookout|What?! I can't talk! I gotta keep staring at the water!
iceclad|Ratop|Squawk! Pieces of eight! Pieces of eight!
iceclad|Relit|Oooerrrr. Avast yer bilge, uh, brain. How was that, Traboh?
iceclad|Rendap|Arrr. Swab me ports and shiver me starboards! Another mainlander, eh? Come closer, laddy, I can't sees ya too well. Arr, that's better. If ya came fer frostbite, frozen pants, and an empty stomach then ya came to the right place. Plenty o' sights ta see here.
iceclad|Ritap|Avast you! Ya best be shovin off if ye know whats good for you. We be pirate raiders and ya best not be messin with the likes of us!
iceclad|Snowfang_fisher|You make too much noise furless one. Quiet or all fish go away. Maybe even vengeful ocean spirit come because you anger all his sea spirits.
iceclad|Snowfang_spearguard|Snowfang spearguard sniffs at you. 'Another furless one. Strange looking you all are. We've had to chase away some of your kind because they try to hurt us. You seem ok though.' It sniffs at you again. 'If you want to stay safe, keep away from the tower.
iceclad|Sojan_the_Sleepless|Sojan the Sleepless stares at you through bleary eyes. 'I get enough conversation from my wife. If ya want water or biscuits, buy em! Otherwise, leave me alone!'
iceclad|Soulbinder_Cubnitskin|Greetings $N. When a hero of our world is slain their soul returns to the place it was last bound and the body is reincarnated. As a member of the Order of Eternity it is my duty to bind your soul to this location if that is your wish.
iceclad|Traboh|Arrr. Blast yer bilgewater brain! Can't ye see I'm guardin' this unsavory wharfrat? Shove off, mate!
iceclad|Tsilos_the_Swabby|H-hi. I'm Tsilos. I'm a swabbie. That means I get to swab the decks. We don't have decks any more so they only let me run paths in the snow. I get to make lots of lines here and there so the other guys have nice places to walk on. It's not a bad job, except for the yelling.
iceclad|Xorbinasticalus_Zimralicus|Xorbinasticalus Zimralicus considers you for a moment. Your jaw seems to ache from having to say such a horrible name. The gnome pulls out a book and flips through each page, making sure not to wrinkle the paper. Finally he stops on one and glances up at you as he reads. 'Ahoy there me matey. Shiver me biscuits and hoist the bloomers.' He puts away the book and looks up at you. 'Ritual greetings and all. Have to stick to protocol. Nice to meet you. I'm the magics advisor here.'
iceclad|a_lost_pirate|a lost pirate twitches and growls a little. 'Arrr. Grrr. Ahoy, mate. The name's Teep.' He shivers and you notice a little drool at the corner of his mouth. 'Ya ain't lost out here too, are ya?'
iceclad|an_agitated_snowfang|an agitated snowfang shivers and growls to itself. 'Much thanks must I give $N. Furless one still wants magic thing, after all the troubles? Say quickly. Much pain from attack. Must go, shaman help.'
innothule|Basher_Sklama|Me hear dat dere are humans, elves and other weaklings hunting in da swamp.
innothule|Dark_Deathsinger|Hail, $N - Are you interested in helping the League of Antonican Bards by delivering some mail?
innothule|Lynuga|Hrrump?! Who you? $N? What you want with Lynuga? Me am out collecting. Leave me be!
innothule|a_skeleton|Avast, matey! Captain Bones here. This here island is mine! Raise anchor and ship out!
kael|#Chanter_Bjroern|Chanter Bjroern 's eyes glow red as he looks down at you.
kael|#Chanter_Bonebinder|Chanter Bonebinder 's eyes glow red as he looks down at you.
kael|#Chanter_Dethsek|Chanter Dethsek 's eyes glow red as he looks down at you.
kael|#Chanter_Kllejnor|Chanter Kllejnor 's eyes glow red as he looks down at you.
kael|#Chanter_Vellnod|Chanter Vellnod 's eyes glow red as he looks down at you.
kael|#Chanter_Windlasher|Chanter Windlasher 's eyes glow red as he looks down at you.
kael|#Drendar_Blackblade|I do not wish to speak with your kind. If you have business with the king attend to it now, $R.
kael|#Ice_Chanter_Ijelin|Ice Chanter Ijelin stares through you.
kael|#Icecrafter_Iceskull|Icecrafter Iceskull stares through you.
kael|#Icecrafter_Leyreon|Icecrafter Leyreon stares through you.
kael|#Icecrafter_Sleestael|Icecrafter Sleestael stares through you.
kael|#Iceweaver_Beldikan|Iceweaver Beldikan stares through you.
kael|#Iceweaver_Bonethrower|Iceweaver Bonethrower stares through you.
kael|#Iceweaver_Cavestrider|Iceweaver Cavestrider stares through you.
kael|#Iceweaver_Maldekil|Iceweaver Maldekil stares through you.
kael|#Iceweaver_Pelryen|Iceweaver Pelryen stares through you.
kael|#Iceweaver_Sjeon|Iceweaver Sjeon stares through you.
kael|#Irrek_Bloodfist|I long for the day when we might assault the temple of the Dragons. We shall cover the land in a warm blanket of blood.
kael|#Klraggek_the_Slayer|Klraggek the Slayer stares down at you and tightens his sword grip.
kael|#Oracle_Bloodstorm|Oracle Bloodstorm 's eyes glow red as he looks down at you.
kael|#Oracle_Elvekren|Oracle Elvekren 's eyes glow red as he looks down at you.
kael|#Oracle_Kaeren|Oracle Kaeren 's eyes glow red as he looks down at you.
kael|#Oracle_Weldom|Oracle Weldom 's eyes glow red as he looks down at you.
kael|#Sentinel_Belstaerm|Sentinel Belstaerm watches you but does not say a word.
kael|#Sentinel_Bjhern|Sentinel Bjhern watches you but does not say a word.
kael|#Sentinel_Blackaxe|Sentinel Blackaxe silenty watches you.
kael|#Sentinel_Brajnor|Sentinel Brajnor silenty watches you.
kael|#Sentinel_Bvakkren|Sentinel Bvakkren watches you but does not say a word.
kael|#Sentinel_Bvellor|Sentinel Bvellor silenty watches you.
kael|#Sentinel_Crrlarn|Sentinel Crrlarn watches you but does not say a word.
kael|#Sentinel_Dekrendar|Sentinel Dekrendar watches you but does not say a word.
kael|#Sentinel_Dragonbane|Sentinel Dragonbane silenty watches you.
kael|#Sentinel_Drakeslayer|Sentinel Drakeslayer silenty watches you.
kael|#Sentinel_Estrek|Sentinel Estrek watches you but does not say a word.
kael|#Sentinel_Felshrefh|Sentinel Felshrefh watches you but does not say a word.
kael|#Sentinel_Fhaard|Sentinel Fhaard watches you but does not say a word.
kael|#Sentinel_Fleshflayer|Sentinel Fleshflayer silenty watches you.
kael|#Sentinel_Fyjrael|Sentinel Fyjrael watches you but does not say a word.
kael|#Sentinel_Harzok|Sentinel Harzok silenty watches you.
kael|#Sentinel_Lergremor|Sentinel Lergremor watches you but does not say a word.
kael|#Sentinel_Maldevor|Sentinel Maldevor watches you but does not say a word.
kael|#Sentinel_Mjrell|Sentinel Mjrell watches you but does not say a word.
kael|#Sentinel_Nellenar|Sentinel Nellenar watches you but does not say a word.
kael|#Sentinel_Othkel|Sentinel Othkel silenty watches you.
kael|#Sentinel_Pylrek|Sentinel Pylrek watches you but does not say a word.
kael|#Sentinel_Rethdeyn|Sentinel Rethdeyn silenty watches you.
kael|#Sentinel_Sellov|Sentinel Sellov silenty watches you.
kael|#Sentinel_Stonetrader|Sentinel Stonetrader silenty watches you.
kael|#Sentinel_Stormbeard|Sentinel Stormbeard silenty watches you.
kael|#Sentinel_Sunderdrake|Sentinel Sunderdrake silenty watches you.
kael|#Sentinel_Thernek|Sentinel Thernek silenty watches you.
kael|#Sentinel_Thunderfist|Sentinel Thunderfist silenty watches you.
kael|#Sentinel_Thurdiel|Sentinel Thurdiel silenty watches you.
kael|#Sentinel_Tyorpen|Sentinel Tyorpen watches you but does not say a word.
kael|#Sentinel_Uthjaern|Sentinel Uthjaern silenty watches you.
kael|#Sentinel_Uthnorn|Sentinel Uthnorn watches you but does not say a word.
kael|#Sentinel_Vejleorn|Sentinel Vejleorn watches you but does not say a word.
kael|#Sentinel_Veldrendyr|Sentinel Veldrendyr silenty watches you.
kael|#Sentinel_Vllejenar|Sentinel Vllejenar watches you but does not say a word.
kael|#Sentinel_Weldren|Sentinel Weldren silenty watches you.
kael|#Sentinel_Yeljom|Sentinel Yeljom silenty watches you.
kael|#Velden_Dragonbane|Velden Dragonbane watches you carefully, not saying a word.
kael|#Vkjen_Thunderslayer|Greater ones than you have stood before King Tormax. Show respect fool.
kael|#a_kromrif_recruiter|Greetings, little thing. You have entered into the great city of Kael Drakkel, home of the Kromzek as well as a few of my kind, the Kromrif. If you are to walk among my people as a peer you must prove yourself as a friend, not a foe.
kael|Barlek_Stonefist|Greetings to you. I seek the service of devout knights who have distinguished themselves. Are you a paladin? If not then be gone.
kael|Bendad_the_Trader|Bendad the Trader points to his price list.
kael|Bjarorm_Mjlorn|I seek those who practice the dark magicks. I seek those who call themselves necromancers. Are you a necromancer?
kael|Bjorak_Stonefist|Get your tickets here! Tasty Coldain heads! Get them while they last!
kael|Bjoskhua_Blackfist|Bjoskhua Blackfist 's lips do not move, though your mind is filled with a voice. 'What is it you want, mortal? I have little patience for those who do not come here to study.'
kael|Bjrakor_the_Cold|The arena is a place to gain glory and honor, $R. Do not stain it with your presence.
kael|Bygloirn_Omorden|Hail! I long to speak with a minstrel. I am curious about what has gone on beyond our borders here. Are you a bard? If not then I have no use for you.
kael|Captain_Bvellos|Greetings, $N. I am the captain of the Kael militia. I will be watching those of your kind who have come to Kael Drakkel as mercenaries and bounty hunters. You may have come here to serve king Tormax but Kael is my home and I intend to keep it a safe place for the Kromzek. Keep yourself out of trouble or you will end up in a world of pain.
kael|Clrakk_Blackfist|Clrakk Blackfist looks down at you. 'What is it you want, $N? Why do you speak to the great Knight Clrakk Blackfist?
kael|Dagron_Stonecutter|Greetings to you. I seek one who has chosen the path of monkhood. What do you call yourself?
kael|Dlammaz_Stormslayer|Welcome to the castle of King Tormax. It is quite an accomplishment for one of your kind to have lived this long in the service of our great King Tormax. You must be powerful indeed. My power is like a storm - I may rage and destroy my foes with great fury.
kael|Doldigun_Steinwielder|I... umm... I was caught by a band of giants roaming outside Thurgadin last week and they brought me here... Honest!
kael|Fjokar_Frozenshard|Today is a good day in Kael Drakkel. Don't you think?
kael|Gkrean_Prophet_of_Tallon|You have entered the sacred temple of Tallon Zek. This is the Temple of Tactics, where we teach what must be done to achieve goals in the most efficient manner.
kael|Gleed_Dragonhunter|Gleed Dragonhunter sighs as he looks down at you. 'I grow tired of this city. I so long for the tundra and lands of the wild.'
kael|Gragek_Mjlorkigar|Greetings to you. I seek one who is a protector of nature. A ranger is what you call them I believe. Are you a ranger?
kael|Graggaz_Fleshflayer|There is nothing like flaying a beast and making something out of the leftovers.
kael|Grand_Armsmith_Korin|What do you want from me $R? I can only imagine that you are here to ask me to use my obviously superior smithing talents to create some special helmets to help protect your obviously frail body.
kael|High_Priest_of_Tallon_Zek|High Priest of Tallon Zek If you seek the high prophet, return another time, $R.
kael|High_Priest_of_Vallon_Zek|High Priest of Vallon Zek If you seek the high prophet, return another time, $R.
kael|Jaglorm_Ygorr|Greetings to you. I seek one that calls himself a druid. What do you call yourself, manling?
kael|Kael_Militia_Captain|Kael Militia Captain looks down at you and goes back to work.
kael|Kallis_Stormcaller|Greetings, $R. Turn back while you can. Beyond this point is the temple of our great lord, Rallos Zek. The Vindicators who guard it will not let an infidel tread upon this holy ground.
kael|Keldor_Dek`Torek|Keldor Dek`Torek continues to do what he was doing before you attemped to interrupt him.
kael|Kelenek_Bluadfeth|What do we have here? A cutthroat, perhaps? If not then go away, for I have words to speak with a rogue.
kael|Kellek_Felhammer|If you want a conversation, find one of your own kind to talk to. I'm just here to sell this fine ale.
kael|Kevelak_Whitefang|If it's interesting, I sell it.
kael|King_Tormax|Greetings, $N. You know who I am, but I only vaguely know of you. My purpose is simple, I will rule these lands like my father, and my grandfather before him. All tasks but two are inconsequential to me.
kael|Klaggan_Iceshard|You stand before the great Klaggan Iceshard. My bones are old but my muscles are still strong, little one. I do not wish to speak with your kind. My brother Vorken may be more sympathetic to you but I will have nothing to do with you.
kael|Korakaz|I will cut them all down! Every last one of them!
kael|Kragek_Thunderforge|Greetings to you. I seek the service of a powerful warrior. Are you a warrior? If not then be gone.
kael|Kyenka|My, it is the great $N who stands before me! Rumors of your greatness have spread even to the court of King Tormax. I am Kyenka, Duke of Kael Drakkel. I advise King Tormax on matters concerning the nefarious dragons.
kael|Mjeldor_Felstorm|Greetings to you. I seek those who call themselves magicians. Are you a magician, little one?
kael|Nerik_Wolfsoul|Greetings to you. I seek one who is known as a beastlord. What do you call yourself, $N?
kael|Noble_Helssen|You obviously have no idea where you have trespassed so I will generously allow you to live. I suggest you leave immediately before my generosity runs out however......Unless, you're looking for work.
kael|Nojas_Blackfist|What brings you to the hall of the frost giants, little one? Have you come to serve our lord and master? Or are you simply a scout for a raiding party? I warn you, do not make war on my kin. I will twist the elements to my will and destroy you if that is your intent.
kael|Pollos_Stormkeeper|I can place things into my vault if you so desire. $N.
kael|Reivaj_the_Battlerager|Greetings, $N. You tread in the halls of Iceshard manor. Are you here with a purpose or are you lost?
kael|Semkak_Prophet_of_Vallon|You have entered the sacred temple of Vallon Zek. This is the Temple of Strategy. We teach what must be done to be a great leader. Forethought is a powerful tool.
kael|Slaggak_the_Trainer|Hello there, $R. I am Slaggak, the trainer. The Kromrif here will soon be ready to serve the great and honorable King Tormax.
kael|Staff_Sergeant_Drioc|Staff Sergeant Drioc glances over at you with a sneer and says, 'I have much to do and organize. If you have anything of importance to say you had best speak up now or leave before I lose my patience.'
kael|Stoem_Lekbar|Greetings to you. I seek those who call themselves enchanters. Are you an enchanter?
kael|Svekk_Fangbinder|Greetings, $N. I am Svekk, a humble servant of Wenglawks. It is my job to keep track of the supplies here. I also sell mundane wares.
kael|Tuuak|Another fine day for ice fishing here in Kael.
kael|Ulkar_Jollkarek|Greetings to you. I seek one that calls himself a wizard. What do you call yourself, manling?
kael|Vealok_the_Angry|Vealok the Angry looks down at you and laughs. 'Your kind should stay out of the arena! You might get stepped on by a real gladiator!
kael|Veldern_Blackhammer|Veldern Blackhammer looks around. 'Who dares address me? Oh, it is a $R. Only a shadowknight may address me and proceed further. Are you a shadowknight? Speak, oaf! Otherwise take your prattle elsewhere.'
kael|Vkaak|I'll have no trouble around here. One wrong move and I'll snap your neck.
kael|Vkjor|Greetings, $R. Welcome to the great arena of Kael Drakkel. I am Vkjor, master of the arena. The games begin and end when I wish them to. Gladiators train themselves year round to entertain the populace of Kael. Have you come to watch, or is there something else I can help you with?
kael|Vorken_Iceshard|I am Vorken Iceshard, one of the lords of Iceshard manor. In this day and age you can never tell where one's allegiances are. Leave my servants in peace or you may leave in pieces.
kael|Vylleam_Vyaeltor|Vylleam Vyaeltor bows 'Greetings to you. You are far away from your homelands, stranger. I am looking for someone. Someone that the outlanders call a cleric. Are you a cleric?'
kael|Wenglawks_Kkeak|Greetings, $N, I have heard of you. My name is Wenglawks Kkeak. Welcome to my humble home. My sources tell me you are a mercenary. Is this true?
kael|Wevek_Redforge|The steel of Kael Drakkel is like no other. Perhaps you would be interested in some of my wares?
kael|Weyen_Stonetrader|I store things for King Tormax. I will offer my services to you as well.
kael|Yeeldan_Spiritcaller|Yeeldan Spiritcaller speaks in a rumbling tone. 'Greetings. I only wish to speak to a shaman. Are you what I seek?'
kael|Yetarr|$N, your name has reached my ears more than a few times. Rumors fly that your kind will be the downfall of both the dragons and the Coldain.
kael|Ymik|All of your necessities can be found here, small one.
kael|a_Drakkel_Dire_Wolf|a Drakkel Dire Wolf sniffs at you hungrily.
kael|a_Frost_Giant_Lord|Welcome to Iceshard Manor, home of the Iceshard brothers, Klaggen and Vorken.
kael|a_Protector_of_Zek|a Protector of Zek continues to stand guard.
kael|a_Storm_Giant_Warlord|The fall of the Coldain and the dragons will some day come. We giants will stride this land as the chosen of Rallos Zek once more.
kael|a_barbarian_mercenary|This better be good, $R! Well? Spit it OUT!
kael|a_cleric_of_Tallon_Zek|Do not sully this temple with your presence.
kael|a_cleric_of_Vallon_Zek|Do not attempt to defile this temple, runt!
kael|a_domesticated_direwolf|a domesticated direwolf sniffs at you and wags its tail.
kael|a_frost_giant_berserker|a frost giant berserker growls like a fierce animal.
kael|a_frost_giant_commoner|Don't bother me, you ugly little thing!
kael|a_frost_giant_gladiator|I am here to make sure no one flees the arena as a coward.
kael|a_frost_giant_wolf_tamer|Yes, small one? You seek to interrupt my work for what reason?
kael|a_large_commoner|Get out of my sight, $R.
kael|a_lesser_storm_giant_noble|Get out of my sight! Your kind is ruining this city!
kael|a_priest_of_Tallon_Zek|You enter the halls of the great Temple of Tallon Zek. Tread carefully here, little one.
kael|a_priest_of_Vallon_Zek|You enter the halls of the great Temple of Vallon Zek. Tread carefully here, little one.
kael|a_storm_giant_berserker|a storm giant berserker growls like a fierce animal.
kael|a_storm_giant_commoner|a storm giant commoner goes about his business, ignoring you.
kael|a_storm_giant_gladiator|I am here to make sure no one flees the arena as a coward.
kael|a_visiting_noble|The court of King Tormax is often full of intrigue.
kael|frost_giant_fisherman|frost giant fisherman ignores you as he stares at the water.
kael|protector_of_Zek|protector of Zek continues to stand guard.
kael|storm_giant_general|The fall of the Coldain and the dragons will some day come. We giants will stride this land as the chosen of Rallos Zek once more.
kaesora|a_tome_keeper|a tome keeper shows awareness of you, but ignores you completely.
kaesora|tortured_librarian|Bring to me that which was taken.
kaladima|Barrith_the_Brave|Good day t'ye. $N! 'Tis sure good t'see ye here. I've been doin' a bit of thinkin' about the past. Ah yes. me past t'would surprise even ye. Alas. I cannae dwell on it now. I am Barrith the Brave. I must be searchin' for a hero worthy of havin' the eyes of the gods upon them.
kaladima|Beno_Targnarle|Step forth, young $N! I heard that you have come of age! The spirit of adventure has entered your body. That is good. Go and speak with the others. They shall help you. I am afraid I have no time to spend conversing. There is much I have to ponder.
kaladima|Bronlor_Lightblade|Allo dere $N, how does ye fare today? Are ye a priest of the great Brell Serilis? If ye are not I mean nothing against yar but I am on a mission to administer guidance to a holy priest of milord Brell Serilis.
kaladima|Byzar_Bloodforge|State your business!! I have no time for chitchat. Well.. speak up. toad!! What?!!.. Have you come here to return goblin beads?
kaladima|Canloe_Nusback|Step forward and speak up, young $N! Kaladim can always use another warrior. Are you ready to serve Kaladim or has a yellow streak appeared down your back?
kaladima|Dirjadak_Barbrawler|Hail to ye too $N, what brings ye to Kaladim`s hall of champions? I am Dirjadak Barbrawler and its gud to meet ye. I pride myself on being one of the finest Warlords to have ever served in Brells Army. However, my days nowadays aren't all that exciting. I just spend me time training young ones that are born into the life of a Kaladim Champion. If you are a young warrior of Brell I might have some work for you.
kaladima|Furtog_Ogrebane|Hail, mighty $N! Welcome to Stormguard Hall. I am Captain Furtog Ogrebane, only surviving descendant of the legendary Trondle Ogrebane, slayer of the Mudtoes. If you wish to serve the grand city of Kaladim. I urge you to speak with any of the trainers. Good day.
kaladima|Gretta_Mottle|Greetings, $N. I'm Gretta Mottle. Tumpy has been kind enough to let me to set up my bakery in his fine establishment here. Unfortunately, with that nasty plague corruptin' the crops in the Plains of Karana, things are goin' a bit slow for me. I keep runnin' out of bread and muffins to sell. Because of flour bein' easily spoiled now, it takes longer to make 'em just right. My assistant Buggle is still learnin' how to cook. Hehe.. All he can make is Meat Pie. If I don't get any help to bake soon I won't be able to keep the supply up with the demand.
kaladima|Hanamaf_Darkfoam|Welcome!! Welcome!! Have a seat at the bar and try some of my rich. dwarven ale!!
kaladima|Hogunk_Ventille|Hail. and welcome to Stormguard Hall. home to all great warriors! Are you also a warrior of the Stormguard or do you follow another guild?
kaladima|Kilam_Oresinger|Hail. $N -Are you interested in helping the League of Antonican Bards by delivering some mail?
kaladima|Soulbinder_Torvald|Greetings $N. When a hero of our world is slain their soul returns to the place it was last bound and the body is reincarnated. As a member of the Order of Eternity it is my duty to bind your soul to this location if that is your wish.
kaladima|Tumpy_Irontoe|Welcome to Irontoe's! The finest watering hole this side of Oggok! If you're looking for anything special and it ain't behind the bar, just ask. Maybe I can make it.
kaladima|Vacto_Molunel|Well met, $N! I am Vacto Molunel. If you are seeking to outfit yourself with the finest weapons in all of Kaladim. I am the one to see. I also posses a rare talent you might find useful.
kaladimb|Bndainy_Everhot|Welcome to Everhot Forge! I supply weapon molds for skilled blacksmiths. Care to view my wares?
kaladimb|Brenthalion_Aleslammer|Lo dere $N! I be Brenthalion Aleslammer Holy Defender of Brell! I can see that ye found my temple of Brell that I have resided over for many years. I have been appointed by da King Kazon himself to make sure dat all our young paladins get da training dey need before dey go out to explore da world. Aye.
kaladimb|Bumle_Reminjar|Welcome, $N. The Cathedral of Underfoot welcomes all good persons. May you find peace from the dangers of Butcherblock within these walls. The paladins of this holy place are very much aware of the evils outside Kaladim. The threat of goblins and birdmen has increased.
kaladimb|Crovsar_Dirkbringer|Gud to meet ye there $N. Me names Crovsar Dirkbringer and I run dis here mining operation. Anyone else that tell ye different simply aint telling da truth! I like to spend most of me time minin but I also like to help our young miners pick dere way to glory as a great rogue! Er I mean a great miner! Aye, dats it. If ye are a young minin rogue of Kaladim den I might just have some things for ye to do.
kaladimb|Datur_Nightseer|Welcome to our temple. We are the paladins of the Church of Underfoot. I am lord of our holy order. I call upon you to assist us in the defense of Kaladim. Speak with the master paladins or priests and find ways to prove your allegiance to Brell.
kaladimb|Diggins|How is life treating you, bud? What are you doing around the mines? Either you are a member of 628 or you are lost. If you are lost, I can't help you. I ain't no guide.
kaladimb|Dunony_Chestire|Hello. I am the guild master.
kaladimb|Gunlok_Jure|Hail, $N! Bow before the greatness of the Clerics of Underfoot! It is good to be a paladin in such an order as ours - to fight the good fight and defend Kaladim from the evil and undead. If you be a paladin, then I pray you find the courage to battle the undead.
kaladimb|Haldorak_Foamymugs|Hail dere me friend. I be Haldorak Foamymugs High Priest of Clerics dat heed the call of Brell. I am a very busy Dwarf for I have many new house recruits to train. Ye see I am in charge of all the young ones that pass through our halls. They must all undergo and pass me tests before they are truly ready to travel the dangerous world of Norrath.
kaladimb|Harnoff_Splitrock|Greetins to ya friend Dwarf! I've got some of the finest quality steel ores in all the lands! It's a bit troublesome ta keep a large enough supply of it though, it bein sought after by every smith ya know. If you're needin some cash or ore how bout you run an errand fer me?
kaladimb|Jark|Jark strikes the wall with his pick. A clacking sound echoes through the cave. 'Har har. There's something all right.'
kaladimb|Jeet|What business do you have here?!! This here is the mine and that means if you ain't a member of Miner's Guild 628, you'd best be moving on!!
kaladimb|Marsha_Stonepenner|Hail, $N. The Mining Journal has all the news fit fer dwarven eyes to feast upon.
kaladimb|Mater|Welcome to the mines of Kaladim!
kaladimb|Murlond_Everhot|Hello, friend! I am Murlond, crafter of the strongest steel and brellium weapons!
kaladimb|Myre|I am not here to chitchat dear. If you need some gear, I can help. If you want to talk, go find a tavern.
kaladimb|Nella_Stonebraids|Nella Stonebraids glances your direction, then returns to what she was doing.
kaladimb|Nultal_Malfoot|May the power of Underfoot be with you. Welcome. I am here to serve the will of the king as should you. If you need healing, then speak. Or perhaps you are here to return skunk glands?
kaladimb|Priestess_Ghalea|Welcome to the Church of Underfoot. Please open your soul to the greatness of Brell Serilis. May he guide you in all your future eavors. And may your soles long for the Soil of Underfoot.
kaladimb|Ragunk_Everhot|Ye Gods, that's the stuff!' Ragunk burps loudly as he takes a swig from a small flask on his forge. 'Fit for the King himself! Maybe I can get this armor finished on time!
kaladimb|Tortuk_Everhot|Welcome to the Everhot Forges! Home of the finest smiths in all of Kaladim! I teach experienced smiths how to work brellium ore and craft the finest dwarven battle shields and dwarven plate.
kaladimb|Trantor_Everhot|Yes, yes!! I am a very busy man. I've got blueprints to work on, dwarven wire to perfect and formulae to calculate. In between those tasks, I have to find time to head down to Irontoe's and down a few Tumpy Tonics.
kaladimb|Usbak_the_Old|Took ya long enough! Ye'd think ya had an Orc head on them shoulders there. I'm owin' ya for yer help though. Else I'd have been on that darn hammer for ages. Ye said ya had an ancient blade or somethin ta be smithin. If so lemme see it.
karnor|Spirit_of_Venril_Sathir|So mortals, you seek to end the tainting of Tunare's children? So be it, I have no cares. My death has been caused by this foolishness and I want no more to do with it. Bring me a scroll with the knowledge of resurrection so that I may once again live. I will hand you that which you seek.
karnor|Venril_Sathirs_remains|The living fire. I seek the fires of life. Bring them.
karnor|a_human_skeleton|Save my.. Soul.. Find.. Wizard.. Desp..
kerraridge|Allix|Rrraaarrr! Hello furless. You come to study from mighty warrior yes?
kerraridge|Erfer_Longclaw|Erfer not on duty. Is Erfer's time off. Please leave Erfer to buy his drinks.
kerraridge|Errrak_Thickshank|What? What do you want. furless? My tseq. Graalf. lies sick and you waste time with talk when you cannot help.
kerraridge|Falthrik_Lothoro|Grrrreetings. traveler. Falthrik tells his stories now. Seat yourself near the fire if you wish to listen.
kerraridge|Feren|Rarr. Me is Feren. Me is fisher. That means Feren catches fish.
kerraridge|Feskr_Drinkmaker|Erh? If you not be here to help Feskr with his problem then Feskr want you to leave.
kerraridge|Graalf_Sharpclaw|Rrrrrrrr...
kerraridge|Iffrir_Soulcaller|Hrrrm.. Iffrir does not much care for smell of this place but the selling of good drinks is not permitted within the inner village so any priestess must come here for them.
kerraridge|Marl_Kastane|Begone!! You do not have the will to do the things I require!
kerraridge|Melixis|Welcome to Melixis' shop. Rrrr. Feel free to brrrowse thrrrough my warrres. Melixis also find some shiny tings she may trade you.
kerraridge|Raarrk|Rrrrr. Raarrk sell drinks. You want drinks from Raarrk? Raarrk have happy drinks.
kerraridge|Roary_Fishpouncer|Rrrr.. catching and prrreparing fish is my specialty. Perrrhaps you could fetch for me some rrrare fish so that I may demonstrate my skill? Rrrr.
kerraridge|Shazda_Asad|Rrrr..I am Asad. Shazda of the Kerran Sejah. It is my duty to ensure the safety of what lands have not been taken from us by the Erudites. and to train my soldiers in the fighting styles of our heritage.
kerraridge|Thalith_Mamluk|Wha? Rarrrr! Thalith try to fish but with rrrats and you botherring him. he cannot concentrate on water! Go away. let Thalith fish!
kerraridge|Urkath_Greyface|Errr? What you say to Urrrkath? Ah. Hello to you as well, furrrless type person.
kerraridge|Wislen_Mamluk|Why you bother Wislen? Wislen trying to get fishies. Leave Wislen alone to get fish. please.
kerraridge|a_banished_kerran|Rrrrrr.. Away frrrom this isle of death and.. prrrr.. punishment.
kerraridge|kerran_tseq|Errr. You smell funny. You bring us toy?
kithicor|Brollus_Hoost|Hello, friend.
kithicor|Gandari|Most call me Gandari the Terse. You here for ivy armor?
kithicor|Ged_Twigborn|Hello, $N. What brings you to this neck of the woods? You must have heard of my expert tanning skills. I craft some of the finest skin garments this side of Highpass Hold.
kithicor|Grim_Oakfist|It is good to finally meet one who respects the disciplines of the Ashen Order. All I have met are rangers. They have interfered with my mission in the woods.
kithicor|Leaf_Falldim|Greetings. $N! Respect the woods and all its inhabitants or face the wrath of the rangers. Do not end up like Maldyn Greenburn.
kithicor|Morin_Shadowbane|Hail, $N. I am the leader of this beleagured troop of rangers. Even though the once fair Kithicor slowly succumbs to the darkness at hand, we shall not abandon the woods without a fight.
kurn|a_skeletal_cook|Some cracked old bone's, two zombie flesh, and a salt minnow make up the rest. Throw inside a skull and mix, and I would have a delightful dish. But with no eye's I have no sight to make Kurn's delicious delight. And if I could I would not eat without a tongue behind my teeth.
lakeofillomen|Astral_Projection|Astral Projection ignores you.
lakeofillomen|Klok_Foob|Buy, buy, buy. Go ahead, make a purchase. I am not here to talk. Go to Cabilis for talk. Come to Foob for armor. Now hurry and.. Ooh.. Foob is starvings. Foob wish he had his munch break favorite.
lakeofillomen|Professor_Akabao|Salutations, traveler! I dont get many visitors in these isolated regions. Have you come to learn of the ancient tribes of the Iksar?
lakeofillomen|Trooper_Curlish|Have you tried to drink from the lake? It is poisoned with salt! If you plan on venturing to the far side of the lake. you had best visit one of the Kloks to purchase a Water Extractor.
lakeofillomen|Trooper_Digdul|I've heard rumors of disappearing fishermen on the Lake of Ill Omen. Strange sightings abound. If I were you. I'd do my best to avoid those waters.
lakeofillomen|Trooper_Eshzik|Trooper Eshzik puts his guard up and glances from left to right. 'Be on the lookout for Sabertooth Cats. Many troopers have been wounded by their sharp, piercing teeth.
lakeofillomen|Trooper_Frogzin|Mind yourself in these parts! There are many dangers. Stay away from the water, if you know whats good for you.
lakeofillomen|Trooper_Hegwez|Hail. adventurer! Stay close to the gates or risk your life. The Lake of Ill Omen is aptly named.
lakeofillomen|Trooper_Kylpog|My father once dove to the depths of the lake. He said there were many dangers. but reported seeing structures still standing and glints of treasure in the muck below.
lakeofillomen|Trooper_Larrin|The babble in the gatehouse has been the appearance of sarnak hatchlings in the surrounding area. Where are they coming from?
lakeofillomen|Trooper_Selbat|Good evening, citizen! It is a fine night for a stroll, but not in the woods. No, no! That would be far too dangerous!
lakeofillomen|Trooper_Vaurk|Have you been sent by the War Baron to assist? The explorers from Firiona Vie draw closer.
lakeofillomen|Warlord_Geot|Greetings!! You look like an adventurer. I have a bit of a problem with which you might be able to help. You see, there have been reports of sarnak hatchlings near the lake. I do not know why they are here, but I do know we need them exterminated. Here is the deal.. You bash them good and return their brains to me. For every four brains, I shall reward you.
lakerathe|#Natasha_Whitewater|The Riptide goblins must have their crown returned to them. If you would be so kind as to give me the crown I will make sure that it reaches them. Hopefully they are capable enough to repair the damage that has been done to it.
lakerathe|Brother_Drash|Follow path of life. Rodcet Nife is only true way.
lakerathe|Cyanelle|Hello, $N.
lakerathe|Deep|Deep ignores you.
lakerathe|Derg|Yesterday, I took my yearly bath in the big lake. Can you tell? I swam out to the aviak dive and jumped in! Jumping in the lake from their platform is always such fun! Down at the bottom, I saw something red and shiny. I wish I could hold my breath long enough to go find out what it was.
lakerathe|Eldreth|Go away! I'm busy! I don't have time for scoundrels like you! Leave me alone or I shall, um..turn you into, er, a fish or something! That is what us powerful wizards do to those who annoy us! Yes, that is it. A fish! Did that sound scary enough?
lakerathe|Emkel_Kabae|I am Emkel Kabae, first apprentice to Kazen. If you have a symbol, tell me its name.
lakerathe|Grud|Gimme duffynitey rocks! Me crushem GUUD!!!
lakerathe|Kazen_Fecae|Kazen Fecae 's eyes seem to glow as he turns to you and says, 'Leave me be if you have no reason to be here, mortal!'
lakerathe|Kyralynn|Hello. $N! I am the shaman Kyralynn. If you have a banded armor, my husband Vrynn and I can form it into a new shaman armor using this totem and some reagents for the ritual. I can use a banded bracer, mail, helm or cloak to form this new armor.
lakerathe|Misty_Tekcihta|Misty Tekcihta smiles and taps her foot.
lakerathe|Punga|Gimme duffynitey rocks! Me grindem GUUD!!!
lakerathe|Rondel|Hello, stranger. Are you an adventurer?
lakerathe|Rykas|'Greetings, $N. I am Rykas, chronicler of knowledge. I have journeyed all throughout the lands of Norrath, and I have learned many tales of adventure from people I have encountered during my travels. I have learned of legends known and unknown to most mortals. Are you in search of knowledge?
lakerathe|Shmendrik_Lavawalker|Hail, good $N!! Be wary near the waters of Lake Rathe! The Riptide goblin king, Lord Bergurgle, has been commanding his minions to murder and rob all who come near it! I am here seeking his death but I am afraid I am no match for all of his subjects. I shall reward you greatly for the death of Lord Bergurgle. I simply ask that you bring me his crown as proof.
lakerathe|Srynda|I am Mrysila, custodian of the Concordance of Research.
lakerathe|Taia_Lyfol|Hello, $N. What brings you to the watery lands of Rathetear? Do you seek enlightenment?
lakerathe|Trug|Gimme duffynitey rocks! Me powdrem GUUD!!!
lakerathe|Turgan|Hail! What brings you here?
lakerathe|Vrynn|Greetings, spiritwalker. I am called Vrynn. If you have banded armor, my wife Kyralynn and I can form it into a new shaman armor using this totem and some reagents for the ritual. I make armor from banded boots, gauntlets, sleeves, and leggings.
lakerathe|a_royal_fish|a royal fish flutters about and seems to be staring back at you as if reading and understanding your thoughts!!
lavastorm|#Ruathey|Hello $N
lavastorm|a_fire_sprite|a fire sprite ignores you.
lfaydark|Grynnaf_Einoom|Grynnaf Einoom looks at $N and wonders if he is looking for the Scalekeeper?
lfaydark|Princess_Joleena|I am the Fairie Princess, Joleena. You may stay amongst my people, but do not nibble from our homes.
lfaydark|Scout_Rahjiq|It is a pleasure to meet you, but I do not have time to speak. I am waiting on official word from Shar Vahl. If you have been sent to assist me, please show me the Official Seal of the Khati Sha at this time. If you are not such a person, please carry on with your business and leave me to tend to mine.
lfaydark|Trudo_Frugrin|What, what?!! I am quite busy here. I have studies to complete and charts to make!
lfaydark|pained_unicorn|pained unicorn snorts and stamps at the ground. An unusual angry glimmer enters the eyes of what should be one of Tunare's most peaceful creatures. Its coat seems slickened and filthy in places.
mischiefplane|#Sniffles|Don't keel me.
mischiefplane|Ashley|Well hello! We are great dancers. Would you like to see us dance? Or maybe you would like us to teach you to dance?
mischiefplane|Bob_the_painter|Ey yo. Ever read the book of mischief? The libraries full of em! Say... if you ever find the missin chapter on wealth, lemme know. I'll give ya this here pot o' gold I found.
mischiefplane|Bombardier_Bixie_Bernice|QUIET!!! People are trying to study around here! Keep your yap shut!
mischiefplane|Brittina|Well hello! We are great dancers. Would you like to see us dance? Or maybe you would like us to teach you to dance?
mischiefplane|Debbis_the_Fish|If only I could walk in somebody elses shoes just for a day. It's not easy being a skunk you know.
mischiefplane|Diana|Well hello! We are great dancers. Would you like to see us dance? Or maybe you would like us to teach you to dance?
mischiefplane|Ferjeneror|Do you have something ferjeneror?
mischiefplane|Gorilla_Scholar|Gorilla Scholar appears enthralled as he tears page after page out of a book titled ''Secrets of the Universe, Volume 8.''
mischiefplane|Hall_Monitor_Willy|QUIET!!! People are trying to study around here! Keep your yap shut!
mischiefplane|Life|QUIET!!! People are trying to study around here! Keep your yap shut!
mischiefplane|Lithiniath|Lithiniath lowers his horn towards $N. The air around you begins to waver as if immense heat was rising from the floor, yet the air feels no different. You begin to feel heavy and disoriented as you hear a loud whisper begin to speak yet hear no sound at all. 'wHaT sEeK iT Is YoU FrOM LiTHiNiaTh?'
mischiefplane|Mister_Malodor|QUIET!!! People are trying to study around here! Keep your yap shut!
mischiefplane|Peachy_D`Vicci|Hey there! Wanna test your luck? I have here my mystery satchel filled with gifts. Sometimes you get something nice, and sometimes ya get nothing at all. Wanna give it a shot? It only costs four funnies.
mischiefplane|Pinky_Ekkolofezznaboten_III|Knock knock.
mischiefplane|Posie_the_Librarian|SHHHHH! QUIET!! And how dare you enter here without a library card! It's $R like you who have ruined your own books! You'll not ruin mine!
mischiefplane|Roxxanne|Well hello! We are great dancers. Would you like to see us dance? Or maybe you would like us to teach you to dance?
mischiefplane|a_lost_gnome|Don't look at me. I'm as lost as you look.
mischiefplane|a_white_stallion|a white stallion stares at $N unblinking with colorless eyes.
mistmoore|Black_Dire|So, you've come. I suppose my brothers have sent you to lead me back to their flock. Those fools are so blinded by their devotion they know nothing of life. If they only knew the power I've become, the luxuries I've amassed, the pleasures I've known, they too would leave that sour and unrewarding existence in seconds. You know, you could come to know what I have, shaman. You found me, which speaks of your intelligence; we could use you. What do you say, $N? Will you join my master Mayong Mistmoore?
mistmoore|Ssynthi|I am Ssynthi, Warder of Ro. Would you do a simple service for me?
mistmoore|an_advisor|How dare you speak to me, you impudent sack of nauseating refuse! For this outrage of insubordination I call forth the vengeance of House Mistmoore! You now have little time left to live. Enjoy it.
mistmoore|an_avenging_caitiff|an avenging caitiff glares at you with fangs bared as he draws an electrum-bladed wakizashi.
misty|Bidils_the_Quickhand|Why, hello there $N! And what brings ya to see little old me? Oh, let me guess! I am sure it is because ya wish t'buy a good spot of Jumjum and listen to my tale? Oh, quite lovely so! Why else would one well rounded $R come to see the great Bidils the Quickhand other than to hear of this rogue's great adventures!
misty|Blixkin_Entopop|Hail, $N! My name is Blixkin Entopop. Have you seen the wonderful assortment of spiders and beetles that inhabit the thicket? I have quite an extensive bug collection. Be careful, though. I have seen many brave halflings fall beneath a swarm of clicking and hissing bugs.
misty|Bronin_Higginsbot|Hello. It is dangerous out in the woods. You should go to Rivervale. It's at the end of the path. You will find good times there. Travel safely, my friend!
misty|Deputy_Budo|Hail, $N. I am Deputy Budo Bullnose, the squad leader of the Great Wall Patrol. Be very careful in the lands beyond the wall. They are filled with dangerous beasts, as well as Clan Runnyeye.
misty|Deputy_Eigon|Hail, $N. Excuse me. I must get back to my patrol.
misty|Ella_Foodcrafter|Hi, hi. I've got a lot to do, many mouths to feed, some filthy goblins to smack. If you don't need me for something, please let me go back to my work. Karana watch over you.
misty|Fajio_Knejo|Greetings, $N. I hope you are having a fine day.
misty|Gunrich|Mlech! You am NOT Deeppocketsss. Go aways and don't talk to Gunrich or I am hafta kill you.
misty|Joogl_Honeybugger|Hello. I would shake your hand, but it would hurt. Ooooh! Owwy!
misty|Lil_Honeybugger|Hello. My brother Joogl is a great bixie hunter. No one can smash bixies like my brother. He is the best. He works for Kizzie Mintopp.
misty|Slaythe|You fool! You've blown my cover. For that, Slaythe shall kill you!
misty|Sonsa_Fromp|Hello, traveler. It is so good to meet you. I am Sonsa Fromp, tailor surpreme. I have been known to make the finest leather armor this side of the wall. Feel free to inspect my merchandise. Buy plenty. This is how I put food on the table.
najena|Akksstaff|What do you want?! Foolish $R, I am in no mood to treat with beggars. I have half a mind to turn my pet here loose on you! Well, don't keep me waiting, state your business or be off with you!
najena|Linara_Parlone|Please help me out of this horrid place! My family must be terribly worried!
najena|a_visiting_priestess|Hail, $N! Are you the champion Najena sent for?
necropolis|Jaled_Dar`s_shade|Mortal! You MUST aid me! I will have my revenge, and my rest!
necropolis|Neb|Chika val na vi Paebala Neb'ri. I am Neb of the Paebala. Aknila sa rik nor valkuta aknila. Start no trouble, there will be no trouble. Nish ala ro tak na re Chetari, skas vena ral. Avoid the Chetari, they will kill you.
necropolis|Pierre|Chita ve ni ne, ni ne Neb!
necropolis|Zlandicar|Hmm, I have been watching you. You made it further than I thought you would. I will have to work on my defenses in the future. So, what do you seek of me?
necropolis|a_Paebala_Spirit_Talker|Chita ve ni ne, ni ne Neb!
necropolis|a_Paebala_rebel|Chita ve ni ne, ni ne Neb!
necropolis|a_Paebala_warrior|Chita ve ni ne, ni ne Neb!
necropolis|an_escaped_worker|Chita ve ni ne, ni ne Neb!
nektulos|Hetha_V`Syph|Hetha V`Syph winces as if in pain as she turns her head towards the direction of your voice. Much of her visible flesh is cracked and burnt and a trickle of blood runs from the corner of her mouth and drips from her chin. A sob escapes from her chest and she appears to be on the verge of tears. 'I... I... was... beautiful... once.
nektulos|Kirak_Vil|Begone from my sight, whelp! Do not try my patience or I may forget my quest and slay you where you stand. I seek the challenge of a hypocrite today.
nektulos|Leatherfoot_Deputy|Leatherfoot Raider Hitchel, number 25705. How may I assist you?
nektulos|Slarin_K`Vekn|Slarin K`Vekn peers at you with glazed eyes from beneath heavy eyelids. 'You do not seem to be near death. If you have come to the Ultricle to salvage from the dead like a scavenger wolf then go about your business and leave me to suffer.
nektulos|Travis_Two_Tone|Hail, $N - Are you interested in helping the League of Antonican Bards by delivering some mail?
nektulos|Venenzi_Oberzendi|What is it you want! Can't you see I am gathering reagents for my master? If I don't get them for him quickly he might punish me.
neriaka|Bull_Crusher|Huh? Oh hi $N. Youse want to buy sumthin?
neriaka|Guard_Lumpin|Hullo citizen. Me am here to guard you so puts away any wepuns.
neriaka|Pungla|Welcome! Drink you shall, some of de finest drinks of da lands! Flaming Pungla, I suggest to you. It all me sells.
neriaka|Rolynn_B`Div|Greetings! I wish I had time to talk, but I do not.
neriaka|Sal_Drana|Greetings. I am pleased to report that I am fully stocked. Please have a look at the goods I have for sale.
neriaka|Smaka|You want stuff? Or mebby you looks for a cure?
neriaka|Soulbinder_Nola_Z`Ret|Greetings $N. When a hero of our world is slain their soul returns to the place it was last bound and the body is reincarnated. As a member of the Order of Eternity it is my duty to bind your soul to this location if that is your wish.
neriaka|The_Gobbler|Meat!! You need meat. Me gots meat!! High elf meat, dwarf meat, human meat, HEHE meat, froggy legs. Me got a lot.
neriaka|Uglan|Me Uglan. Mighty ogre. Member of Crakneks. We crush for dark elves. Do you like dark elves or they be mean to you?
neriaka|X`Ta_Tempi|We three are the Sisters Dark - Necromancy is our Art - Bonded dead, they serve our will - No beat of heart, yet faithful still.
neriaka|X`Ta_Timpi|We three are the Sisters Dark - Necromancy is our Art - Bonded dead, they serve our will - No beat of heart, yet faithful still.
neriaka|X`Ta_Tompi|We three are the Sisters Dark - Necromancy is our Art - Bonded dead, they serve our will - No beat of heart, yet faithful still.
neriakb|Dragoon_V`Retta|Join us in celebrating my promotion to the rank of Dragoon! I shall still respect all of you scum.
neriakb|Dunred_M`Trik|Greetings. I am pleased to report that I am fully stocked. Please have a look at the goods I have for sale.
neriakb|Felok_N`Tan|Welcome to my shop, $N. I am Felok N'Tan, master smith of steel and adamantite plate armors. I am also the creator of the dragoon shields favored by members of the Indigo Brotherhood.
neriakb|Issva_H`Rugla|If you're looking for chit chat you can bugger off. I'm here to sell supplies not company.
neriakb|Jarrex_N`Ryt|What have we here? A new weakling that wishes to reap some sort of self-value and renown through service to the Indigo Brotherhood perhaps? Well speak up whelp!! Have you come to destroy the enemies of Neriak or are you a coward better suited to mop the filth from the back rooms of the Maidens Fancy.
neriakb|Lynsalai_T`Nyal|Greetings. $N. The Neriak signal is a newspaper that reports all the events important to the Teir`Dal. which frankly. is the only news that is truly important.
neriakb|Marenkor_To`Biath|Come in! Come in! Enjoy the sights of the Blind Fish Tavern! We serve the finest alcohol in Neriak!
neriakb|Morgalanth_Tal`Raeloen|Who dares to address me while I am clearly busy reviewing my daily research. I sure hope this is important $N, I do not have time to waste on just any initate of House Spurned. Not a single day goes by that I do not come face to face with cannon fodder that is not even worthy of a headstone in our burial grounds. If you wish to prove yourself then I might be in a generous mood.
neriakb|Narex_T`Vem|Welcome to the Cauldron of Hate. If you are a young warrior, you have come to the right place. There are many duties to be performed. If you are a veteran of the blade, we welcome your return to service. Perhaps you return with a Leatherfoot skullcap?
neriakb|Rysva_To`Biath|Hello. Let me know if I can get you a drink.
neriakb|Seloxia_Punox|Seloxia Punox 's eyes flare with fury as her beautiful features twist into a snarl of hatred that echoes her hissing voice, 'How dare you address me in such a fashion?! I am the leader of the Indigo Brotherhood!! You are lucky I do not strike you down where you stand! You shall address me as 'Mistress.' Many warriors have died so that I might gain this title.'
neriakb|Sivy_G`Noir|Do you wish to view my wares or have you simply come to gawk in awe?
neriakb|Trizam_N`Tan|And who do you think you are? To step into the Cauldron of Hate one should have the black soul of a warrior. For one to speak with Trizam he should have good reason. Perhaps you return with tales of deathfist agendas. If so, then you're a year too late.
neriakb|Volkoon_D`Dbth|Greetings. I am pleased to report that I am fully stocked. Please have a look at the goods I have for sale.
neriakb|Vorshar_the_Despised|Vorshar the Despised turns toward you with an icy glare. ''Hail Findim , I am Vorshar the Despised. I trust that you have important business with me? Why else would you disturb one such as I when it is so obvious that I am a being of great power. I was selected by Innoruuk himself to reside in the Realm of Heroes. I have sacrificed many a mortal in the eyes of hate and do not be so quick to assume that I would not be delighted to perform such a rite again.'' Vorshar the Despised curls his lip in a twisted, sinister smirk.
neriakb|Yegek_B`Larin|Welcome. A brother of the Indigo you must be. Why else would one dare to roam the corridors of the Cauldron of Hate? You were most likely sent to speak with Yegek. If so. speak up and tell Yegek who sent you.
neriakc|Belyea_K`Jartan|Welcome to the Maiden's Fancy. We aim to please. You just be careful how you handle the ladies or I will have Ratraz remove you and your hands.
neriakc|Draan_N`Ryt|I am Draan N'Ryt, provider of the purest adamantite ore and master smith of adamantite chainmail!
neriakc|Eolorn_J`Axx|It is good to see new blood in our halls. I am the leader of this house. If you are looking for guidance, seek out the masters within. I rarely appoint tasks to new recruits, unless I need to retrieve the foreign take.
neriakc|Hekzin_G`Zule|How's it going, scrub? Correct me if I'm wrong, but you appear to be a rogue. If you're a new rogue, it's my job to test your skill. If you are not, then by speaking with me, I see you show interest in joining this house of rogues.
neriakc|High_Priestess_Alexandria|Greetings child, what business do you have here? I'm sorry but I will only deal with Clerics that are willing to prove their loyalty to Innoruuk. I cannot deal with every single heathen that feels it is necessary to bid me a good day. If you are a Cleric of Innoruuk I might be able to aid you in your training.
neriakc|Ithvol_K`Jasn|Hail, $N! I sense the gift of hatred in your aura. What status do you hold within these Spires?
neriakc|Krystiana_N`Ryt|Hail $N.' With a concerned look, Krystiana motions you to come closer. 'It is my husband, Draan - he has recently been suffering terrible nightmares.
neriakc|Lokar_To`Biath|I am the Scribe of Innoruuk. If you do not have business with me, begone!
neriakc|Loveal_S`Nez|What is this I see before me? A would-be hero of the Dead? You reek of false bravado. I have seen others much stronger than you meet their fate at the end of a blade. I see no reason to continue our conversation. How can one such as you assist with my delegated duties?
neriakc|Mare_X`Lottl|Hello there, sweetie!! How about letting me dance for you? Two gold and I will do a little dance for you.
neriakc|Medron_Y`Lask|Welcome to the Furrier Royale. Here you will find the finest skins from a variety of Norraths lesser creatures.
neriakc|Mizr_N`Mar|Have you come to buy a scroll from me?
neriakc|Nallar_Q`Tentu|Lower your voice, $R. These tomes hold many secrets as well as curses. Say the wrong word loudly enough and you may end up a frog, dead, or worse. Heed my warning for I will not repeat it.
neriakc|Noxhil_V`Sek|Greetings, $N! We of the Dead are proud to have you among us. Your lineage is well known. Still, you must learn to claw your way to the upper echelon. There are many menial tasks to be performed before you can truly be inducted as a member.
neriakc|Pazin_Punox|Welcome to the Hall of the Ebon Mask. You had best be a rogue or you have no business here. We have nothing to say to outsiders.
neriakc|Perrir_Zexus|Salutations, $N! Your devotion to our Lord Innoruuk is evident in your actions and on your soul. As a member of the Spires of Innoruuk, you are required to obtain and wear the symbol of your station among the clergy. I can award you the hematite symbol of Innoruuk worn by the initiates of the Spires.
neriakc|Ratraz|Spend your money or get out! This ain't no pansy social club!
neriakc|Sazan_K`Jartan|Sazan K`Jartan glances at you from the corner of his eye. 'You'd better speak more swiftly than my blades or you won't walk out of here $N.
neriakc|Selzar_L`Crit|What have we here? Another hopeful member of the House of the Ebon Mask? You've got much to learn before you will be of much use to our House or the secret operations that support both the thrones of our King and Queen. First you need to outfit yourself in a suit of armor, $N.
neriakc|Talorial_D`Estalian|On what grounds do you think you are welcome to address me like that vermin? I am afraid you will have to prove yourself to me before I can treat you with any respect. Do you feel that you are worthy to stand before me?
neriakc|Tani_N`Mar|Greetings! You must be a stranger or new to the Hall. If you are a stranger. be warned that these halls are intended for the Ebon Mask only. If you are found to be a member of another house. you just may feel the sting of a blade in your back.
neriakc|Ulazia_W`Selo|Welcome to the Spires of Innoruuk. May your destiny be paved with the Words of Innoruuk. What is it you seek? Healing? Curing of disease? Curing of poison? That is my divine duty. So commands Master Zexus.
neriakc|Ulraz_S`Lon|So you are the next pathetic maggot I have the displeasure of training to be a useful Shadowknight of the Lodge of the Dead. First you must get yourself outfitted in a suit of armor. those rags you wear can not even contain the stench of your miserable hide and will do no good protecting it from the edge of an enemy's blade.
neriakc|Xantis_Ixtax|Greetings, disciple $N. Feel free to inspect my wares. I am here to serve all necromancers of the Dead. I can also enchant a ring of the Dead if you have one.
neriakc|Xon_Quexill|Welcome to the Lodge of the Dead. May you serve our Queen with the bleeding of others.
northkarana|Brother_Nallin|May the Prime Healer watch over your body as you pass through these dangerous lands. I am Brother Nallin of the Temple of Life. I was dispatched to aid the guards and residents of the plains. I can assist you if you have need of me to cure poison or cure disease.
northkarana|Bunu_Stoutheart|Hail, $N! I am Bunu Stoutheart of the Fangbreakers. I am a loyal shaman who serves the will of the Tribunal.
northkarana|Capt_Linarius|Hail, traveler! You are free to rest within this keep or within any of my towers along the roads to Qeynos. My guards shall keep watch over you. While you tread upon the roads, be warned that there are local dangers as well as rumors of corrupt guards.
northkarana|Cordelia_Minster|Greetings! I am Cordelia, a traveling piper. I am afraid I cannot play a tune for you, however, as my flute is gone.
northkarana|Cory_Bumbleye|Hey, $N! I am Cory Bumbleye, expert lycanthrope tracker. You had better be careful out here. There are werewolves in these hills. Heck, if it weren't for us Fangbreakers, this whole area would be overrun with the flea-bitten beasts.
northkarana|Ezmirella|Welcome. I am Ezmirella.
northkarana|Fixxin_Followig|Hail, $N! Fixxin is my moniker. Nice ta see ya. I am a member of the Fangbreakers and we are hunting werewolves. We run into lots of other creepies out here as well.
northkarana|Guard_Shilster|Hey, hey! I have some Blackburrow Stout for sale. Just hand over five gold and I'll give you a bottle of it. Don't get caught though because it is considered contraband. Antonius don't like it being smuggled and all that but what does he know, anyway?
northkarana|Innkeep_James|Welcome to my shop $N. You'll be happy to hear that I'm fully stocked. It's nice that things are back to normal now that the plague is over.
northkarana|Mrysila|I am Mrysila, custodian of the Concordance of Research.
northkarana|Nul_Aleswiller|Hail, $N! What brings you out this way? I am the leader of the Fangbreakers. We are employed by the people of the Plains of Karana to keep their homeland free of lycanthropes. We are on the trail of several particularly nasty werewolves.
northkarana|Romella|Greetings, traveler, and welcome to our camp. Here we can provide you with weapons and arms should you find need of them in the plains. We are a magical people and as such our camp site is a refuge where even your soul can be bound.
northkarana|Watchman_Dexlin|It is about time I met up with someone who I can tolerate. Most of the residents within these plains shun gnomes. I will happy to leave if I could just find those pesky skeletons.
northkarana|Xanuusus|Greetings, small one! I am Xanuusus of the Stormreapers. You are welcome to rest beneath my mighty branches.
northkarana|withered_treant|Yes. My bark is blackened and cracked by sickness. If only I were the only one to be afflicted this way. Throughout the lands this is happening. Agents of some dark god are twisting the lands and their creatures.
nurga|a_sleeping_ogre|a sleeping ogre snorts a bit and continues sleeping.
oasis|Synthan|I am Mrysila, custodian of the Concordance of Research.
oasis|Taldrik_Stumpystout|Move along dere yer blocking me view lad. I await me friend that has gone off to fetch me some water. It sure is hot out here.
oggok|Ambassador_K`Ryn|Get your wretched hide away from me! Who knows what vile stench you have been rolling around in?! Do not speak with me unless you have some glimmer of intelligence!
oggok|Bonlarg|Shadowknight master me be!! $N prove to me that $N be worthy to be one with Greenblood and me give $N black shadow tunic. You want black shadow tunic?
oggok|Bozlum_Blossom|Bozlum Blossom heaves a great sigh.
oggok|Bubbgrib|Yooz small, and yooz look weak. Mez tink dat yooz need new armor.' Bubbgrib peers at you with a blood-red eye from within his heavy helm. 'Yooz REALLY need new armor!
oggok|Chef_Dooga|Welcome you. You look all skin 'n bones. Eat you must do. Chef Dooga can fix up goodies for you. Try HEHE meat.
oggok|Clurg|Hello, friend. Have a drink. I have some unique drinks. Try one. And remember. You get rowdy, the Bouncers crush you.
oggok|Crunga|Hullo. Buy sum of my stuff.
oggok|Emissary_Glib|Gloop.. Are you the one? Who sent you?
oggok|Erung|Huh? Oh hi $N. Youse want to buy sumthin?
oggok|Grapok|Hi $N. Did Bordag send you?
oggok|Grevak|Need new members we do not. Powerful enough are we with Grevak. Still. peons needed. Are you a new peon or are you an outsider? Speak up!! Fool!! No time Grevak has!!
oggok|Guntrik|Mmmph!! Who you? Oh. you $N. You supposed to be promising Craknek. Me need you. There bad things in swamp. You want help Crakneks or you want Guntrik bash your face!!?
oggok|Horgus|What!!? You Craknek or you pest?
oggok|Kizrak_the_Tyrant|Yes? What do you want?! I have one purpose here, to speak with potential heroes that the gods send to me, not to give pointless chit chat to some base, frail mortal who I could destroy in less time than it would take for me to unsheath my weapon.
oggok|Kogna|You be tinking you be real tuff Craknek?
oggok|Lork|You $N. We hear of you. We need help. You help Crakneks or you help self?
oggok|Marda|Welcome to intelligence, young $N! Did you think all ogres were inept? Ha!! I hope you show the glimmer. We shamans need more within our ranks. Our race needs to evolve!! So, are you one of the smart ogres or have I spoken too many syllables?
oggok|Soonog|You Greenblood?
oggok|Soulbinder_Trurg|Greetings $N. When a hero of our world is slain their soul returns to the place it was last bound and the body is reincarnated. As a member of the Order of Eternity it is my duty to bind your soul to this location if that is your wish.
oggok|Varrok_Neckchopper|Me got da toughest weapons in da lands! Yoo come ta buy weapon or ta learn from Varrok bout war mace an war hammer?
oggok|Zarg_Knightbane|Yoo wan ta buy some armor? Or you wan me ta teach ya how ta make da war plate or bouncer shield?
oggok|Zulort|Um, you. Hi.. You Shaman of War now, right? You gotta learns war and war spells. We fights all and makes the Warlord likes us. You gonna help or me gonna feed you fat stoopid boddie to doggies.
oot|Antinime|Hail, adventurer! I see you have found your way to our island. I also used to wander the lands until I ran into Styria. After a long duel, I proved myself worthy to become one with the Sisterhood of Erollisi.
oot|Denken_Strongpick|Hello, $N. I am Denken Strongpick. I wish I could get off this rock, silly clan honor. My boss broke our rebreathers and we can not go back to the mainland before wegather some goblin relics.
oot|Doran_Vargnus|Greetings, $N! We do not get too many visitors to the island. I have a few pieces of armor for sale, fashioned for the small, of course.
oot|Euboea_Delewyn|Welcome to the island of the Sisterhood of Erollisi.
oot|Fendlemend_Figlefop|Fendlemend Figlefop sighs and looks up at you. 'What a horrible expedition! No goblin relics, not even some goblin dishes! My rebreather is broken and the only thing we found was not even from the goblinempires!'
oot|Nerbilik|What you want?!! Face so ugly you scare fish away!! ..sniff, sniff. Smell so bad, too!! Me sure is hungry. Wish had grub locker.
oot|Nyuae_the_Cruel|Nyuae the Cruel glances at you indifferently and then flashes a warm smile with sinister undertones. 'So, a base insect deigns to address me. Since you're lacking the proper etiquette, it would be fitting to repay your impudence with pain. But... you've caught me in one of my kinder moods so I'm going to let you live. Begone, before my mood changes.
oot|Oracle_of_K`Arnon|Greetings, $N, I am the Oracle of K'Aron. Do you quest for knowledge yourself, or do you offer that which I seek.
oot|Sentry_Xyrin|Shhhh!! Keep quiet! Can you not tell this island is inhabited by undead? I wish to take the fight to them, but I am weak from the boat disaster.
oot|Sister_of_Erollisi|Welcome to the island of the Sisterhood of Erollisi.
oot|Styria_Fearnon|Welcome to my island. I always welcome visitors, but I would prefer that your stay not last too long. My warriors are sometimes tempted by others. That is why they all wear purity belts. I should warn you, also, to be on the lookout for the Pirates of Gunthak.
oot|Tegea_Prendyn|Welcome to the isle of the Sisterhood of Erollisi. Please feel free to rest a while from your long boat ride. We sell provisions as well as some exotic drinks. You may also visit with our faithful dwarven smiths. Enjoy your visit.
oot|a_lesser_spirit|Did you take this person's life, shaman?
overthere|Alchemist_Granika|If you were sent to me, show proof or be gone from my sight!
overthere|Astral_Projection|Astral Projection ignores you.
overthere|Brinaa_Darkpact|Hello, $N. It's nice to see more able bodies around this part of the outland. We came here in search of the magical powers that are supposed to exist in the ruins and dungeons of this area. We need you to bring back evidence of this power in the form of scrolls. I can't offer much coin in payment, but I do have some rare scrolls I already brought back that may interest you, if you wish to help in the search.
overthere|Bukuku_Wolffeetz|Har har har! Yu funy lukking. Oooo.. do u hav doze smarty writin's?
overthere|Captain_Rottgrime|Captain Rottgrime has numerous cracks and holes in his skull from many battles. 'Attention, marine!! You will go into battle and fear nothing! You shall prevail over one enemy and then you shall be sent back into battle! We shall not allow those sarnak to overtake the Danak shipyards! Is that clear marine?!!'
overthere|Dom_K`Perl|Welcome to my little refuge of the mind. Here you may find passage to the grand worlds within a fine book. I have few books for sale, but any good book is rare in the realm of Norrath. On occasion, I even have rare finds. Be sure to use good lighting when reading. Strain the brain, not the eye, I always say.
overthere|Drixiv_Arcut|Drixiv Arcut sighs heavily and after a long while says, 'Leave us, $R. Leave us to our eternal damnation.
overthere|Dyth_X`Teria|Speak!! I am dispatched from Neriak to this land by order of the king. I shall research new spells and aid the adventuring wizards. My knowledge of wizardry is offered to all in hopes of gaining information about Kunark.
overthere|Galdon_Vok_Nir|Please do not harm me. I am not the one who brought the outsiders to our land. I am innocent and deserve to return to my people.
overthere|Kurron_Ni|Out of my way, stranger! I am on a delicate mission; interfere with my search and I shall relieve you of your head! Bother me no more.
overthere|Modani_Qu`Loni|The hidden self inside a myriad of magic is one that walks quite softly. Yes, that is what you must seek.
overthere|Siladdarae_N`Riese|Hello, $N. This place is quite a formidable outpost, but it lacks the comforts of home. Once I have finished collecting some of my missing scrolls, I'll be able to leave this place and all its hidden dangers.
overthere|Slicia_J`Singe|Why is it that you have come to this place? If you are coming here to search for magical scrolls, just get back on that so-called ship you came here on and forget everything you thought you heard.
overthere|Soulbinder_Kardin|Greetings $N. When a hero of our world is slain their soul returns to the place it was last bound and the body is reincarnated. As a member of the Order of Eternity it is my duty to bind your soul to this location if that is your wish.
overthere|Tin_Banker_I|Insert Metal Key *whirrrr*.
overthere|Utandar_Rizndown|It is good to see our numbers growing on this land. Welcome! May your travels be as prosperous as mine have. There are many new powers to be gained from this land.
overthere|Vaean_the_Night|Ahh, welcome! More souls to succumb to the inhabitants of the Outlands! My army of undead will grow stronger by the day, but it would be a pity if you perished before doing a mortal bidding for me.
overthere|Xlixinar_Arcut|Xlixinar Arcut sighs heavily and after a long while says, 'Leave us, $R. Leave us to our eternal damnation.
overthere|an_undead_foreman|an undead foreman turns to face you. You can see a faint green glow emanating from his vacant eye sockets. 'Are you a new worker? Huh? Speak or go!!'
paineel|Antus_Shelbra|Greetings, $N. You have come to me searching for tasks and tasks I have. Would you judge yourself an experienced heretic or one who has much to learn?
paineel|Atdehim_Sqonci|Ah, greetings. I hope you are a student of the way of fear. Within this temple there are many who can teach you to harness your gifts. I am an instructor in the rituals of fear.
paineel|Azzar_Habbib|I'm not in any mood for conversation. My favorite hat was torn right from my head by a gigantic bat the other night and I am quite upset.
paineel|Brettas_Norval|Hail. $N! I thought I heard the clink of coins and now. here you stand! Please feel free to browse through my stock.
paineel|Coriante_Verisue|Greetings, young one! There are many tasks to be performed aside from your studies to truly harness the powers passed down to us by our ancestor Miragul. The most basic of these tasks is the gathering of bat wings and snake fangs from the yard outside our city. I will reward you for every two bat wings and two snake fangs you bring to me.
paineel|Dannis_Faleet|Welcome to the Fortune's Fancy. $N! I carry only the finest jewels and jewelry in all the land. All of the charges and accusations made against me are obviously false. as you can see by my beautiful wares.
paineel|Danus_Kelmun|Yes. yes. Scrolls I have. scrolls you need. Make up your mind quickly. I don't have all day to stand here talking to you.
paineel|Davorre_Bloodthorn|Greetings. Perhaps within that husk you call a body there is some worth? Are you experienced in your craft, young one, or are you a neonate?
paineel|Dilche_Orlezcha|Ah. hello young adventurer! A mind is a powerful tool indeed but it never hurts to have a strong weapon by your side to cleave through the skulls of your enemies. Feel free to look at my selection of weapons.
paineel|Dovan_Sires|Hrm? Yes. yes? Buy something. or leave me alone!
paineel|Dzan_Amo|Welcome to the Tabernacle of Terror. Perhaps you can control your fear long enough to be of service to us.
paineel|Elia_Athrex|Hello. Do you need something or did you merely wish to grace me with your oh-so-delightfully perfumed breath?
paineel|Ernax_the_Scholar|Hello. Please leave me be. I am studying several interesting essays on mana storage devices.
paineel|Evus_Doracmal|Good day. $N! Have you visited Taria already? Taria does indeed make some of the finest statuettes in all the land. I fear. though. that she has lost her faith. She used to make idols depicting our Lord of Fear. Now she dabbles in the creation of other idols!
paineel|Faratain|Salutations $N. If you are here to make use of the forges then feel free to pursue your crafts within this chamber. If you are a new Fell Blade in need of a suit of armor and weapon then I will assist you in crafting armaments fitting of a young Shadow Knight.
paineel|Geomar_Hapera|Oh. hello there. and welcome to my humble store. We have everything you might need here. for just about anywhere you'd want to go. Matter of fact. a party supplied themselves for a trip into Old Paineel just moments ago!
paineel|Gerot_Kastane|$N! My hero! I am at your service. I have been told to tell you all I know of the Head of the Valiant. Its construction is a mockery to the gods of Light, an abomination above all others. The method of creation of the Head of the Valiant was passed down through my family for centuries. All I require of you is the physical head of a valiant warrior. I have the rest of the materials right here to fashion this item for you.
paineel|Gorng_Alusnein|Hello. Be careful what you say to Iva. She has been rather touchy lately. She seems as if she is waiting for something to happen. What. I know not.
paineel|Guard_Heridion|Uggg. You needz keyz? Rrrrrrr.
paineel|Guard_Korlack|Uggg. You needz keyz? Rrrrrrr.
paineel|Guard_Lecknar|Uggg. You needz keyz? Rrrrrrr.
paineel|Guard_Menbuknar|Uggg. You needz keyz? Rrrrrrr.
paineel|Henly_Nictropus|The Dark Truth reports the news without all the usual propaganda and lies spewed by the mouthpieces of other Kingdoms and principalities. Buy a copy today for just a few silver and find out the real truth behind current events.
paineel|Iva_Tersala|Hello. $N. I have some of the finest baked goods in Paineel. It's the best home cooking you have had. ever. That be my word.
paineel|Keeshla_Levlora|Hail and well met. $N. I am Keeshla Levlora. a resident necromancer of this beautiful city. If you are a practitioner of the dark arts under our lord Cazic-Thule. know that you are welcome here.
paineel|Keletha_Nightweaver|Hello, $N. Interested in the art of research? I have several tomes which may aid you in such a pursuit.
paineel|Kilevra_Natasu|Have you spoken with Danus? If not. I suggest you do. so that I will not waste my breath further.
paineel|Leovre_Kieqmarn|Good day. $N. Feel free to look through my inventory of spells. but if you touch anything without first buying it I. will have your skin pulled from your flesh. Slowly.
paineel|Librarian_Kesler|Hello. researcher! There are many things to be found here. Our selection grows daily. Would you care for any books?
paineel|Linnleu_Brackmar|Greetings. $N. My wares are few but valuable. including books of research into the less widely known arts of necromancy. Perhaps you should have a look.
paineel|Mandaril_Dark_Knife|Desist in your prattle. If you want idle chitchat. talk to someone else.
paineel|Marsa_Folor|Hello there. $N! Can't take your valuables with you? Weighing you down. are they. $N? Leave them with me. In my capable hands and in the hands of my capable staff. they will be safe from prying eyes and quick hands!
paineel|Miadera_Shadowfyre|Ahhhahahaha! The terror that lays over this city like a blanket tingles my bones with vigor. I seek a fellow apostle of Cazic-Thule to assist me in the summoning of Terror.
paineel|Nadara_Reloclen|Hello there. $N. Fear not for your valuables. I have known Marsa for many years and she has not once taken anyone's property. She is. perhaps. the last honest person in this city.
paineel|Nedorl_Ipabrun|Buy. or leave. Make up your mind. I have no time for idle chitchat.
paineel|Nivold_Predd|What do you want? Do not disturb me lest you plan to assist in my summoning of Dread.
paineel|Noclin_Saah|Hail to yourself, fool! Leave me be. I have matters of importance to ponder.
paineel|Pardas_Nalue|Oh. hello there. $N! I have been absolutely slaving all day to choose a new advertisement for my wonderful store here. Care to hear what I have?
paineel|Rallia_Hapera|Hello. $N. Thank you for coming in and looking at our wares. We should have just about everything you need if you wish to take a trip.
paineel|Royal_Guard_Lilkus|You tread upon sacred ground, $R. None may go further unless they have business with the Overlord, or, if you're looking to gain favor with the heretics and need a little coin, I have a job for you.
paineel|Royal_Guard_Sheltuin|Royal Guard Sheltuin appears to be ignoring you completely.
paineel|Sadorno_Chomosh|Salutations. I am Sadorno Chomosh, Templar of Terror. The path of terror taught to us by Cazic-Thule is a dangerous way of life. The perils are great, but the rewards are unimaginable power. In order to harness the powers of fear, you must first know that which you seek to control: terror, dread and fright. I presume that you are still young and have much to learn. If that is the case, I will assist you in acquiring armaments to aid you on your journey to power.
paineel|Sejako_Mujan|Shhhh....keep your voice down lest you wake Alaria. We can speak elsewhere if you wish.
paineel|Sern_Adolia|I hope you have a good reason for disturbing my contemplations. Perhaps you seek the knowledge of those who meditate within this Temple of Fear?
paineel|Sheras_Milaku|Hello. $N. Feel free to peruse my wares but waste not my time with idle browsing if you do not intend to purchase something.
paineel|Shevra_Kollintar|Unless you intend to make yourself useful, do not bother me. I await the return of our Lord, Cazic-Thule. He comes, and I shall be the first to greet Him. I will train you, if need be, for He looks upon those who aid Him kindly. If you are not here for training, return to your meditations or bother someone else.
paineel|Shwara_Volerno|Welcome to The Abattoir fellow Cazicite. I am Shwara Volerno. Mistress of Necromancy. If you have just begun to study the Necromantic arts I will assist you with obtaining some clothing and a robe that will be most useful when conducting research outside of The Abattoirs walls. We members of the Abattoir are the most feared of the residents of Paineel by the citizens of Erudin. to venture too far beyond the safety of our city unprepared would be foolish.
paineel|Soulbinder_Tomas|Greetings $N. When a hero of our world is slain their soul returns to the place it was last bound and the body is reincarnated. As a member of the Order of Eternity it is my duty to bind your soul to this location if that is your wish.
paineel|Talloth_Vara|Greetings, $N. You have come to the Anthenaeum Necromanita. This place serves as the stores of knowledge for the Seekers of the Dark Truth.
paineel|Taralani_Rahnta|Greetings. $N. You have found the only place to purchase liquor in this fine city. It seems that many of my countrymen do not appreciate liquor as I do. Fear not if you spill. I have plenty of skeletal servants to clean up the mess.
paineel|Taria_Clayspinner|Hello. $N. I make the finest statuettes in all the land. Each one depicts a power on Norrath. I have some of the most realistic and lifelike statues. I only take special orders as they are rather time-consuming to make.
paineel|Tatalros_the_Cruel|Tatalros the Cruel releases a low, guttural hiss, of unearthly power and fearsome ringing that echoes off the very walls of the city. 'Greetings, Erudite. It has been some time since I had the pleasure of seeing one of living flesh not cower and bleed from their very eyes at the mere sight of me. I shall not take it as an insult this time, as all things change and adapt. I assume that merely my name, which alone once caused fear and strife within the soul of any who heard it, has fallen from the pages of history. No matter, in time that shall be changed.
paineel|Tentus_Brackmar|Hey you! You watch yourself. These items are priceless. You break it. you buy it!
paineel|Tormented_Soul|Whaaat foool does seek counsel with this spirit?
paineel|Velana_Kelmuza|Hello there. $N. I hope you are faring well this day.
paineel|Winnla_Crestus|By Cazic-Thule. I am going to kill him! If he keeps up that endless chatter.. Oh. hello there. $N. Please feel free to peruse my wares.
paineel|Yvonne_Ani|Welcome to my shop. $N. Feel free to purchase whatever you need. I am sure that I can fill those needs. as the Seekers of the Dark Truth generally keep me stocked and on my toes.
paineel|library_assistant|Lots to do! Many books to place and scrolls to file! Feel free to browse but. please. don't make a mess!
paw|Brother_Hayle|This is no place for you. These Splitpaws are very fierce. Only the power of Rodcet Nife will guide them to the light. By the way, I might warn you that the cells here lock behind you.
paw|Zixx_Nenix|If you want to live, you will turn over the eye.
permafrost|Scout_Janomin|It is a pleasure to meet you, but I do not have time to speak. I am waiting on official word from Shar Vahl. If you have been sent to assist me, please show me the Official Seal of the Khati Sha at this time. If you are not such a person, please carry on with your business and leave me to tend to mine.
qcat|#Guard_Helminth|Who are you and what are you doing here? This place is not safe. You are to leave here immediately! You do not belong here!
qcat|#a_zombie|H...el...p me...
qcat|Argyn_Shieldstan|You have set foot upon the sacred grounds of the Shrine of Bertoxxulous. You had best have business here or this dirt shall become your grave.
qcat|Bait_Masterson|You know.. I took up fishing because it was a nice, quiet activity. Most of all, I took it up to avoid conversing with strangers. Get the picture?!!
qcat|Beggar_Wyllin|Greetings! This is no place for a person of your standards. I am but a beggar, which is why I live among the sewer rats. It would be best if you were to leave this dangerous place.
qcat|Bruax_Grengar|Hail $N. I am Bruax Grengar, master necromancer of the Bloodsabers. I assist not only young necromancers with their training but also aid all those Bloodsabers who have chosen to practice the sorcerous arts. If you a practitioner of a sorcerous art I can give you instructions to obtain an outfit and robe that will assist you in your work. Once you have been properly outfitted I will also assist you in acquiring a Staff of the Bloodsabers.
qcat|Commander_Kane|Do you know who I am?! I am the Commander of the Qeynos Guard! Do you think I trod through these sewers to speak with you? If so, then you are quite sadly mistaken.
qcat|Garuc_Anehm|Welcome to the Shrine of Bertoxxulous! You appear to be new to the shrine. I do not remember seeing you around.
qcat|Illie_Roln|A healthy young $R you appear to be. The Plague Bringer has not yet blessed you with his greatest of gifts. What can I do for you young one?
qcat|Kurne_Rextula|Welcome to the new order of life, the life of service to our diseased Lord, Bertoxxulous. Did you encounter any of my pets on the way here? I hope not.
qcat|Malka_Rale|Whew! I thought you were one of Hanns' goons. These sewers are a mess, you never know what is going to turn up next. I really wish I could get out of here.
qcat|Neab|$N, you do not belong here! Those sharks are not very picky about what they eat.
qcat|Nomaria_Doseniar|Welcome! It is good to see our disciples can still outsmart the guards of Qeynos and make it to the Shrine of Bertoxxulous. Our ranks are best filled with disciples such as yourself. We have need of you. Do you wish to serve the Lord of Disease or not?
qcat|Omorb|Get out of here! You are lucky Omorb didn't crush you by mistake!
qcat|Reania_Jukle|Greetings, $N. What can I help you with?
qcat|Riggin_Vix|Be careful down here, $N. We have seen some strange characters in the eastern tunnels. Some kind of cult members, I think. Watch out.
qcat|Rihtur_Fullome|Hail, $N! I hope the trek into our shrine has not scarred you in any way. Our defenses have been increased lately. Many of the citizens have heard rumors about our shrine. I say it is all due to that soldier.
qcat|Rocthar_Bekesna|I've little time for banter, unless you have come to me for training as a new warrior of the Bloodsabers move along.
qcat|Teydar|Hello $N, it's good to see another shadowknight around here. I'm Teydar. I've made it my life to fashion suitable scabbards and sheaths for our order.
qcat|Timvu|What are you doing down here? This is a dangerous place. We are only here to finish off any enemies of the Circle who escape the sharks.
qcat|Torin_Krentar|The dead are watching you young one, yet you are safe under their otherworldly gaze. Is there something I can do for you?
qcat|Unmuz_Tukore|Your eyes betray your eagerness and your naivety young one. I am Unmuz Tukore. Scourge Knight of the Bloodsabers. If you have come seeking the training as a Shadowknight then I will offer you guidance.
qcat|Vin_Moltor|Heh?? .. BURRP!.. Leave me be will ya.
qcat|Wellis_Pestule|You do not yet bear the sweet aroma of death and decay that the Plague Bringer bestows upon his most faithful servants. What is it that you seek from Wellis?
qcat|Xeture_Demiagar|I have much to do here for the defense of our Temple and the appeasing of our patron Bertoxxulous, the Plague Lord. If the Plague Lord has gifted you with the desire to serve his will as a priest of the Bloodsabers I will assist in your training. If not, then leave me now and do not interrupt me again.
qcat|Zaen_Kalystir|Welcome to the Shrine of the Diseased! You will be repaid for your service when your soul crosses the void into Bertoxxulous' waiting arms. Are you available to do His bidding, or are you too busy?
qcat|an_investigator|an investigator coughs and struggles to move. 'There were... too many... too strong.'
qey2hh1|Brenzl_McMannus|Hail, traveler! It is good to see new faces in our fishing village. I am Brenzl McMannus. I am quite talented with wood and string. I sell the finest nets and bows in the land. Have a glance.
qey2hh1|Brother_Chintle|Blessed are the followers of Rodcet Nife. Do you seek the answers to life?
qey2hh1|Brother_Estle|Greetings, child of life. The way of the Prime Healer shall set you free and cleanse your soul. I hope to see you at mass.
qey2hh1|Brother_Trintle|Greetings. May Rodcet Nife keep you healthy and watch over you in times of disease.
qey2hh1|Chief_Goonda|Greetings to you, $N. What business do you have with us? We are quite busy with the enchantment of the stone.
qey2hh1|Chrislin_Baker|Chrislin Baker slowly lifts her head.'Have you brought any writing materials for me? The last few supplies I had were stolen.'
qey2hh1|Cleet_Miller_Jr|Cleet Miller Jr grumbles and looks up at you.
qey2hh1|Draze_Slashyn|Step aside. I have no quarrel with you.
qey2hh1|Einhorst_McMannus|Greetings, $N. Welcome to the fishing village of Clan McMannus. We sell what we can here. Have a look around but, please do not buy too much. We must save most of our stock for delivery to our home.
qey2hh1|Frostbite|Frostbite RUFF RUFF
qey2hh1|Furball_Miller|<BARK!> Hiya! <Bark!> <Bark!> My name is Furball Miller. I work here on my father's farm. Of course, he is not my real father but he is the one who raised me from a pup. I hope to go back to Blackburrow some day and try to get them to stop all the senseless fighting with the humans of Qeynos.
qey2hh1|Gindlin_Toxfodder|Enough with the formalities. I don't make it to these parts often and I only plan on being here a couple days. My time is precious. You must be a rogue in search of the death juice.
qey2hh1|Gomo_Limerin|No time to talk!! I must be on my way. I am in a race with the paladins from the Temple of Life.
qey2hh1|Grebin_Sneztop|No time to talk!! I must be off. The grains of sand are falling and I must prove that we paladins from the Temple of Thunder are the quickest.
qey2hh1|Guard_Donlan|Welcome, traveler. Have I informed you about the travel tax?
qey2hh1|Habastash_Gikin|No time to talk!! I must be off. The grains of sand are falling and I must prove that we paladins from the Temple of Thunder are the quickest.
qey2hh1|Henina_Miller|Greetings, $N. Welcome to the Miller Farmstead. Cleet and I have lived out here on the plains of Karana for thirty years now. We grow the finest grains in all of Norrath. Admire the grains all you like, but steer clear of those scarecrows.
qey2hh1|Innkeep_Danin|Welcome to my shop $N. You'll be happy to hear that I'm fully stocked. It's nice that things are back to normal now that the plague is over.
qey2hh1|Innkeep_Rislarn|Welcome to my shop $N. You'll be happy to hear that I'm fully stocked. It's nice that things are back to normal now that the plague is over.
qey2hh1|Junth_McMannus|Good to meet you.
qey2hh1|Kobot_Dellin|No time to talk!! I must be on my way. I am in a race with the paladins from the Temple of Life.
qey2hh1|Konia_Swiftfoot|Hello there, $N. I am hosting a relay running contest. Would you like to participate?
qey2hh1|Kyle_Rinlin|No time to talk!! I must be off. The grains of sand are falling and I must prove that we paladins from the Temple of Thunder are the quickest.
qey2hh1|Lander_Billkin|No time to talk!! I must be on my way. I am in a race with the paladins from the Temple of Life.
qey2hh1|Lars_McMannus|Hello. The name's Lars McMannus of Clan McMannus.
qey2hh1|Lempeck_Hargrin|Gree.. .. tings. How are you? Don't get too close to me. I've come down with something bad.
qey2hh1|Linaya_Sowlin|Greetings! It is always nice to meet another traveler. The roads of the Plains of Karana are heavily trodden, but sparsely patrolled. Be careful of bandits and especially of giants. I have seen a few since my move from the Jaggedpine.
qey2hh1|Minda|Hello. Nice to make your acquaintance. Be careful in the plains. There are many creatures. Just stay close to the guard towers.
qey2hh1|Misla_McMannus|Hello. You look a mite scrawny. You should purchase some fishcakes. They will add muscle to your frame.
qey2hh1|Mistrana_Two_Notes|Hail, $N - Are you interested in helping the League of Antonican Bards by delivering some mail?
qey2hh1|Misty_Storyswapper|Nice to meet you, $N. If you are a fellow bard. I must inform you that you will make no profit around here. Not with Guard McCluskey around.
qey2hh1|Parcil_Vinder|No time to talk!! I must be on my way. I am in a race with the paladins from the Temple of Life.
qey2hh1|Quegin_Hadder|No time to talk!! I must be off. The grains of sand are falling and I must prove that we paladins from the Temple of Thunder are the quickest.
qey2hh1|Renux_Herkanor|Master Hanns is going to kill me! I let that dark assassin look at his prized poison collection and he lifted it all when I wasn't looking! He even snatched his Grandmaster's Vial! Master Hanns was so furious he grabbed one of his old blades from his collection and jabbed it at the wall so hard it shattered! I really need some help replacing all that was ruined or I have a feeling Master Hanns is going to send me on a suicide mission!
qey2hh1|Rongol|Great!! I have fifty acres to seed and now I have visitors stopping by to waste my time!!
qey2hh1|Ronly_Jogmill|No time to talk!! I must be on my way. I am in a race with the paladins from the Temple of Life.
qey2hh1|Ryshon_Hunsti|Hello, $N. What brings you to the Karanas? Do you seek enlightenment?
qey2hh1|Sera_McMannus|Well, let's not just stand here gawking! Please purchase something or move on.
qey2hh1|Tolony_Marle|No time to talk!! I must be off. The grains of sand are falling and I must prove that we paladins from the Temple of Thunder are the quickest.
qey2hh1|Tukk|Great!! I have fifty acres to seed and now I have visitors stopping by to waste my time!!
qey2hh1|Ulrich_McMannus|Welcome to the village of McMannus. We sell many goods. Feel free to look around - just keep your hands to yourself and mind Frostbite. Good day.
qey2hh1|Vilnius_the_Small|$N, just because I am short don't mean I can't bounce your $R rump all over these hills. Now, do you have something for me, or are you just in search of a rump bouncing?
qey2hh1|Yiz_Pon|Argh... The beasts are on my tail. They will find me soon... I gave them the skull and still they pursue me!
qey2hh1|a_wandering_spirit|a wandering spirit stops and flashes brightly for a moment. It seems to be regarding you with interest.
qeynos|#Lanhern_Firepride|Why, hello there!! What is a powerful adventurer such as yourself doing in a dive like this? I hope it is buying little ol' me a drink...?
qeynos|Anehan_Treol|Ah.. Hello there.. $N, was it? Yes, right, $N. Anyhow, my name's Anehan Treol, member of the League of Antonican Bards. Feel free to visit our humble guild house here in South Qeynos. It's called the Wind Spirit's Song and we often put on free shows there. I think you'd enjoy it. Anyway, nice chatting with you, and I hope to see you again soon.
qeynos|Barthal|Hail, $N! We've got the best prices in town.. No need to shop around.. Heh, heh. I think I'll make that my new slogan!
qeynos|Bassanio_Weekin|Go to the taverns if you're looking for talk.
qeynos|Behroe_Dlexon|Ah, greetings, $N! How are you this evening? Hopefully, you are faring much better than I.. I'm stuck on the night watch here, and never get to see my lovely Aenia. Ah.. she is so sweet.. I wrote her this beautiful ballad, but I fear she may never hear it.
qeynos|Belious_Naliedin|Welcome, my name is Belious Naliedin of the League of Antonican Bards. A few years ago, I had finally saved up the money, and I bought this place. I settled in, and have been working here ever since.
qeynos|Brin_Stolunger|What? What?!! Are we a young steel warrior.. Or another spectator for the Arena?
qeynos|Bruno_Barstomper|Greetings, $N. Welcome to Fish's Ale. Have fun but watch your step. We get a rough crowd in here and I would hate to have to bust your head in if you started trouble.
qeynos|Byjan_Timbokker|Greetings! Please do not ask me to donate to the Knights of Truth or the Priests of Life. I have enough gold going to the city of Qeynos with all these new taxes!
qeynos|Caleah_Herblender|Greetings, and welcome to my humble little shop. I sell and trade various goods for my fellow wizards of the Order of Three. My assistants, Hanlore and Drawna, specialize in magicians' and enchanters' goods and would be glad to help you, too.
qeynos|Captain_Rohand|Greetings, friend, and welcome to the Mermaid's Lure. Here, we sell fishing supplies and some imported goods from far-off lands. And, if you've got a few minutes, I could even tell you a story or two.
qeynos|Captain_Tillin|Hail, $N! Spend your time wisely in the city of Qeynos. Do not let your mind wander to thoughts of bravado or crime. My guards can easily put to rest any outbreaks. Good day to you, citizen!
qeynos|Cassius_Messus|Hail! What do think of Lisera? She aint' much to look at, but soon she will be singing again.
qeynos|Chesgard_Sydwen|May Karana guide you. Are you a citizen of Qeynos or a visitor?
qeynos|Daedet_Losaren|Welcome, $N. I am Deadet Losaren, faithful priest of Karana. You appear to be in search of guidance or perhaps you are merely a visitor to the temple of thunder wishing the blessing of holy armor?
qeynos|Daenor_Casthopur|Ah, hello there, $N, and welcome to the Hall of Sorcery! I'm Daenor, a wizard of the Order of Three. I can help you practice your skills and learn some new ones.
qeynos|Danaria_Hollin|Greetings! Nice to meet someone with manners. I do not see how you people stand to live in this madhouse of ruffians. I would have left weeks ago if I were not waiting for a delivery. Oh, well. Nice to have met you.
qeynos|Den_Magason|Oh, hey there.. How ya doing? My name's Den. I work for ol' Rohand here, unloading the shipments that come in from overseas.
qeynos|Earron_Huntlan|Greetings, thirsty adventurer! Please help yourself to the free salty snacks. We are here to serve you at the Lion's Main Tavern. Allow yourself to indulge from our wide selection oof fine spirits.
qeynos|Ebon_Strongbear|Welcome. I am the champion of the Steel Warriors. There are none who can challenge me. I guide this brotherhood of Steel Warriors. From Qeynos to the trade city of Freeport, the ways of the Steel Warriors are taught. I welcome all young Steel Warriors.
qeynos|Edvard_Tommels|Greetings, $N. Thank you for stopping by. Had you heard I was looking for any and all information regarding the Tesch Val incursion? Perhaps you have come to help me gather knowledge? I seek the Tesch Val scrolls!
qeynos|Eve_Marsinger|Hail, $N. Are you interested in helping the League of Antonican Bards by delivering some mail?
qeynos|Executioner|I have no time to talk, citizen. Please, step aside!
qeynos|Faren|Oh.. Hiya, I'm just out here fishing, since I can't find a job. I hope this bait I just bought catches me a big ol' fish.
qeynos|Fish_Ranamer|Hail, $N! Welcome to Fish's Ale. I am Fish Ranamer, owner of the joint. Come in and have some brew but don't be startin' no trouble or Bruno will bust you open!
qeynos|Gahna_Salbeen|Greetings. This is a grand city. I plan to make much profit here.
qeynos|Gash_Flockwalker|Good day to you. Your city of stone walls is quite magnificent. Still, the glory of Surefall Glade puts this city to shame.
qeynos|Gehna_Solbenya|Greetings and blessings to you, $N. Karana offers you his protection and guidance. All who accept the offer shall find safe haven within our Temple of Thunder, If you are a cleric of Karana, you must have a desire to serve Karana's flock.
qeynos|Gharin|Good day! I see they have good stock for the future armies of Qeynos. I, myself, wish to be a soldier one day instead of doing this job.
qeynos|Ghul_Rustem|'Yes? What?' Ghul fingers the hilt of the dagger that sits in his belt. 'I'm a very busy man. I have thoughts upon my mind.'
qeynos|Ginleen_Harltop|Hail! Keep all combat to the center of the ring. So says Ebon Strongbear.
qeynos|Grahan_Rothkar|Hail, $N! What business do you have in the pens of the Qeynos Arena? Have you a report of the escaped catman?
qeynos|Guard_Augos|Yeah, my name is Augos... Listen up! Kane says I don't have to talk to none of you peons if I don't feel like it. I DON'T feel like it. So unless you want trouble, get a move on!
qeynos|Guard_Beren|What do you want? Are you friends with that lousy dwarf?! You had better not be unless you want to spend the rest of the week bleeding!
qeynos|Guard_Calik|Hail, $N! Have you tested your mettle on the Grounds of Fate yet? They are here in South Qeynos and there is always someone there looking for a challenging opponent. Beware, though, once you are on the arena floor you are fair game to anyone who wishes to have your head on their pike.
qeynos|Guard_Corshin|Hail, $N! Guard Corshin Kiniss, at your service. You should be careful in Qeynos after dark. We have had several bodies wash up under the docks over the past few weeks. We wouldn't want anything to happen to you.
qeynos|Guard_Cyrillian|Hey, $N. Heh, heh. Keep up the good work. Commander Bayle needs all the patriots he can get. He says the time is near, now that the Shrine of Bertoxxulous in the aqueducts is complete.
qeynos|Guard_Dunix|Greetings, $N. Have you seen the fine clock in Merchant's Square? It was a gift from the gnomes of Ak'Anon to Antonius Bayle and the people of Qeynos.
qeynos|Guard_Forbly|Ahoy, $N! My name is Forbly Taxx. My father was a sailor and we settled here in Qeynos. I love the sea air. I don't know why anyone would ever want to leave.
qeynos|Guard_Jerith|Um, sorry, $N. I don't wish to be rude, but I must not be distracted while I am at my post. Commander Bayle trusted me with this watch and I will not let him down.
qeynos|Guard_Kwint|Hail, $N! Are you new to Qeynos? If you are, I highly recommend stopping by the Lion's Mane Tavern for the best ale in Antonica. Oh, did I mention that my brother Earron is the master brewer there? Tell him Kwint sent you.
qeynos|Guard_Lasen|Greetings, $N! Whew! I sure get parched out here on patrol. Even when it rains I can't help but build up a thirst defending the good people of Qeynos.
qeynos|Guard_Mezzt|Haawwwl. Whasnsuud grurffnunnnsuuuss.
qeynos|Guard_Naret|Hail, $N! How's the life of an adventurer treating you? If you need some extra income, you might visit Captain Tillin at the Grounds of Fate. He is recruiting volunteers to help defend the city from the gnolls to the north.
qeynos|Guard_Oleph|Oh good. Another fine example of why I am growing to hate this city. If Commander Bayle were running things here, we would not have to put up with weaklings like you walking our streets.
qeynos|Guard_Perin|Hail! My name is Perin. If you had any smarts at all you would be careful who you talk to around here.
qeynos|Guard_Phaeton|Hail, $N! What brings you to the docks? Come to visit ol' Captain Rohand and do some fishing? I plan on doing that when I can get a day off.
qeynos|Guard_Quedal|<Burp!> Heh? $N? Nevah hoid o' ya. Beat it. I got woik ta do.
qeynos|Guard_Relam|Well met, $N. My name is Relam Yenn and I have sworn to uphold the laws of Qeynos. As long as you stay out of trouble, we will get along fine.
qeynos|Guard_Tyrak|Heh. Me name's Tyrak. Guardin' is what I do. But I likes when I gets to bash faces, too.
qeynos|Guard_Urius|Greetings, $N! Be sure you watch your purse when walking around Qeynos at night. There seem to be a lot more thieves operating here than there used to be. We guards are doing our best to keep you safe, though.
qeynos|Guard_Wenbie|Hello, $N. What brings you to Qeynos? Must be the mighty fine muffins over at Voleen's Bakery. I just love those muffins!
qeynos|Hansl_Bigroon|Greetings, $N! Are you a citizen of Qeynos or are you a traveler of sorts?
qeynos|Iala_Lenard|Welcome to my humble establishment! I specialize in cloth, but lately I have begun to dabble in silk, the finest material I have ever used.
qeynos|Indaria|Hello, have you seen my daughter?
qeynos|Joffrey_Clay|Greetings, friend. My name is Joffrey. I'm trying to learn to play the flute. I'm also working on a new song I learned while I was visiting Kelethin.
qeynos|Juegile_Sohgohm|Why hello there $N! Its not often that I get many visitors to our sacred hall here. I am Juegile Sohgohm, Master Elementalist of the Order of Three. I have studied in these hallowed halls for all of my days. In my spare time I also pride myself as being a mentor for all of our new apprentices. If you are a young Magician, Wizard or Enchanter and you hail from the Order of Three house I might have some work for you.
qeynos|Jusean_Evanesque|Why, hello there, $N! I am Jusean, loyal member of the League of Antonican Bards. You look like the reliable sort, maybe you could help me out for a bit, huh? It's about time for our field agents to turn in their watch reports, and I need someone to go pick them up for me.
qeynos|Karn_Tassen|Hello $N! Welcome to our humble little bakery. We just got a fresh shipment of supplies in, have a look around!
qeynos|Kasine_Paegra|May the blessings of the Rainkeeper protect you in your travels. I am Kasine Paegra, keeper of the Order of Thunder medallions.
qeynos|Kazlo_Naedra|Hail, $N. I'm Kazlo Naedra of the Order of Three. We always seem to be running out of supplies around here, which is, of course, very distracting to our studies.
qeynos|Klieb_Torne|Hey, $N! Do I know you from somewhere? Highpass? Nah, you ain't who I thought you were. If I were you I would just keep my trap shut and buy some drinks.
qeynos|Lanhern_Firepride|Good day, traveler! You look as though you are in need of superior armor. We here at Firepride's specialize in armor. My husband, Ton, knows his way around the anvil.
qeynos|Largon_Welsh|Grab a pole and start fishing. You never know what you will catch. Rohan is offering a reward for some fish. Dead or alive!
qeynos|Lieutenant_Arathur|Hail, $N! Lieutenant Arathur Swelnik at your service. I take great pride in keeping Qeynos safe and proper. I also try to bring the word of Mithaniel Marr to the people of this fine city.
qeynos|Lomarc|Do I know you? Don't stick your nose where it don't belong. It might just get cut off.
qeynos|Mar_Sedder|Hail, $N. What brings you to the Tin Soldier? We have the finest in previously owned weapons and armor. Feel free to browse.
qeynos|Marlin_Bizmite|Greetings, fellow fisherman. You must be a fisherman. You have the stench of one. If you are not, might I suggest this new pastime I have heard of? A bath!!
qeynos|McNeal_Jocub|Good ta see ya! Now start showin' these poodlewalkers how a real fish drinks!
qeynos|Meera_Lylon|Hello. I am afraid I cannot tell you much about my merchandise. I was hired by Ton to look after the shop at night. I can tell you that you would find a better deal during the daytime hours. Ton instructs me to charge more for nighttime service.
qeynos|Menkes_Tabolet|Greetings, fine citizen of Qeynos, what can I make for you today? How about a genuine, handmade rat fur cap? Or maybe a lovely rat pelt cape? Maybe you'd like a necklace? For a small fee. I can make a nice snake fang necklace or a lucky rat's foot necklace.
qeynos|Mespha_Tevalian|Greetings.. I am Mespha Tevalian, Master Enchantress of the Hall of Sorcery and the Order of Three. Here, we all study the three circles of magic, and lend our services to citizens of Qeynos. Rumors of an underground group calling themselves the Bloodsabers have recently been spreading throughout the city. It is our duty to help local guards protect Qeynos' citizens from this new evil.
qeynos|Micc_Koter|Oh, hello, $N. Don't mind my associate Klieb over there. He gets quite grumpy when he drinks. We are relatively new here ourselves but have made some fast friends in Qeynos. This is a city of opportunity.
qeynos|Miltiades_Tal`Azroth|Greetings and salutations $N. I am Miltiades Tal`Azroth Crusader of Karana. I have spent all of my years here in Qeynos and gathered infinite knowledge from my teachers on my path to enlightenment. I have also started training new recruits to help them find their calling as a Holy Warrior of Karana. If you are a Paladin of Karana I might have some tasks for you to complete.
qeynos|Moran_Smith|Greetings!! Moran here. I just love this city. I traveled from Freeport to Qeynos to stay far from the Freeport Militia.
qeynos|Morty_Prysmith|Greetings to you, $N. Try the Ogre Swills in this place. They get it to just the right consistency! You could stick a dagger in it and it would stand straight up!
qeynos|Nesiff_Tallaherd|Greetings, $N! Nesiff Tallaherd, owner and operator of Nesiff's Wooden Weapons, at your service. I am the finest woodworker in all of Qeynos. Even the Qeynos Guard uses my arrows, thanks to Guard Weleth.
qeynos|Nindle_Hogster|Hello! You should take up fishing. It really relieves the stress that accompanies heavy adventuring.
qeynos|Nostahla_Westfend|Greetings.. I am Nostahla Westfend, understudy of Gahlith, and Second Master Wizard of the Order of Three.
qeynos|Nug_Rellash|Hello, $N. I am Nug Rellash, assistant brewer and barkeep at the Lion's Mane Tavern. Come in and enjoy the drinks.
qeynos|Rabley_Trumend|Buy something!! This is no tavern! I am not selling conversation!
qeynos|Raffel_Minnmorn|Hello, friend. I am visiting from the plains. I hope to make a FORTUNE here in Qeynos.
qeynos|Raz_The_Rat_Misk|Spare 3 gold so I can get a decent meal for once, master?
qeynos|Renic_Losaren|Welcome, $N. Please feel at ease here in the Temple of Thunder. We, the Knights of Thunder, are here to guide and serve.
qeynos|Rucio_Divella|Hello, fellow citizen! Welcome to the Office of the People. What can I do for you?
qeynos|Runethar_Hamest|Welcome to the Temple of Thunder. We are home to paladins and clerics who follow the ways of Karana. Do you need guidance or are you already a follower of Karana?
qeynos|Sansa_Nusk|Hello.. Welcome to the Wind Spirit's Song. I'm Sansa, and I help out the local bards here.
qeynos|Solani_Dayadil|If you are a fellow merchant. I must warn you of the inevitable tax increase. Antonius Bayle is soon to make a deal with the people of Surefall Glade.
qeynos|Sollari_Bekines|Hello, there! I am Sollari Bekines of the League of Antonican Bards. I am at your service to train you as best I can. There have been a number of young bards entering our concert halls lately seeking guidance. If you are a young bard in search of training. I might have some work for you.
qeynos|Soulbinder_Novalu|Greetings $N. When a hero of our world is slain their soul returns to the place it was last bound and the body is reincarnated. As a member of the Order of Eternity it is my duty to bind your soul to this location if that is your wish.
qeynos|Tabure_Ahendle|What have we here? Perhaps a future Ebon Strongbear? A member of the Steel Warriors? If the way of the warrior is not to your liking, might I suggest joining the League of Antonican Bards? The only damage you might take there is a sore throat! HAHAHA!
qeynos|Talym_Shoontar|How are you, friend? It is a good day to be alive in Antonica! If you should happen to visit Surefall Glade, say hello to Hager Sureshot for me.
qeynos|Tasya_Huntlan|Hail, $N! Are you just visiting Qeynos? We have plenty of rooms available or, if your throat is parched, you can always visit Earron in our pub.
qeynos|Ton_Firepride|Greetings, adventurer! A mighty warrior such as yourself deserves only the finest in armor and we here at Firepride's were trained by the finest dwarven smiths. We shall be branching out and crafting other items soon, also.
qeynos|Tralyn_Marsinger|Hail, $N. If you are interested in helping the League of Antonican Bards by delivering some mail then you should talk to my wife, Eve.
qeynos|Trumpy_Irontoe|Heh? What's yer name? $N? Never heard of ya. Now quit breathin' on me and buy us some drinks!
qeynos|Unsar_Koldhagon|Hello, $N, I am Unsar, student of Mespha. I am working on a spell. . . I call it Unsar's Glory. Great name, huh?
qeynos|Vansted_Rohenga|Pleased to meet you $N. I am Vansted Rohenga High Priest of Karana. I have spent all of my years studying the ways of the Cleric in our wonderful Temple of Thunder. We receive many new recruits every day and it is my duty to place them in my training program.
qeynos|Vicus_Nonad|Greetings, $N. My name is Vicus Nonad. <cough> I am the official tax collector for the fine city of Qeynos. <cough> I serve the will of Antonius Bayle, our glorious leader. <cough> <cough> Please excuse my cough. <cough>
qeynos|Voleen_Tassen|Oh, it's so nice to see you again $N. Why don't you have a look around and buy something nice for yourself today?
qeynos|Wolten_Grafe|Hail, noble $N. Remember to spread the words of Karana throughout the faraway lands on which you shall tread. We of the Temple of Thunder are looking for new members - good people who wish to join our cause. Let the call go out!
qeynos|Wrin_Liltin|How are you doing this fine day? I am sure you are an adventurer and I know adventurers are weighed down by excessive platinum coins. Why not purchase something?
qeynos|Wylin_Dodmil|Excuse me, but you should not be down in the pens. There are very dangerous creatures kept here. For the gladiator games, you know.
qeynos|Xantomo_Salmor|Hail and well met $N. Are you inquiring as to the legendary happenings I might have heard of in passing? I will tell you the tale if you are interested in hearing it.
qeynos|Yakem_Oreslinger|Greetings friend $N! I am a provider of the highest quality steel ore known to Norrath! This ore is in such demand that I often run low and find it difficult to restock my supplies. If you're looking for a job I will gladly pay you for some of your time.
qeynos|Zamel|Greetings, good $N. My name is Zamel and I have the much coveted duty of pulling sludge up out of the pools and aqueducts of Qeynos..
qeynos|an_investigator|an investigator raises one eyebrow and looks at you with suspicion before returning his watchful eye to the many people going about their business in the city.
qeynos2|Aenia_Ghenson|Why, hello there! I'm Aenia, daughter of Dranom. It's such a bore just sitting around here all day and night. My father is soooooo overprotective! He never lets me go out and have any fun at all. And he's so mean to my poor boyfriend!
qeynos2|Astaed_Wemor|Greetings. I am Astaed Wemor of the Paladins of the Temple of Life. We are the defenders of the all-giving Prime Healer. Are you here to pray or are you here to assist the temple?
qeynos2|Brohan_Ironforge|Please, leave me be alone. I have such sorrow in my heart... I wish to be alone with my thoughts.
qeynos2|Camlend_Serbold|I say, good to meet you, $N! I am Camlend Serbold. Some call me Serbold the Great. I am the leader of the righteous order of paladins which serves the Temple of Life. Together with the clerics of this temple, we defend the will of the great Rodcet Nife and smite all who dare to oppose us.
qeynos2|Corporal_Lancot|Greetings, $N! Welcome to the fine city of Qeynos! If you wish to join our fight against the evil gnolls of Blackburrow, be sure to talk to Captain Tillin in the Hall of Steel.
qeynos2|Crow|Welcome to Crow's! If you're thirsty, we have a fine selection of brews and ales.
qeynos2|Davloran_Girionlis|Good day $N. I am Davloran Girionlis Holy Knight in service to the Prime Healer Rodcet Nife. I pride myself on being responsible for ridding my homeland of unimaginable evil during my fighting days. Nowadays I just like to train new Temple of Life paladin recruits.
qeynos2|Dranom_Ghenson|Hello there, $N. My name's Dranom Ghenson. My daughter, Aenia, and I moved out here from Freeport about a year ago. That dump of a city is just horrible! I feel that Qeynos is a much safer place for Aenia and myself to set up our shop. I only have a few things to sell right now, but hopefully business will pick up soon.
qeynos2|Dren_Ironforge|Welcome to Ironforge's. We are the makers of all things fine. Would you care to view my wares, or have you come to learn the fine art of crafting Antonian Weapons?
qeynos2|Enic_Ruklin|Hail! These are the sacred grounds of the Temple of Life. Please do not cause any disturbances while on our grounds. I would hate to have to hurt you. In the name of Rodcet Nife, of course. Now excuse me, I have a problem to attend to.
qeynos2|Faldor_Hendrys|What do you want?! Can't you see I am busy drinking here? You don't even look like you belong here. You can have my seat when I am good and ready to leave, which won't be for a while yet. If I were you, I would get lost before I got myself hurt.
qeynos2|Felodius_Sworddancer|Hello, $N. I am Felodius Sworddancer. A travelling historian and storyteller. Would you care to hear a story?
qeynos2|Filian_Weagleross|Pleased to meet you $N. I am Filian Weagleross High Priest of the glorious Rodcet Nife! I have recently taken upon some very important duties here in our temple so if your business is not urgent please excuse me.
qeynos2|Flynn_Merrington|Oh look.. another gnoll pup. This bar is too rough for the likes of you. Why don't you try Fish's. We don't need any more regulars here, chump!
qeynos2|Gerault_Takenmaul|Hello. Please feel free to browse. We make the finest boots in all of Antonica.
qeynos2|Ghil_Starn|I'm Ghil... I used to run a small business before I hooked up with Hanns. Together, we muscled our competition out of Qeynos. But I'm getting too old for the rough stuff anymore, so I just lay low down here and peddle my goods. Anyway, I gotta get back to work and pack up this shipment for ol' Denny-boy.
qeynos2|Guard_Aerryn|Hail, $N! I am sorry but I do not have time to chat, as I must get back to my patrol. May the Prime Healer walk with you!
qeynos2|Guard_Buce|Greetings, citizen! While I have taken an oath to protect you. that does not mean I have to waste my breath talking to you.
qeynos2|Guard_Deregan|Hail, $N. I am Deregan. I used to be an adventurer much like yourself. Of course I was not as frail and childlike as you appear to be.
qeynos2|Guard_Drath|Hail, $N. If you are not busy, we can always use help keeping the beetle population under control in front of the gates. But be careful, we have had sightings of a large queen beetle out there.
qeynos2|Guard_Elron|Greetings. I am sorry but I can't concentrate on my post and talk to you at the same time. Especially when I should be out searching for Lucie.. Please excuse me.
qeynos2|Guard_Erabb|Hello, $N. Shh.. Come here. I am worried. I am new to this job but already I get the feeling something is wrong. I have seen one of the lieutenants talking to a suspected necromancer. It appeared they were old friends. Something dark is growing in Qeynos. Be careful!
qeynos2|Guard_Furithane|Hail, $N. You'd better not be in Qeynos to start trouble. Commander Kane has little patience for ruffians. If he were in charge of Qeynos, things would be much better.
qeynos2|Guard_Gehnus|Hail, $N! Good to see ya! Welcome to Qeynos! My name is Gehnus Torris. If you are looking to do some trading. I would steer clear of that Tubal fellow. He is from Highpass Hold and they are well known for taking advantage of travelers.
qeynos2|Guard_Hewet|Well met $N, but I must get back to my duties. Stay out of trouble.
qeynos2|Guard_Hezlan|Hello, $N. My name is Hezlan Nur and I am a member of the Qeynos Guard, serving the will of Antonius Bayle. Anything or anyone trying to get into Qeynos has to go through me first. Heh! I sure love it when those dirty Sabertooths try, though! Nothing is as gratifying as the death wail of a gnoll.
qeynos2|Guard_Imkar|Hello, $N. My name is Imkar and I am kind of new at this job but I can give you some advice. Be careful here in Qeynos. There are many dark forces at work here that are best left undisturbed.
qeynos2|Guard_Liben|Hello there, $N. Guard Liben at your service. You can walk the streets of Qeynos and feel safe knowing that we guards are here to protect you. Just be careful not to fall in with the wrong crowd.
qeynos2|Guard_Obyn|Hello there, $N. Obyn is my name. Are you from Qeynos? I was born here myself. It's the best city in all of Norrath, if you ask me. Well I'd better get back to guarding.
qeynos2|Guard_Rashik|Hello, $N My name is Rashik Hiccs and I would like to welcome you to Qeynos on behalf of all the guards. If you get into trouble, just find one of us and we will help you out.
qeynos2|Guard_Treitan|Hail! Please leave here immediately. This no place for the common citizen.
qeynos2|Guard_Vaskif|Good evening to you, $N. Beware. We have had reports of the undead prowling about on the plains just north of there. Evil is growing here in Qeynos. I can sense it.
qeynos2|Guard_Wefnin|Hail, $N. If you are looking for the way to South Qeynos, the passage through the city wall south of the cobbler's shop leads to the Merchant's Square near the Clock of Ak'Anon.
qeynos2|Guard_Weleth|Hail, $N. My name is Weleth Nagoh. In addition to my patrol, I am in charge of keeping the guardhouse stocked with supplies. I must get back to my duties. Farewell.
qeynos2|Hanns_Krieghor|My name is Hanns.. Do as I say, and we shall get along just fine.
qeynos2|Hurrieta_Ironforge|What are you doing back here?! I cannot stand it when the children allow their friends to run rampant on our estate. Please leave!
qeynos2|Jaylia_the_Faithful|Greetings, $N. I am Jaylia the Faithful, daughter of Raiston and Launa Lightmist. I was born in Qeynos while it was under the rule of Antonius Bayle III. My parents were both paladins of Rodcet Nife and protectors of the city. They saw to it that I learned the ways of the Holy Knights.
qeynos2|Jracol_Brestiage|You'd better run along, if ya know what's best for ya!
qeynos2|Kane_Bayle|Hail, citizen! I am afraid you are not allowed in this building. You will have to leave. Good day to you.
qeynos2|Knargon_Lanenda|Hey.. What's up? My name's Knargon Lanenda. I just came over here from Freeport a couple of months ago. I used to run a big business importing goods from Faydwer. If you've been to Freeport. I'm sure you've heard of me.
qeynos2|Lashun_Novashine|Well met, $N. My name is Lashun Novashine and I am a humble priest of Rodcet Nife, the Prime Healer. I wish to spread His word to every corner of Norrath. My job gets more difficult each day with so many so willing to take lives rather than preserve them.
qeynos2|Leanon_Ruksey|Ah, good day, friend. My name's Leanon Ruksey, loyal member of the League of Antonican Bards. Qeynos Chapter, of course. It's part of my job to keep up with the goings-on of the city, who's coming and going and all that. So we usually keep a man here and one at the docks. Anyway, nice chatting with you. Be careful out there!
qeynos2|Lieutenant_Dagarok|How dare you disturb me! You people need to just mind your pathetic lives and leave the rest to us. Leave me now!
qeynos2|LuSun|Ah.. Greetings.. I am Lu'Sun, Guild Master of the Silent Fist Clan. Here, our goal is to train our body, mind, and soul to the peak of perfection.
qeynos2|Moodoro_Finharn|Greetings, fellow traveler! I gotta tell ya. I love this town. Especially Crow's. Although the crowd seems a bit shadier than other places of the sort.
qeynos2|Nerissa_Clothspinner|Good day to you! Be careful in the city of Qeynos. Rumors of corruption may be true. Believe me. I wish my sister were here to help.
qeynos2|Nomsoe_Jusagta|Greetings and welcome to the Temple of Life! The healing of the world shall begin within. Let me know if you have seen a new disciple of life. I have a task which needs to be attended to.
qeynos2|Pelshia_Thuxpire|Heya.. If you see anything you like, I'm sure we can make a deal.
qeynos2|Phin_Esrinap|Hello, my name is Phin. Practice, practice, practice.. That's my motto. It is my responsibility to train our members, and help them to advance their skills and abilities. I also reward our members with colored Headbands for completing certain tasks.
qeynos2|Priestess_Caulria|Welcome to the holy Temple of Life. Your presence shows an interest in our ways. We are the followers of the Prime Healer and would gladly open our arms to any who serve Rodcet Nife. Do we not all owe our lives to the sustaining force of the Prime Healer?
qeynos2|Priestess_Jahnda|Welcome to the Temple of Life, where the will of Rodcet Nife, the Prime Healer, is carried out. I am the High Priestess Jahnda. If you require any training in our ways, please talk to any of our priests or any of the paladins of the Temple of Life.
qeynos2|Quinon_Hulleaf|Eh?... <yawn>... Ah good evening to you, too, $N. I'd be careful outside the city gates tonight if I were you... I've heard rumors of evil people and undead wandering the hills recently.
qeynos2|Reldin_Harkolis|Hail $N. Know that only within these few passageways and rooms whose borders are marked by the symbol of the Circle of Unseen Hands can we speak freely of our organization and its undertakings. Neither the streets of the city above nor the sewers and catacombs are free of ears that would harm the Circle of Unseen Hands should they hear of our secrets.
qeynos2|Rendallen_Ironforge|Greetings and welcome to Ironforge Weapons! Be sure to purchase Ironforge weapons, they are assured not to break during combat.
qeynos2|Renux_Herkanor|You need something, or are you just browsing?
qeynos2|Rineval_Talyas|Hello, $N.
qeynos2|Rodgar_the_Tall|Greetings, $N! You look like you could use some new footwear.
qeynos2|Roesager_Thusten|Hail, $N! My name is Roesager Thusten. Paladin of Life. I am a loyal servant of the Prime Healer and I seek to destroy all who wish to bring death and disease to the land of Norrath.
qeynos2|Sabnie_Blagard|Greetings. thirsty traveler! I recommend trying Crow's special brew. It's the brew that put Qeynos on the map!
qeynos2|Seta_Bakindo|Ah... Welcome friend. I am Master Seta, of the Silent Fist Clan. We know that true strength lies inside your soul. Once you have found and mastered it, your fists will be deadlier than any blade. I am also currently in charge of training our new recruits. If you are new monk of the Silent Fist I have some tests for you to complete.
qeynos2|Shenro_Kazpur|Greetings, and welcome to my shop. I am humble merchant Shenro Kazpur of the Silent Fist Clan.
qeynos2|Sneed_Galliway|Hello, $N. I am Sneed Galliway, merchant and citizen. I run the only general store in all of Qeynos, serving the needs of the many adventurers who call Qeynos home. If only one of them would take the time to help me with my er... problem...
qeynos2|Suuspa_Clanim|Welcome to the Temple of Life, $N. It is here that you may pay tribute to the Prime Healer. Does not your heart beat with the sound of life? It is He who makes it so. Do not let the hand of Bertoxxulous and his new disease lay upon your soul or, like so many, you shall meet your fate at the end of my sword!
qeynos2|Svena_Ironforge|Welcome to Ironforge Jewelers. We are the finest jewelers this side of the Serpent's Spine.
qeynos2|Togahn_Sorast|Greetings.. I am Second Master Togahn Sorast. I am here to teach the ways of our guild. For our more advanced members, I will give out headbands as a reward for their contribution to the clan.
qeynos2|Tomer_Instogle|Ahhhgggg.. Those mangy dogs put up a tough fight.. If I don't make it back to the Clan House soon, it'll all be over for me.
qeynos2|Tonmerk_Plorsin|Hello, child. Welcome to the Temple of Life. Here, you may pay homage to the Prime Healer, Rodcet Nife. If you are in need of healing or require me to cure disease or cure poison, please inform me. I am the resident healer of all Qeynos citizens.
qeynos2|Tubal_Weaver|Hail, $N! I am Tubal Weaver, humble merchant and retired guardsman of Highkeep. I make a tidy living dealing with the throngs of adventurers who take it upon themselves to keep Qeynos beetle-free. If you want some free advice, I recommend that you not deal with any of the merchants in town. I can offer much lower prices than they because I do not have the overhead of a shop to maintain.
qeynos2|Tyokan_Mekase|Please look around. We have many items exclusively for the members of the Temple of Life. We also have scroll strongboxes. If you are unsure of what an item is, feel free to ask me.
qeynos2|Umvera_Dekash|What, $N? Do I look like a merchant to you? Just because all these merchants are in my library, it doesn't mean that I am one. If you are interested in something other than spell scrolls, then, we can talk.
qeynos2|Vegalys_Keldrane|Greetings to you, citizen. By order of the Council of Qeynos I have been given the duty of apprehending the individuals responsible for unleashing this terrible plague upon the people and the lands of Antonius Bayle. The more I look into this matter, the more I come to find that this will be no easy task.
qeynos2|Whysia_Flock|Good evening, $N. Feel free to take your time browsing. The temple shop is open night and day for your convenience. Most clerics need access to their scroll strongbox at all times.
qeynos2|Zannsin_Resdinet|Hey.. My name's Zannsin, but you can call me Zan.
qeynos2|Ziska_Ironforge|Welcome to our home of the finest jewelers in all of Norrath.
qeytoqrg|#Apprentice_of_Saxuus|Hello $N, nice to meet you. I just came out to run some errands.
qeytoqrg|Axe_Broadsmith|Greetings. The fishing is sparse here. You would fare better at Lake Rathe.
qeytoqrg|Baobob_Miller|Hello, there. My name is Baobob Miller. My sister and I are the best tanners in all of Norath. Wolves are my specialty. A nice wolf skin garment would be the perfect accessory to your stylish ensemble.
qeytoqrg|Barn_Bloodstone|You seem a little out of place here. You should go back to the nice little village you came from. This place will eat you alive. The Golden Rooster is no place for you.
qeytoqrg|Buzzlin_Bornahm|Ahoy there, swabby! This here side of the world sure is beautiful, ain't it?
qeytoqrg|Chanda_Miller|Um.. I do not know you. Please um.. leave me be.
qeytoqrg|Crumpy_Irontoe|Bug off! Unless you want an Irontoe boot to caress your head?!
qeytoqrg|Gnasher_Furgutt|Who are you? Did McNeal send you? If not, you would do yourself good to leave Gnasher alone. I have friends in high places.
qeytoqrg|Gornolin|Greetings, my fellow traveler. I am Gornolin Zot, traveling merchant of fine wares. Please. Take a look at what I have to offer.
qeytoqrg|Guard_Cheslin|Hail, mighty adventurer! I am Guard Cheslin Sydwend and I am here to serve and protect. Feel safe when we Qeynos guards are on watch. We are the best!
qeytoqrg|Guard_Leopold|Hail, $N. You had best keep moving. One who stands around too long in Qeynos Hills tends to get surprised by vicious creatures.
qeytoqrg|Hadden|Hello there, traveler. I hope you weren't planning on doing any fishing here. They don't seem to be biting much lately. What few fish I do happen to catch, I usually sell to my merchant friends in Qeynos. It ain't much, but it's a living.
qeytoqrg|Hefax_Tinmar|Hail, traveler! You can rest here in the tower. We shall protect you. I apologize for the scarcity of patrols.
qeytoqrg|Holly_Windstalker|Well met, $N. I am Holly Windstalker, Protector of the Pine. What brings you out to the Qeynos Hills? Not hunting, I hope. These stains on my blade are all that is left of the last adventurer I caught harming my bear and wolf friends.
qeytoqrg|Isabella_Cellus|Hello. How nice to meet you, $N!
qeytoqrg|Konem_Matse|Ah, greetings, young $N, how are you on this fine day? Perfect day for a nice stroll through the hills, if I do say so myself.
qeytoqrg|Lars_McMannus|Hello. The name's Lars McMannus of Clan McMannus.
qeytoqrg|Marton_Sayer|Welcome. Please stock up on provisions, especially if you are headed toward the lair of the vile gnolls. If so, I wish you much luck and many gnoll pelts!! I also have knowledge of a powerful dog. I pray you do not encounter him.
qeytoqrg|Mira_Sayer|Welcome $N. What brings you out this way? Be careful, we have had problems with bandits of late. As if the gnolls were not enough.
qeytoqrg|Misty_Storyswapper|Nice to meet you, $N. If you are a fellow bard. I must inform you that you will make no profit around here. Not with Guard McCluskey around.
qeytoqrg|Neclo_Rheslar|A Hello, citizen... Watch your step, there have been many vicious beasts about today.
qeytoqrg|Niclaus_Ressinn|Hail, $N. I am Niclaus Ressinn, loyal Paladin of Life. I am scouting the Qeynos Hills on orders from High Priestess Jahnda. We have received reports of undead prowling these hills of late.
qeytoqrg|Pyzjn|Hail, $N. Pyzjn is working for Master Varsoon. If Pyzjn do good work maybe Master Varsoon tell Master Bruax he is worthy. Pyzjn must go now. All glory to the Plaguebringer! May you die a painful, oozing death.
qeytoqrg|Rephas|Aagggh.. Get away from here.. Go, run.. Far away.. Or I shall call Karana's wrath upon you!
qeytoqrg|Rilca_Leafrunner|Well, it seems that you have something of importance that you wish to speak to me about? No? Then perhaps you can do something for me.
qeytoqrg|Sir_Edwin_Motte|Greetings, $N! How lucky you are to encounter the greatness of the legendary Sir Edwin Motte, slayer of cyclopes, battler of beasts, crusher of creatures, masher of monsters, eradicator of evil and champion of the third annual dart championship of Freeport.
qeytoqrg|Talym_Shoontar|How are you, friend? It is a good day to be alive in Antonica! If you should happen to visit Surefall Glade, say hello to Hager Sureshot for me.
qeytoqrg|Tol_Nicelot|I have no time to waste with strangers!
qeytoqrg|Tovax_Vmar|What? Who the heck are you and how do you know my name?! Never mind... Just leave me alone!
qeytoqrg|Varsoon|How dare you address me thus?! Your ignorance shall bring your doom!
qeytoqrg|Wyle_Bimlin|Greetings, fine friend! I bet you are in need of some fine tonics. Feeling a little low? Take a drink of my fine Zap Doodle Tonic. It will give you the energy of five hill giants! You are in luck, my friend! I have it on sale today, and today only. Matter of fact, the sale ends in five minutes or five footsteps, whichever comes first. So don't be down... get an upside-down frown with my Zap Doodle Tonic! All sales are final.
qrg|Bren_Treeclimber|Hello, $N. My name is Bren Treeclimber and I am a Protector of the Pine. We have sworn our lives to protecting all the animals of Surefall Glade. Poachers, beware!
qrg|Corun_Finisc|Hello. My name is Corun Finisc and I am one of the Jaggedpine Treefolk. It is our divine responsibility to watch over and protect Surefall Glade and its inhabitants from those who seek to destroy them.
qrg|Errin_Pinewhisper|Welcome to Surefall Glade friend. I am Errin Pinewhisper, Ranger of Karana the Storm Lord. You will find worshipers of both Karana and Tunare residing here in harmony. I train young rangers of both faiths and assist them in getting prepared for work in the often dangerous lands beyond the glade. If you are in need of a sturdy outfit suitable for work as a young ranger then I will gladly instruct you on the means to obtain one.
qrg|Frenway_Marthank|Greetings, stranger. Please excuse my melancholy state. I have had some bad news that has brought me great sorrow.
qrg|Gerael_Woodone|It is good to meet you, $N. You, my friend, are an adventurer. The rugged look of you testifies to that. Let me know if you plan to adventure in the Plains of Karana. I have need of a person such as yourself to deliver a flask.
qrg|Gillarian_Naelev|Welcome, friend. Welcome to Surefall Glade. I need not remind you about poaching, I hope
qrg|Hager_Sureshot|Greetings, $N. Feel free to rest here in Surefall Glade. Just be sure you do no hunting whilst here. If so, then you shall pay the punishment of death. I trust you will abide by the laws?
qrg|Larsk_Juton|Hail, Adventurer! I hope you are enjoying your time in Surefall Glade. You must be careful when leaving the Jaggedpine. There have been many report of Sabertooths attacking travelers.
qrg|Merdan_Fleetfoot|Yes Niera! Oh. Erm. Hi. I mean, uh. How are you?
qrg|Merona_Castekin|Oh, hello! Welcome to Surefall Glade. Are you planning a trip to Qeynos? If you are, I could use some help finding my brother.
qrg|Poacher|Hello, adventurer. I hope the land of Norrath has been kind to you. I myself have made a killing. Hunting is surely the sport of the rich. And if you are not rich at its start, you soon shall be, from the profit made off hides.
qrg|Salmekia_Treherth|Welcome to Surefall Glade, $N, the home of the Jaggedpine Treefolk. I help teach young druids the ways of our people. We have worshipers of both Karana, the Storm Lord, and Tunare, the All Mother, living here in the glade. If you are a new druid I will help you obtain a suit of clothing that will offer comfort and protection while working in the wilds and help protect you from the weapons of the Gnolls that wish to take these lands.
qrg|Sivina_Lutewhisper|Hail, $N - Are you interested in helping the League of Antonican Bards by delivering some mail?
qrg|Talym_Shoontar|How are you, friend? It is a good day to be alive in Antonica! If you should happen to visit Surefall Glade, say hello to Hager Sureshot for me.
qrg|Te`Anara|Welcome, friend! I hope your stay in Surefall Glade will ease your mind and soothe your soul. While you are here, we ask you to abide by the laws of the Jaggedpine.
qrg|Vesteri_Nomanoi|Hail, $N. I am Vesteri Namanoi. I provide training to the Jaggedpine Treefolk and their allies. If you are not busy, I would like to ask a small favor of you.
qrg|a_poacher|Hello, adventurer. I hope the land of Norrath has been kind to you. I myself have made a killing. Hunting is surely the sport of the rich. And if you are not rich at its start, you soon shall be, from the profit made off hides.
rathemtn|Abigail|Greetings! I am the holder of the secret of the Breastplate of Ro. You may rest here. You are quite safe within this camp of paladins.
rathemtn|Brother_Zephyl|Greetings. I am one with the Lost Circle. You have found me. What is it you desire?
rathemtn|Cynthia|Hello. I am Cynthia.
rathemtn|Darfumpel_Zirubbel|Hail, $N. I am Darfumpel, master jeweler and proprietor of this shop. How might I assist you today? Perhaps you need a stone cut or some jewelry repaired?
rathemtn|David|I, the keeper of the Bracers of Ro, welcome you. Come and rest within our camp. You have nothing to fear while such righteous might is gathered.
rathemtn|Elisabeth|Very good to meet you. $N. I am the keeper of the Greaves of Ro. Please feel free to rest and recuperate here. We shall see that you are safe from the evils of the Rathe Mountains.
rathemtn|Glaron_the_Wicked|Are you the one they sent to help our cause? I should have known they would send a green witch doctor to serve Bertoxxulous and myself. Very well, you will have to suffice. I have a task you must fulfill if you wish to know the blessing of my god and impress your masters.
rathemtn|Hasten_Bootstrutter|Stopped I have done. Greet you I will. What business do we have? Hmm? Speak up!!
rathemtn|Innkeep_Serge|Welcome to the Rathe Mountains hideaway!
rathemtn|Innkeep_Troy|Welcome to the Rathe Mountains hideaway!
rathemtn|Karam_Dragonforge|Welcome. I have a number of platemail items, if you are interested. I am also a master smith of exotic materials such as dragon scales.
rathemtn|Kazzel_D`Leryt|Finally, a servant worthy of my needs! Apparently you are of high status, which perhaps means you might know a master jeweler capable of faceting a very magical, yet fragile stone?
rathemtn|Marianna|Rodcet Nife welcomes you into our noble camp. I am the keeper of the Vambraces of Ro.
rathemtn|Nicholas|Greetings, friend. I am the keeper of the Boots of Ro. Please rest here with us in our camp of righteousness. No harm can come to you while we paladins keep watch.
rathemtn|Sentry_Joanna|Love and passion to you. my friend. Seek you the Gauntlets of Ro? If not. then I offer you the safety of this camp.
rathemtn|Sir_Edwin_Motte|Greetings, $N! How lucky you are to encounter the greatness of the legendary Sir Edwin Motte, slayer of cyclopes, battler of beasts, crusher of creatures, masher of monsters, eradicator of evil and champion of the third annual dart championship of Freeport.
rathemtn|Solvedi_Aldeberan|Hail, forestwalker. Welcome to the Rathe bear preserve of the Unkempt Druids. We strive to protect nature with diligence and punish her defilers with prejudice!
rathemtn|Tabien_the_Goodly|Oh thank Marr you are here, $N. I was beginning to think I would be abandoned in my time of need. I have a task for you to complete in the name of my patron Mithaniel Marr.
rathemtn|Thomas|Welcome to our camp. We are paladins gathered from many lands. We have been called to this land by our deities. Ours is a crusade of righteousness. Have you happened upon us by chance or do you seek the sacred molds?
rathemtn|Tibrinn_Ember|I am Tibrinn Ember, forest friend and Unkempt Druid. Aid us in our conflict against the polluters of nature and I will reward you.
rathemtn|Xenyari_Lisariel|Hello, $N.
rathemtn|a_lesser_spirit|Did you take this person's life, shaman?
rivervale|Ace_Slighthand|Hey, hey, hey! Welcome to the Fool's Gold. Don't bet more than you can afford to lose, pal! You don't want to end up like ol' Kevlin. If you're looking for something to do after you have a drink, you may be interested in a task.
rivervale|Bartle_Barnick|Good day! If you are a new Druid of the Storm Reapers I have promised Hibbs that I would assist in getting you outfitted for ventures beyond Rivervale but you must bring me a note from Reebo as proof that he sent you. There are many dangers outside of the shire so often leather clothing and a weapon become necessities for a traveling druid.
rivervale|Beek_Guinders|Beek Guinders waves enthusiastically and says, Hay, ho, there, young $R! I'd love to yak it up with you but I'm a bit busy at the moment, trying to find some help.
rivervale|Bipdo_Hargin|I am busy right now. Please leave me alone.
rivervale|Blinza_Toepopal|Hello, $N. Welcome to the Fool's Gold! Cards are upstairs, drinks are down here. Have fun!
rivervale|Daleen_Leafsway|Greetings, $N. Welcome to Tagglefoot's Farm. We grow nothing but the finest vegetables in our field. We even manage to harvest the mystical jumjum stalk in our fields. Karana has blessed us indeed.
rivervale|Dalorio_Blistbobble|Zonkers! You scared me! Well it is good to meet you nonetheless young $N. Many young Guardians of the Vale often come to me for guidance. If there is something I can help you with in your training you make sure you let Dalorio know! In the meanwhile I will be working on my trade.
rivervale|Deputy_Lowmot|Greetings, $N! I am Deputy Lowmot. In addition to my duties as a deputy, I am also in charge of organizing all of our meals here at the Guardian Stronghold.
rivervale|Fiddy_Bobick|Ahoy, mate!! The name's Fiddy Bobick! Perhaps you've heard of me.. the greatest halfling to sail the seas of Norrath? I have been to the North, South, East and West, and thank Prexus. I have survived it all! Why I have returned to this little hollow is a wonder to me. Obviously, the salty air finally got to my brain!
rivervale|Gapeers_Johhanis|Gapeers Johhanis jumps at your voice, he's obviously very focused on a set of beakers on the table. They seem to be holding samples of rotted flesh. Gapeers says, 'Oh my heart! You could have stopped it! Please be careful when entering these chambers. It would be unfortunate if I had dropped and broken these specimens.
rivervale|Hendi_Mrubble|Why, hello there!! Welcome to the Church of Mischief. I am Hendi Mrubble. The 'R' is silent. I am the resident healer of the church, so if you are in need of healing, or want me to cure poison or cure disease, let me know. If you've got a touch of the crazy brain, I can't do a thing for you.
rivervale|Hibbs_Rootenpaw|Hibbs Rootenpaw Hello! I am Hibbs Rootenpaw, Master Druid of the Storm Reapers. If you have not yet ventured beyond Rivervale beware of the dangers that lurk through out the lands beyond our shire. There are many evil beings that would not hesitate to end the life of a young druid of the Storm Reapers.
rivervale|Ilscent_Tagglefoot|Oh hello, $N. My name is Ilscent. I am glad to see you, but I am in a bit of a bind right now.
rivervale|Kaya_Cloudfoot|A pleasure to make your acquaintance $N. I am Kaya Cloudfoot, first Paladin of the Storm Reapers. I traveled long ago when I was just a wee sprout to the city of Qeynos far to the west. It was there I grew under the tutelage of the Knights of Thunder, a noble order of paladins loyal to Karana, the Storm Lord. I have returned now to Rivervale to teach interested young halflings the ways of a Knight of the Storm Reapers so that we may defend Karanas people and lands from the evil forces that would see it destroyed.
rivervale|Kevlin_Diggs|Greetings, $N! Welcome to my shop! We have many fine wares. The Diggses of Rivervale have always supplied halflings and travelers with the finest armor. I advise you to purchase armor only from Kevlin's Gear and not to be conned into buying from Sonsa Fromp.
rivervale|Kizzie_Mintopp|Enough talk there, chatterbox. You buy lots of herbs. I gotta make a living, not more friends.
rivervale|Lendel_Deeppockets|It's nice to meet you $N. Allow me to introduce myself. I am Lendel Deeppockets master Assassin of Rivervale. I am personally in charge of all training we have the new recruits go through before they are sent out on specific missions.
rivervale|Marshal_Anrey|Stand at attention!! You don't look fit enough to toe-wrestle my grandma!! You cannot be in my squad!! Are you petitioning or are you a visitor?
rivervale|Marshal_Ghobber|Greetings! Allow me to introduce myself. I am Marshal Ghobber Truppack. Marshal of the Great Wall Patrol. Are you new to the squad?
rivervale|Marshal_Lanena|Hello. $N. I am Lanena Wickystick, marshal of all Vale concerns. If there are any troubles brewing in our fine town which concern the Guardians of the Vale, please inform me. You must be a new deputy or are you an outsider?
rivervale|Mayor_Gubbin|Greetings, $N! Welcome to Rivervale! I hope you plan to stay on and assist us in any way you can. We all have talents to aid in the prosperity of the hollow.
rivervale|Meeka_Diggs|Hello, $N - my how you've grown! Would you perhaps care to see my cloth armor for sale?' Her eyes twinkle. 'Maybe you'd like to hear a little about the traditional halfling craft of bagmaking?
rivervale|Megosh_Thistlethorn|Greetings $N! I am Megosh Thistlethorn first Ranger of the Storm Reapers of Rivervale. I journeyed many years ago to the Surefall Glade far to the west of our lovely shire. It was there I trained with the human and half-elven rangers that like the Storm Reapers are faithful disciples of Karana. I have returned now to Rivervale to teach our interested young people the ways of a ranger of the Storm Lord, so that we may defend our shire and the wilds of Norrath from the evil forces that would see it destroyed.
rivervale|Reebo_Leafsway|Greetings and salutations, $N! My name is Reebo Leafsway, loyal Druid of Karana. I am in charge of helping young druids who wish to get started down the trail to Karana's wisdom. I also do my share of tending the crops.
rivervale|Rueppy_Kutpurse|Hello, $N. Rueppy's my name. Why don't you buy us something to drink and we can talk?
rivervale|Shakey_Scarecrow|Shakey Scarecrow rustles and looks up at you in acknowledgment.
rivervale|Sheriff_Roglio|Hail, $N! Stand tall whenever you are speaking to the Sheriff of Rivervale. I command the warriors of this vale. You must be new to the ranks of the Guardians of the Vale, so be sure to report to your squad at once. We must protect our people. The danger has come closer to home. If you are not a deputy, then please leave these halls.
rivervale|Silna_Songsmith|Hail, $N - Are you interested in helping the League of Antonican Bards by delivering some mail?
rivervale|Soulbinder_Hoggle_Grubbytoe|Greetings $N. When a hero of our world is slain their soul returns to the place it was last bound and the body is reincarnated. As a member of the Order of Eternity it is my duty to bind your soul to this location if that is your wish.
rivervale|Teelie_Meegles|Hello there, $N. I sell the Rivervale Voice. It's our local newspaper and has all the news a halfling needs to know.
rivervale|Thekela_Meepup|It is a pleasure to meet you $N. I am Thekela Meepup, one of the highest ranking Clerics in all of Rivervale. I pride myself on being the mentor for all of the furryfooted that are called upon by Bristlebane to give life. If you are a Cleric I might have some training for you to complete if you so wish.
rivervale|Toelia_Snuckery|Oh, hi. Listen, um.. $N, was it? Listen, pal. I really don't have time for the friendly-friendly, so why don't you just move on?
rivervale|Twippie_Diggs|What a lovely day it is, $N! You look rather sunburned!' Twippie winks at you. 'I've some fine leather armor for sale today, or perhaps I could bend your ear with a little learning?
rivervale|Uner_Gnarltrunk|Hello there, $N. Please watch where you are stepping when you're out in the field. Nothing is more frustrating than having some fine jumjum ruined by our own careless feet. That reminds me, Deputy Tagil still owes us for that jumjum he stomped on the other day!
runnyeye|#Lord_Pickclaw|Hail? You should be on your knees, $N! I suffer you in my realm for the moment, but if you and yours keep on with your attempts to destroy us, this will change. Do not think for a second that my subjects will hesitate to do what I command. I have proven myself in battle time and time again, and will do what is needed in the future. Xorbb learned this the hard way, and I am ready to teach this lesson to anyone else who challenges me.
sebilis|An_Undead_Bard|Hail, $N. Are you perchance a minstrel?
sebilis|a_fallen_monk|Failed to find the rest I have. If you wish what is mine then give proof of the final shackle unto me.
skyfire|Jennus_Lyklobar|Hello and well met! A $R like you does not often come here.. Do you come seeking what I possess? Fire, fire, fire and fire is mine! I surround myself with fire, I bathe in fire, I consume fire, I am the Master of Fire! Hahahaha, but I digress. Have you come for the element of Fire, seeking to fall to the same fate as Trilith Magi'kot?
skyfire|Warder_Cecilia|Greetings, you have made excellent time. We received word that Zordak was gathering his power here, and we still have little knowledge of his true intentions. Scattered throughout these mountains there are small Pearlescent Shards, binding four of these shards together within a Box of Binding should allow me to create a Seal. This seal, when fused with a Swirling Pearl inside Zordak's heart should allow our seers to divine his true intentions, even after he has been slain. Once you have the seal I will release Zordak, make haste I will not be able to hold him for long.
skyshrine|#Grudash_the_Baker|Hello stranger, what was your name? Ahh good to meet you, $N, I am Grudash the Baker. We do not get many strangers to these parts. Some of those that we have had here turned out to be more trouble than they were worth, so you may encounter a few negative reactions. Not from me though, you look like honest folk and perhaps paying customers, so I will give you a chance. Watch your step around Halcix there, he seems a might hungry today. He already finished off at least a dozen of my Boysenberry pies. He has what you would call, a very voracious appetite.
skyshrine|#Sentry_Kale|Ah, outsiders, I have heard word of your travel here. Perhaps you wish to become a friend of the kin?
skyshrine|Abudan_Fe`Dhar|Abudan Fe`Dhar eyes you malevolently. 'I seek those who practice the dark magicks. I seek those who call themselves necromancers. Are you what I seek?'
skyshrine|Adwetram_Fe`Dhar|I wish to speak only to the knights called paladins. If you are what I seek do you wish to partake of my quests?
skyshrine|Ahcaz|I am preparing for my meeting. Please come back another time, $R.
skyshrine|Anex|Hello, $N. I would be careful around the cubes. Rumor is they've gotten some kind of intelligence now.
skyshrine|Asteinnon_Fe`Dhar|Asteinnon Fe`Dhar speaks in a deep tone, 'Greetings. I wish to speak only to a shaman, so I might aid them with protection from the world in the form of armor.'
skyshrine|Chymot|Yes, $R?
skyshrine|Commander_Leuz|Hello, $N, I'm the new commander of the Sky Shrine Militia. This group of shrine residents and newly aligned outlanders are given various tasks to do for the benefit of the shrine. Are you here to request a task?
skyshrine|Crendatha_Fe`Dhar|What do we have here? A cutthroat, perhaps? If you are a rogue, I may have use for you. I am in need of certain components and will reward you well if they are brought to me. Do I have your services?
skyshrine|Elaend_Fe`Dhar|Greetings to you. I seek one who calls himself a wizard. What do you call yourself, manling?
skyshrine|Eldriaks_Fe`Dhar|Eldriaks Fe`Dhar seems very intent on his current studies. After a few moments, the wyvern mutters, '...Hmmm?'
skyshrine|Erepon|Erepon chuckles and goes back to studying.
skyshrine|Fardonad_Fe`Dhar|Hail, most pious one. I sense the aura of your devotion and conviction and it is strong about you. A shame you are so short lived, mortal. But I see potential in you and for that I shall aid you in your calling if you are a cleric. Do you wish my aid?
skyshrine|Grudash_the_Baker|Ah, welcome stranger. Perhaps I could interest you in one of my famous Boysenberry pies, the delight of Sky Shrine.
skyshrine|Guardian_Elgoyr|We were created to protect the Kin and the shrine from attack. This is what we've always done. Do not try to alter this.
skyshrine|Guardian_Laigyr|The Guardians' sole purpose is to protect the shrine and all creatures that dwell here.
skyshrine|Guardian_Llomed|I would step carefully if you decide to travel further into the shrine. The Laoch are a very powerful group and do not take kindly to hostile actions towards them.
skyshrine|Guardian_Lyaric|Guardian Lyaric grumbles and sighs 'They always have me watch the dead end hallway. Nothing exciting ever happens here.
skyshrine|Guardian_Noit|We've been posted here to make sure the giants do not invade from the cobalt scar.
skyshrine|Guardian_Olgax|There are many places for the likes of you. Why don't you go find one right now and leave me alone.
skyshrine|Guardian_Rolsa|Guardian Rolsa ignores you.
skyshrine|Guardian_Salgor|Perhaps when my shift is over we can talk. But not now I am sorry.
skyshrine|Guardian_Salva|Guardian Salva does not respond to your greeting.
skyshrine|Guardian_Selbbep|Greetings, $R. It may be wise to speak with Herald Ziglark before traveling further into the shrine.
skyshrine|Guardian_Synarus|Guardian Synarus scowls at you and goes back to watching the door.
skyshrine|Guardian_Tion|Move along, do not disturb my watch.
skyshrine|Guardian_Xatyl|Guardian Xatyl looks at Erepon and shrugs.
skyshrine|Guardian_Xilac|Hello, $R, don't mind the other velium they are mighty suspicious of the new flesh dashing about.
skyshrine|Jaylorx|Watch out in the water. Yelinak keeps a few small fish there.
skyshrine|Jendavudd_Fe`Dhar|Greetings to you. I seek the service of a powerful warrior. If you are not what I seek leave me be.
skyshrine|Jualicn|Why hello there, $N. I do not see many that pass through these chambers unless they are trusted. What brings you before me today?
skyshrine|Komawin_Fe`Dhar|Greetings to you. I seek one that has chosen the path of monkhood. What do you call yourself?
skyshrine|Larquin_Fe`Dhar|Greetings, I am looking for one who is one with the wild beasts of the world. Do you call yourself a Beastlord?
skyshrine|Lawyla|Hail and well met, $N. I can see by your appearance that you are well traveled. I congratulate you on your thirst for adventure as you are obviously far from where you call home. Would you happen to study the art of sorcery?
skyshrine|Lord_Yelinak|Welcome, young mortal. Word of your deeds has preceded your arrival. Your intentions seem honorable, young one, however my trust is not an easy thing to win these days. Like you, there has been another that came before me with the trust of the dragon kin, and trust them too I did, but alas that proved to be destructive. I note your deeds to this shrine young one, but should you wish my counsel, you must prove your worth beyond doubt. Perhaps a small challenge shall be of interest to you?
skyshrine|Lothieder_Fe`Dhar|Greetings to you. I seek those who call themselves enchanters. Are you what I seek?
skyshrine|Lyphor|Please keep your voice down, $R. I cannot concentrate with you making all that racket.
skyshrine|Merec|Hah! Can you beleve Osino is trying to teach his pet to sit!
skyshrine|Nalelin_Fe`Dhar|Greetings, I seek the ones who stalk through the forests protecting it. If you are one known as a ranger, submit to my will and become stronger. The tasks I set forth will not be easy. Are you ready to submit to my will?
skyshrine|Norsirx|Greetings, traveler. I do not receive many visitors to my quarters here, besides the occasional unfortunate treasure seeker that often will make for a good snack.
skyshrine|Ocoenydd_Fe`Dhar|Greetings to you. I seek those who call themselves magicians. Are you a magician, little one?
skyshrine|Oglard|Greetings, young $R. Very few of your kind has ever seen the halls you now walk through. You must have provided a great service to our kin for them to allow you passage into this inner sanctum. We welcome you to our ancient home.
skyshrine|Onerind_Fe`Dhar|Onerind Fe`Dhar looks around. 'Who dares address me? Oh, it is you. What is it you want? Some armor perhaps? To make a pretty corpse? There is something exquisite about a well-dressed meal. If you are not a shadowknight leave me now or you may end up as my next meal.'
skyshrine|Osino|Can you not see I'm trying to teach my pet to sit. Now go away before you distract it further!
skyshrine|Propron|I'm trying to study please stop bothering me.
skyshrine|Pyrox|Greetings, traveler. I'm the keeper of possessions for the Skyshrine. Any friend of the shrine can safely store their belongings with me.
skyshrine|Qynydd_Fe`Dhar|Greetings to you. I seek one who calls himself a druid. What do you call yourself, manling?
skyshrine|Ralgyn|Hello, $N, what brings you to these sacred quarters on this day? If it is treasure that you seek please ask someone else for I do not have time to think of such petty things. My worries are much greater at this time I am afraid.
skyshrine|Ruru_the_Cook|A stranger? Hmm. Well since you are new to these parts, I will introduce myself. I am Ruru, I do the cooking around here. Best cook in all the lands I would say.
skyshrine|Sarot|Leave me be. I am trying to concentrate, $R.
skyshrine|Sentry_Drahs|I would be careful wandering the maze. Many have gotten lost and never come out the other end.
skyshrine|Sentry_Dumtew|Lord Yelinak created us to serve and protect the Kin.
skyshrine|Sentry_Emil|Ah, hello, you must be the strangers that call yourselves friend to the Kin. Perhaps you would be interested in proving your worth?
skyshrine|Sentry_Enots|Halt, beyond lies the home of the Kin, servants of the mighty Yelinak. Be forewarned, those who would be enemies to the Kin, shall find themselves fodder for the cubes.
skyshrine|Sentry_Hubniq|Move along stranger, I have no time to chatter with you.
skyshrine|Sentry_Iglotn|Move along.
skyshrine|Sentry_Kale|Why come you to the home of the kin? Seek a home amongst the kin perhaps? Perhaps if you wish to prove yourself I may have a task for you.
skyshrine|Sentry_Kale_|Ah, the strangers, I have heard word of you. Why come you to the Skyshrine? Do you wish to be of assistance to the kin? If so, I may have a task, if you are willing.
skyshrine|Sentry_Kaop|I've seen your kind dashing about. Just watch your footing, you never know when you might slip and fall.
skyshrine|Sentry_Kcor|Halt, who goes there? Hmmm. What manner of strangers are you? Let it be known that the Kin hold no love for outsiders, only those truly worthy may walk amongst the Kin.
skyshrine|Sentry_Maof|I'd watch out for the cubes. They've been getting hostile lately.
skyshrine|Sentry_Nalox|I have no time to talk right now. I must keep watch for hostiles.
skyshrine|Sentry_Plaxgc|Beware the cubes. They have gotten a very hostile since the new arrivals.
skyshrine|Sentry_Trid|Can you not see we have our duties to perform, begone.
skyshrine|Sentry_Wegylx|There is rumor that a young N`Ogard is lost in the maze. Perhaps you should go find the father and see if you can help.
skyshrine|Sentry_Zalgoty|Don't mind the velium in next room. They are too caught up in their duty to pay attention to anything else.
skyshrine|Suez|Yes? Can't you see we are busy here.
skyshrine|Supreme_Laochsmith_Psorin|It is most unfortunate that you do not have scales to defend your fragile mortal shell, $R, I can only hope that the armor we in the Shrine can provide you with will extend your life another fraction of a century. In addition to that you also might want a special helm to cover up that scaleless face of yours. I understand that the Mother could not grace you with all our blessings, but at least we can try to make you look half-way decent.
skyshrine|Telnaq|Hello, $R, did you know Lord Yelinak has built a maze to protect the upper levels of the towers from invasion. Keep that in mind when traveling through the shrine.
skyshrine|Umykith_Fe`Dhar|Hail! What news and stories have you from the New World? Perhaps if you are a bard you can spin me stories of those lands. Oh, I forget my manners. We shall exchange talk another time. You seek something, do you not? A new outfit perhaps?
skyshrine|Yaced|Hello, $R, I do not have time to speak to you today. I'm sorry.
skyshrine|Ziglark_Whisperwing|Greetings, $N, I am the Herald of Lord Yelinak, the great ice dragon. I'm charged with taking care of all mundane tasks that are too trivial for the great dragon.
skyshrine|Zynil|Could you perhaps go pester someone else, $R?
skyshrine|a_large_velium_statue|a large velium statue there is no response from this huge statue.
skyshrine|a_shambling_cube|a shambling cube emits a low hum.
skyshrine|a_small_shambling_cube|a small shambling cube emits a low hum.
soldungb|#Zordak_Ragefire|Zordak Ragefire stares at you with unblinking eyes. A wide grin crosses Zordak's face and flames flicker in the depths of his eyes, 'Welcome to the new fortress of the Plasmatic Priesthood! It's a shame about Lord Nagafen's untimely death, really it is! Such a powerful and noble creature should not perish at the hands of mortals.'
soldungb|Targin_the_Rock|You have much to learn.' and 'Your actions and history are a personal affront to all I stand for.
soldungb|Zordak_Ragefire|Zordak Ragefire stares at you with unblinking eyes. A wide grin crosses Zordak's face and flames flicker in the depths of his eyes, 'Welcome to the new fortress of the Plasmatic Priesthood! It's a shame about Lord Nagafen's untimely death, really it is! Such a powerful and noble creature should not perish at the hands of mortals.'
soltemple|Blaize_the_Radiant|Hail, faithful one. I am Blaize the Radiant. Brother Gavel and I are well known among clerics for our forging skills, but special payment is required for our services. Special Ingots and Icons given to our members have been lost, and we will reward whoever retrieves them for us.
soltemple|Cryssia_Stardreamer|Well met $N. I am Cryssia Stardreamer of the Temple of Solusek Ro, protector of a powerful armor that will aid any bard in their journey across Norrath. Are you a bard that desires this armor?
soltemple|Gardern|I am Gardern, listed among the chosen of Solusek Ro. I hold the lore to the Staff of Temperate Flux and the Weeping Wand - items coveted by my Wizardly brethren.
soltemple|Gavel_the_Temperant|May the fires of Solusek Ro warm your innards! I am Gavel the Temperant. I work with Sister Blaize to forge the most elegant finery for clerics known to man or beast. Because we have no need for material wealth here in the temple, we ask that you retrieve ingots and icons from the lost or fallen brothers and sisters of our order. When mixed with some enchanted, galvanized, vulcanized, or magnetized platinum into an alloy, the items I can forge are splendid indeed!
soltemple|Genni|I am Genni of the temple of Solusek Ro. I serve as custodian of the lambent stones.
soltemple|Joyce|I am Joyce of the Temple of Solusek Ro. I am the guardian of four of the items of the elementalist. If you are a magician, ask me about the Robe of the Elements, the Clay Bracelet, the Earthen Boots or the Circlet of Mist
soltemple|Lon_the_Redeemed|Welcome, friend. I am one of the redeemed. I once walked the path of evil and woe. My talents were those of the House of V'ree of Neriak. I now serve the Burning Prince. Are you a rogue in need of redemption also?
soltemple|Lord_Lyfyx_of_Burwood|Lord Lyfyx of Burwood bows as a courtesy. His face gleams as if tinged with red. 'Greetings, my friend. Welcome to the Temple of Ro, sanctuary to those who follow the words of the Burning Prince.'
soltemple|Lord_Searfire|Greetings! May the glory of Solusek Ro burn in your veins. I am the forge master of this temple. Called to service by the Burning Prince. Should you ever need my service and find me gone. have no fear. I shall return. I must occasionally venture to other realms in service of the temple. I shall always return. this is my eternal home.
soltemple|Ostorm|I am Ostorm of the Temple of Solusek Ro, guardian of the sacred crystal of Kintaz. Be wary and keep your distance, lest the proximity of the crystal steal your memories.
soltemple|Romar_Sunto|I am Romar Sunto, servant of Solusek Ro. I am searching for the coin of the mighty enchanter Tash - if you are interested in helping me acquire it, I will reward you with a powerful spell. I am also a dispenser of the Staff of Ro, sometimes also called darkwood staves.
soltemple|Solomen|Ah, I see you have found my study. This is where I study and scribe the history of magic in Norrath.
soltemple|Sultin|I am Sultin - keeper of the three Incandescents of power and the Rod of Insidious Glamour. If you are an Enchanter, perhaps we can deal.
soltemple|Syllina|Hello, I am Syllina, follower of Solusek Ro and keeper of the Shadow Lore.
soltemple|Terblyn_Zelbus|Greetings. $N. I am the wizard known as Terblyn Zelbus. I became a merchant after I couldn't handle the pressures of being one of Al'Kabor's assistants. He's an old fogey, but don't tell him I said that. I don't think he likes short people very much.
soltemple|Vilissia|I am Vilissia, chosen of Solusek Ro. I am a practitioner in the wizardly arts, and keeper of lore for the runescale cloak, Tishan's kilt and the acumen mask.
soltemple|Vira|I am Vira, elementalist of Solusek Ro. I guard the secrets of the tools of elemental summoning. If you are a magician, you might be interested.
soltemple|Vurgo|Welcome! I am Vurgo, follower of Solusek Ro and holder of the harvester and the Words of Darkness.
soltemple|Walthin_Fireweaver|Greetings, $N. I am Walthin Fireweaver of the Temple of Solusek Ro. I am the protector of an ancient armor invented by long dead bards of the temple. This armor will help any bard in their journey across Norrath. Are you a bard that would desire to own some of this armor?
soltemple|an_undead_knight|Away from this place of torment! Make haste and flee before you, too, share my gruesome fate!!
soltemple|an_undead_knight_|Leave this place or find yourself bound to this land as I am.
southkarana|#Brother_Qwinn|In the name of the Brotherhood of the Lost Circle, I greet you.
southkarana|#Sentry_Alechin|Please, heed my warning. Begone before nightfall. There are evil beasts that lurk this land. Begone!
southkarana|#Zrithsadioun|Zrithsadioun curls his lips back, revealing a row of jagged fangs lining his monstrous jaw. Arching his hunched, boney spine, the old and almost sickly looking gnoll glares down upon you with his yellow eyes, 'What $R come to Zrithsadioun for? He cares nothing for $R -- Zrithsadioun cares nothing for anyone but Zrithsadioun. Go. Now. Zrithsadioun is occupied with more important task than speaking with $R, but soon his belly will grow with pain of hunger, and then young $R may return...' The haggard gnoll swipes his black tongue quickly across his maw and then snaps at you with a snarling growl, 'Yes! Then you come back... then Zrithsadioun have use for young $R that be of Zrithsadioun's while.' Another growl leaves the gnoll as he continues to eye you -- warily and in unveiled agitation.
southkarana|Baenar_Swiftsong|Please, I am trying to work here. If you bother me I will write a horrible song about you and sing it from the mountain tops!
southkarana|Brother_Drash|Follow path of life. Rodcet Nife is only true way.
southkarana|Kelkim_Menkia|Kelkim Menkia sighs as she looks over her lute. 'My lute was mangled by those damnable gnolls. I have no idea how I'm going to get a new set of strings for it. They were so rare.'
southkarana|Lord_Grimrot|Welcome to my field of decay. Won't you be so kind as to attack me? I have need of more bodies to join my diseased legion. Try it, maybe you shall win and gain my trusty Pestilence.
southkarana|Shakrn_Meadowgreen|Hail. I am Shakrn Meadowgreen, Warrior extraordinaire and Master Armorer of the Meadowgreen family. My brother and I craft armor for the bravest warriors in the land -- do you think you qualify?
southkarana|Ulan_Meadowgreen|Greetings. I am Ulan Meadowgreen of the family Meadowgreen. My brother and I are the best Armorers in all of Norrath. We craft armor for the bravest warriors in the land. If you are a Warrior of renown, and are interested in our armor, I have some mighty labors which you might attempt for me.
southkarana|Vhalen_Nostrolo|Nice to meet you. Do not the plains of Karana abound with life? This land is truly blessed by the gods. Would you like to hear a tune or will you pass up the opportunity?
southkarana|a_hermit|Huh!? Leave now before my pets devour you!
sro|Andad_Filla|Hello, traveler, please do not bother me right now. I am waiting for someone.
sro|Ortallius|Welcome to the lands of Ro. Stand and fight with me. We shall fight to reclaim the desert in the name of Solusek Ro. Death to all dervish cutthroats!!
sro|Rathmana_Allin|Company?! Way out here in the desert of Ro? This is a pleasant surprise! Won't you stay for a while? I am sure the desert has dried your throat. I have supplies if necessary. At a price, of course. Are you traveling or are you here on business?
sro|Smith_Tv`ysa|I am Tv`ysa, guardian of the Concordance of Research.
steamfont|Brona_Frugrin|Well met, $N! What brings you out this way? Are you interested in becoming an observer? No, you look like the adventuring type. The wilds of the Steamfont Mountains is as far as my body goes. But through my duties as an observer, my mind travels the cosmos.
steamfont|Byrola_Bendil|I really enjoy the evenings in the Steamfont Mountains. The air is so fresh!
steamfont|Ennixy_Frennor|Unless you have something to tell me about yourself that I could possibly be interested in, be gone!
steamfont|Feddi_Dooger|You should be very careful at night. Not all beasts are easily discernible. Some are closer than you think. I am sort of scared. Are there Watchmen nearby or are we all alone out here?
steamfont|Fodin_Frugrin|Hello $N. Have you ever peered beyond our little world? Somewhere out there in the vast darkness is a world filled with great technology and adventure. Our people should concentrate on reaching these distant worlds beyond the sparkling skies.
steamfont|Forpar_Fizfla|Get out you pesky $R! I don't need any $R germs! Out, ye filthy beast!
steamfont|Frugo_Prigdish|Greetings! I hope the walk out to the windmills was not too dangerous. You must be careful not to be snatched up by the slavers around these parts.
steamfont|Genda_Minyte|Hello. I love to come out and gaze at the sky. Isn't it beautiful?
steamfont|Jogl_Doobraugh|Hellooo!! My name is Jogl, master engineer with the Eldrithch Collective. And this here is Charlotte. Pay no mind to her, She won't bite unless you attack me.
steamfont|Nilit_Druzlit|Eh? Eh?! Talk not now! My creation is running wild! Destroy it for me. please! If you do you can keep whatever parts you want from it.
steamfont|Phiz_Frugrin|Hello my friend. Good to meet you.
steamfont|Renux_Herkanor|BOO! I'm sure you didn't expect to see me here, but you've left quite a trail. Why did you go to all the trouble to get this scrap of parchment? What can be so important about it that Father would risk all for it? No matter, Hanns will figure it out. Now, will you tell me where to find Stanos?
steamfont|Tindo_Frugrin|Greetings! It is good to see a new face out here. I am Tindo Frugrin, observer for the Eldritch Collective.
steamfont|Watchman_Mylz|Greetings! You may rest inside one of the windmills. I will be on guard. No need for you to worry.
steamfont|Yendar_Starpyre|Hail, traveler! I sense you did not simply chance upon my isolation here, but are instead seeking me for something.
steamfont|Zondo_Hyzill|Glad to meet you. Our Cargo Clockwork is marvelous, no?
stonebrunt|#Giang_Yin|Giang Yin looks down upon the creature standing beneath him and speaks. 'You are brave to approach a titan such as Giang Yin. I pray that the spirits have granted you honor and respect as well as courage.'
stonebrunt|#Old_Ghostback|Old Ghostback looks down upon the creature standing beneath him and speaks. 'You are brave to approach a titan such as Old Ghostback. I pray that the spirits have granted you honor and respect as well as courage.
stonebrunt|#Prowler_of_the_Jungle|Prowler of the Jungle crouches and narrows his eyes, examining $N attentively. 'I am Prowler of the Jungle, stalker of the corrupt, hunter of the impure. I am the guardian spirit of those who tread silently across the lands destroying that which has been tainted.'
stonebrunt|#Snowbeast|Snowbeast emits a low rumble and slowly nods his head in $N's direction. 'I applaud your courage little one. You must either be strong of spirit or weak of mind to show such little fear of me. I am the embodiment of primal instincts and bestial rage and protector of the mighty warrior beasts.
stonebrunt|Disciple_Okarote|You have done much to anger the spirits thus you are not accepted by our people.
stonebrunt|Emylie_Steelclaws|Shalom friend. My mate Kalaaro is the primary blacksmith of our village. I mostly create his tools, do touch ups and refurbishes, and maintain the kejek forge.
stonebrunt|Jali_Kaliio|Greetings outsider. I trust you have peaceful intentions while visiting our village?
stonebrunt|Khonza_Ayssla|Greetings, $R. You are welcome in Kejek so long as you do not offend the spirits of these lands.
stonebrunt|Miranda|I'm not supposed to talk to strangers but if my parents let you in here I guess it's ok. Do you like candy? I could give you some candy to play a game with me but my dice are gone now.
stonebrunt|Mrowro_Wirewhisker|Welcome to Kejek! I am Mrowro, apprentice Seer under Saemey Wirewhisker.
stonebrunt|Saemey_Wirewhisker|Welcome to Kejek friend. I am the seer of this village for I have been gifted by the spirits with an affinity for their realm. The barrier between the spirit and physical realms is thin in these lands. The heretics know this and must be prevented from committing atrocities similar to those that have been committed in the past.
stonebrunt|Scout_Malom|It is a pleasure to meet you, but I do not have time to speak. I am waiting on official word from Shar Vahl. If you have been sent to assist me, please show me the Official Seal of the Khati Sha at this time. If you are not such a person, please carry on with your business and leave me to tend to mine.
stonebrunt|Shazda_Kaekwon|Shalom, $N! I welcome you to our humble village in these trying times.
stonebrunt|a_Kejekan_awrat|I am sorry, friend, but my duties prevent me from conversing. There are others that will gladly greet you and introduce you to the customs of our society.
stonebrunt|a_Kejekan_ispusar|I am sorry, friend, but my duties prevent me from conversing. There are others that will gladly greet you and introduce you to the customs of our society.
stonebrunt|a_Kejekan_mujahed|I am sorry, friend, but my duties prevent me from conversing. There are others that will gladly greet you and introduce you to the customs of our society.
stonebrunt|a_burly_kobold|Grrrrr... These are the hunting grounds of Clan Kolbok. Your kind is not welcome here unless you plan on being our next meal!
stonebrunt|a_ferocious_kobold|Grrrrr... These are the hunting grounds of Clan Kolbok. Your kind is not welcome here unless you plan on being our next meal!
stonebrunt|a_greater_kobold_shaman|Grrrrr... These are the hunting grounds of Clan Kolbok. Your kind is not welcome here unless you plan on being our next meal!
stonebrunt|a_highland_graniteback|a highland graniteback stares at you menacingly, smacks its chest, then turns away.
stonebrunt|a_highland_kobold|Grrrrr... These are the hunting grounds of Clan Kolbok. Your kind is not welcome here unless you plan on being our next meal!
stonebrunt|a_highland_kobold_shaman|Grrrrr... These are the hunting grounds of Clan Kolbok. Your kind is not welcome here unless you plan on being our next meal!
stonebrunt|a_hunting_kobold|Grrrrr... These are the hunting grounds of Clan Kolbok. Your kind is not welcome here unless you plan on being our next meal!
stonebrunt|a_kejekan_`amir|I am sorry, friend, but my duties prevent me from conversing. There are others that will gladly greet you and introduce you to the customs of our society.
stonebrunt|a_kejekan_archer|I am sorry, friend, but my duties prevent me from conversing. There are others that will gladly greet you and introduce you to the customs of our society.
stonebrunt|a_kejekan_ghulam|I am sorry, friend, but my duties prevent me from conversing. There are others that will gladly greet you and introduce you to the customs of our society.
stonebrunt|a_kejekan_lookout|I am sorry, friend, but my duties prevent me from conversing. There are others that will gladly greet you and introduce you to the customs of our society.
stonebrunt|a_kejekan_mamluk|I am sorry, friend, but my duties prevent me from conversing. There are others that will gladly greet you and introduce you to the customs of our society.
stonebrunt|a_kejekan_miner|I am sorry, friend, but my duties prevent me from conversing. There are others that will gladly greet you and introduce you to the customs of our society.
stonebrunt|a_kejekan_pasdar|I am sorry, friend, but my duties prevent me from conversing. There are others that will gladly greet you and introduce you to the customs of our society.
stonebrunt|a_kobold_spiritslaver|Grrrrr... These are the hunting grounds of Clan Kolbok. Your kind is not welcome here unless you plan on being our next meal!
stonebrunt|a_kobold_wanderer|Grrrrr... These are the hunting grounds of Clan Kolbok. Your kind is not welcome here unless you plan on being our next meal!
stonebrunt|a_lesser_kobold_shaman|Grrrrr... These are the hunting grounds of Clan Kolbok. Your kind is not welcome here unless you plan on being our next meal!
stonebrunt|a_mature_graniteback|a mature graniteback stares at you menacingly, smacks its chest, then turns away.
stonebrunt|a_raging_highland_kobold|Grrrrr... These are the hunting grounds of Clan Kolbok. Your kind is not welcome here unless you plan on being our next meal!
stonebrunt|a_raging_kobold|Grrrrr... These are the hunting grounds of Clan Kolbok. Your kind is not welcome here unless you plan on being our next meal!
stonebrunt|a_raging_kobold_savage|Grrrrr... These are the hunting grounds of Clan Kolbok. Your kind is not welcome here unless you plan on being our next meal!
stonebrunt|a_savage_kobold|Grrrrr... These are the hunting grounds of Clan Kolbok. Your kind is not welcome here unless you plan on being our next meal!
stonebrunt|a_scouting_kobold|Grrrrr... These are the hunting grounds of Clan Kolbok. Your kind is not welcome here unless you plan on being our next meal!
stonebrunt|a_spirit|a spirit flares brightly as you attempt to speak with it. By listening very closely you're brely able to make out it's frantic whispering. It keep refering to one of the Kejekans, one that apparently slew him as he attempted to cleanse the land of them. It wants nothing more than to destroy who killed him, but it cannot in this form.
stonebrunt|a_young_gorilla|a young gorilla stares at you menacingly, smacks its chest, then turns away.
stonebrunt|an_elder_graniteback|an elder graniteback stares at you menacingly, smacks its chest, then turns away.
swampofnohope|Captain_Nedar|Come to serve the garrison? Good. I aim to offer a reward for the return of four froglok tad tongues. Best if we handle the pesky critters before they grow too big and too numerous.
swampofnohope|Dugroz|Fffrroaaak!! Go away! I don't want to work for them anymore! Go find another slave!
swampofnohope|Footman_Moglok|Footman Moglok looks at you with sorrowful eyes and wipes his dripping nose. 'Woe is me. I am nothing more than a lowly footman. And spare me the smart remarks - 'Moglok the Froglok' - I have heard all the jokes.'
swampofnohope|Grik_the_Exile|I'm busy, $N, go away.
swampofnohope|Mystic_Dovan|Mystic Dovan shows the signs of a great mystic. You can feel the power resonating from his aura. 'Greetings and may the cursed blessings of Cazic-Thule be yours. What may I do for you this fine evening? Perhaps I can cure disease or heal you, perhaps even purge toxins from your system?
swampofnohope|Scout_Eyru|It is a pleasure to meet you, but I do not have time to speak. I am waiting on official word from Shar Vahl. If you have been sent to assist me, please show me the Official Seal of the Khati Sha at this time. If you are not such a person, please carry on with your business and leave me to tend to mine.
swampofnohope|Ssessthrass|Ssessthrass I do not wisssh to be bothered.
swampofnohope|Trooper_Fodcod|Hail. adventurer! Watch your step and don't get lost in the swamplands. The frogloks will have you for stew.
swampofnohope|Trooper_Harkee|If you find yourself deep in the swamp and starving. try foraging. I am sure you'll find something to eat. If not. there are always froglok tongues.
swampofnohope|Trooper_Inkin|Many frogloks in here. Beware! They can be a sneaky bunch. I hear tales of a froglok village nearby.
swampofnohope|Trooper_Keat|Trooper Keat takes a stone from his pocket and skips it across the ground. It goes quite far. 'Did you see that? Skipping stone champion three seasons in a row! Good thing I found these great stones on the corpses of dead frogloks.
swampofnohope|Trooper_Lorgen|It is assumed that the froglok stronghold is well defended. None of the troopers sent from this garrison to find it have ever returned. At least. not in one piece.
swampofnohope|Trooper_Nilzik|Trooper Nilzik sniffs the air around you. 'I thought I smelled something horrible.
swampofnohope|Ulump_Pujluk|Ulump Pujluk croaks slowly and wipes a filthy muck from its eyes as it tries to look at you. 'Something come to talk to Ulump. Too much pain. Just go.' It goes back to scratching and wiping at its muck and filth covered body.
swampofnohope|Warlord_Hikyg|What business do you have speaking to an Iksar Warlord? Be gone before you find yourself served as my evening meal. Go to Captain Nedar if you wish to assist my garrison. Fool.
templeveeshan|#Gozzrem|Greetings, $N. If you seek wisdom or the arcane I have tasks in the halls of testing you may complete to gain what you seek.
templeveeshan|#Lendiniara_the_Keeper|Greetings, $N. I am the keeper of relics. If you are brave I have tasks to test your might and perhaps rewards.
templeveeshan|#Lord_Feshlak|Lord Feshlak looks down at you and words rumble from deep within his throat. 'What brings you to me mortal? I do not share the hate for the Kromzek that Yelinak has. I will live here in peace and tranquility until those pests pose a true threat to my way of life.
templeveeshan|#Telkorenar|The Strong seek me out, for one reason or another. It seems you have come here in peace. Perhaps you wish to prove yourself a mighty fighter? I respect only might, $R.
thurgadina|#Loremaster_Sarl|Ahhh, hello there. What can I do for you, $N
thurgadina|Agar|What ye want? A torch? I be puttin' that torch some place fer ya if that's what ye want. Right there in that satchel o' yers if I do say meself. Got the best prices, I do, even fer ya outlanders. Mebbe ye should take a gander round me store, ye may be openin' that coin purse then, eh?
thurgadina|Betti_Frostweaver|Well, hello there, dear. It sure gets cold here, doesn't it? Perhaps I can interest you in a sewing pattern to pass the time and keep you warm.
thurgadina|Boris|Hey. you der! Dis privot propertee! Is you here to do sumthin bad to me master Valdicar?
thurgadina|Brimgald_Brightsteel|Ye have the look of an aspirin' velium smith about ye, $N. Well, ye won't get very far in the field without purchasin' some o' the finest smithin' molds in Thurgadin. Lucky for you I can help ye in that department, so what'll it be?
thurgadina|Brina_Snowfox|There doesn't seem to be much call for a sketch artist in Thurgadin these days. what with all the sculptures and such. but I get by. Care to purchase one of my sketches. $R?
thurgadina|Clifus|Hey, what do ye think yer lookin' at, ugly? Yeah, that's right. I called ye ugly. You gonna make somethin of it, $R? Yeah, I didn't think ye would. The last guy that looked at me wrong took me fist right in his mouth, laid him out flat on the ground! He been drinkin' an' all but he woulda been laid out flat even if he hadna been.
thurgadina|Cobi_Frostbeard|Greetings to you. I seek one who calls himself a druid. What do you call yourself, manling?
thurgadina|Dalgrim_Underbelly|I wasn't always just a merchant, ye know, I used to work at the temple and spent most of my time in the study of ancient texts and arts. I actually learned a lot about the dark arts in those days. Ye know... necromancy. Oh, I'd never touch the stuff, mind ye, but I'll bet I could make a fine set of plate fer shadowknights if'n I had the right materials.
thurgadina|Doogle_McBanick|Welcome ta me bar. I suggest ye sit down and have a drink cause if'n ye ai'nt drinkin ye've no business bein 'ere.
thurgadina|Dorin_Amberfeld|Dorin Amberfeld looks up at you with sad eyes and says, 'Hail there, $N.
thurgadina|Durgan_Bottlenip|Ye need a swig of some fine dwarven ale!
thurgadina|Elder_Reevis|WHY, HELLO THAR, YOUNG LAD! GREAT DAY FER IT, AIN'T IT? YESSIREE! WHY THIS REMINDS ME O' THE DAYS BACK WHEN WE'D GATHER ROUND THE FIRE LIKE THIS AND.... OH. HELLO THAR, YOUNG LAD! ER... WHAT WAS I SAYIN'?
thurgadina|Erdarf_Restil|Huh? Don't you know better than to interrupt a Coldain enjoying his ale? I may be a user of priestly magic but that doesnt mean I can't bash your head in.
thurgadina|Fergus_Sawdust|Can I help you with something? If you want anything to do with carpentry, somethin' I grew up with and was raised on, I can't help ya. Nope.
thurgadina|Flonts|Flonts jumps at your voice and turns to you in anger, 'HEY! Don't ye know ne'er ta sneak up on a man like that?! Well ferget it. Anyway, I got this spot staked out fer starin' out this here winda so ye kin move along!
thurgadina|Gilthan_Brittleblade|I wasn't always a pottery salesman ye know, I used to forge fine velium weapons and even had me own shop. Unfortunately no one wanted to buy anything from Brittleblade's, sl I work with clay now, care to purchase somethin?
thurgadina|Guard_Baldvin|Beyond these gates is the city of our people. Be respectful and obey our laws else I'll toss yer carcass into the pit meself.
thurgadina|Guard_Dagur|Greetings and welcome to Thurgadin, $R. Ye best watch yer step on the bridge there, it can be a bit slippery.
thurgadina|Guard_Eyvindur|Just because the Dain ordered us to let you offlanders into our city does not mean I have to speak with ye. Now move along.
thurgadina|Guard_Kristrun|Guard Kristrun staggers in surprise, then quickly regains her composure. Guard Kristrun says, 'Oh, I'm sorry, it's just that I haven't ever seen a $R before. Tell me something, is it true that your people sacrifice your own people to foreign gods?
thurgadina|Hakon_Brightsteel|Busy, busy, busy. Must get all these tools sharpened before the miners get cranky.
thurgadina|Hunter_Tarvin|Good day, stranger. I would love to sit and chat with you but I don't much like gabbing it up with total strangers. I have other things to think on, Good day.
thurgadina|Karey|Oh hello there! I'm sorta new here so I ask ye to be patient with me heheh. What kin I get fer ya, $N?
thurgadina|Leifur|The one thing this bar is sorely missin' is a good bard I tell ye. Ye know, someone to sing a catchy tune and tell us a story from time to time. Forgive me fer seemin' a bit sentimental but my family has always had close ties with bards datin' back ta even before we crossed the ocean. In fact, me great-great-grandfather used ta forge enchanted armor for the ancient bards of Faydark. Oh, the set of bard velium armor I could make if only I had the right components!
thurgadina|Lieutenant_Grimur|You got a dispute to settle or are ya here to yap it up?
thurgadina|Lieutenant_Ulfur|Hail, there, $R. How goes it? Much fairer than I, I'll wager. Me troops can't hit the broad side of a mammoth with their crossbows. Oh, by the way, I'm Lieutenant Ulfur, Commander of the 23rd Coldain crossbow regiment, if ye kin call it a regiment.
thurgadina|Lorekeeper_Brita|Greetings to you. I seek those who call themselves enchanters. Are you an enchanter?
thurgadina|Lorekeeper_Derrin|Greetings traveler. and welcome to the Temple of Lore. This library contains the sacred scrolls and texts of our ancestors, detailing both the history of their lives and the trials of our people. Previously the lore contained within these halls was forbidden to enter the hands of outsiders such as yourself. However, his majesty Dain Frostreaver IV has recently decreed that certain tomes of our heritage should be shared with the newly arrived offlanders so that they might better understand our culture. I have recently inscribed and translated several of these books which you may purchase for a modest donation.
thurgadina|Lorekeeper_Einar|Greetings to you. I seek one that has chosen the path of monkhood. What do you call yourself?
thurgadina|Lorekeeper_Gundlt|Ahem....yes, hail. I suppose that would suffice in this case. Well, then, hail to you, sir. I am Lorekeeper Gundlt, master keeper of etiquette. It is my duty, as ordained by the Grand Historian, to keep all records and rules on all royal audiences and dealings.
thurgadina|Loremaster_Borannin|Greetings, $N, please be seated and hear the Grand Historian, he is among the wisest of our people.
thurgadina|Loremaster_Dorinan|Greetings to you. You are far away from your homelands, stranger. I am looking for someone. We here at the Temple of Lore are always seeking fellow priests of various faiths. Tell me, $R, are you a cleric?
thurgadina|Mandla_Klolp|What can I do fer ya? If yer lookin' fer a handout I got nothin for ya. Me darn husband wastes what little money we make on gamblin'. What a sucker! I don't know why I married him.
thurgadina|Meg_Tucter|The gems I carry were actually collected by geonids, a race of rock and gem people that communicate with their minds alone. If'n ye haven't had the chance to see one yet I suggest ye journey to the Wakenin' Lands; they've reportedly got a colony somewhere in that area.
thurgadina|Mordin_Frostcleaver|Ah, allo there, and welcome to me shop, $N. Ye'll have to excuse the mess but I've been havin a bloody good time here lately. . . HAR HAR, ye get it? Anyways, thanks to you offlanders I now have a selection of some exotic meats never afore seen here on Velious. I've been amazed at the demand for some of 'em. I can't seem to keep shark meat in stock any more. I wonder if eatin' raw fish is catching on? In addition to supplyin' the freshest meat in Thurgadin I also offer tasks to would-be hunters in the wastes.
thurgadina|Nimren_Stonecutter|The finest ore fresh from the mines I have! Take a look, why don't ye, $N. I'm sure I've got somethin' ye be needin'.
thurgadina|Normon_Stonetooth|Normon Stonetooth seems to ignore your greeting, peering at the stone in front of him intently as if reading some invisible text. After a long while he sighs deeply and says, 'Somethin I kin help ye with, whoever you are?
thurgadina|Pearce_Icefang|Pearce Icefang speaks in a rumbling tone. 'Greetings. I only wish to speak to a beastlord. Are you a beastlord?'
thurgadina|Perkins_Doughbeard|As far as I'm concerned there are only two arts in this world: alcohol and food. The Velium Keg is probably the best place to go for the former but I've got all yer needs for the latter covered right here.
thurgadina|Petcas_Coldbeard|Hail to ye as well offlander. I bid you welcome to the Icy Mug, one o' the finest establishments for a drink in Thurgadin. Whether it's souvenirs or stories yer lookin for, you've come to the right place.
thurgadina|Pythic_Urson|Pythic Urson turns and looks at you. 'What? He goes back to drinking his ale and resting.
thurgadina|Rexx_Frostweaver|Hmmm, ye be one o them offlanders, don't ye? I've heard some strange tales o yer kind so don't be tryin' any funny business with me. I know the value of a platinum piece and I'll not get cheated by yer foreign coin.
thurgadina|Talem_Tucter|A ring or necklace for yer sweetheart, traveler? It'll be sure ta brighten their day and ye'll not find finer craftmanship this side o' the Gretespeign.
thurgadina|Tavir|I've found it at last! By calculating the aerodynamic plane of the shaft and measuring it against the wind resistance and downward pull of the head I've managed to create the perfect arrow! I suggest ye take advantage of my stock while it lasts, $N. it sure as Brell won't be around for long.
thurgadina|Terman_Underbelly|Terman Underbelly speaks in a rumbling tone. 'Greetings. I only wish to speak to a shaman. Are you a shaman?'
thurgadina|Thermin_Wandereye|Oh. HI! Hey, you're an adventurer aren't you? Yeah I thought so from your worn clothes and weapons. Wow, is that a real bloodstain? Some day I'll be adventuring out there too, some day, they'll see...
thurgadina|Tobart_Dirkins|Hail and welcome to the Broken Glacier, $N. Ye'll find the bar downstairs and comfortable rooms up top. Can I interest you in one of our signature mugs, only a platinum piece they are!
thurgadina|Travit_Conwil|Uuuhh, this be a private room, me friend. Mayhap ye should leave before somethin' unfortunate happens.
thurgadina|Ungdin|Uuuuhhh, how goes it, $R? Oh, I'm doin' jest fine down here, just hanging around... Mining! Yes mining for our fearless leader, the Dain. Yessiree... sssoooooo...
thurgadina|Valdicar_Shadowfrost|Well, hello there, my good fellow. I see you've somehow found your way into my private quarters, very adventurous. Normally I'd have you removed but it's refreshing to see someone with guts like you have. Too many people in this cit... err ... world have no guts. No initiative. Someday that will change, though.
thurgadina|Yates_the_Butler|I'm terribly sorry, good fellow, but this residence is privately owned. Your presence here is quite disconcerting for my master. I implore you to take your leave. Thaaaaanks.
thurgadinb|Chamberlain_Krystorf|Greetings and welcome to Thurgadin, $N. I am Chamberlain Krystorf and it is my duty to assist the Dain in the management of Icewell Keep and the Royal Court. One could say that Seneschal Aldikar is the Sword of the Dain while I am the Shield, protecting all of his interests and those of the kingdom.
thurgadinb|Councilor_Amberfeld|Hail there, $N. Amberfeld's the name and minin' is my trade. As the council representative of the Snowchippers, it be my duty ta make sure all these politicians and warmongers don't forget one thing. And that's that it's us miners that bring in the ore for weapons and the stones for their fancy houses.
thurgadinb|Councilor_Coldember|Watch yer step around the Icewell there, $N. I've heard that a giant beast lives down in the pit waiting to devour those who earn the punishment of being dropped down there. Might be just I rumor but I swear I've heard some sounds comin up from the well that don't resemble any of the creatures we put in there.
thurgadinb|Councilor_Darakor|Hmmph, if you've come here to actually get something accomplished yer wastin yer time. This lot'll babble on endlessly about politics and luxuries. Only the Dain and a few others like myself want to deal with the actual problems of the Coldain, that being the bloody Kromrif of course.
thurgadinb|Councilor_Darkfrost|It's that bastard Tormax whats the cause of all our trouble. What we need to do is send some specially trained assasins to take him out. Sure it's not the most honorable thing to do, but without him the giants wouldn't know what to do.
thurgadinb|Councilor_Deynekn|Councilor Deynekn smells strongly of ale. Councilor Deynekn says, '-hic-, whoa there lad, ye startled me! I'm uhhh -hic- just tired is all. Leave me -hic- be please. I've got umm important work to do! -hic-
thurgadinb|Councilor_Dirkins|I'm sure if you've listened to my fellow councilors babble on for awhile you must surely think our nation is in chaos. Thats far from the truth however as we do not make the decisions for our people. It is the Dain's will alone that decides what course our people take, we simply offer our advice and opinions. Dain Frostreaver IV is a good and wise man, trust in him will take our people far I promise you.
thurgadinb|Councilor_Glacierbane|The giants aren't our only problem ya know? Them Rygorr Orcs in the wastes are up ta no good as well. But I wouldn't worry too much about them if'n I were you. Me own son Garadain is out there takin care of them. I almost feel sorry for those orcs hehe.
thurgadinb|Councilor_Icelok|Isn't Icewell the most beautiful Keep ye have ever seen stranger? I do hope you've taken the time to visit some of our other attractions in Thurgadin. I often go to remembrance park just to stare at the sculptures. Our people may be cold and simple, but keep in mind there is an artistic side to us as well.
thurgadinb|Councilor_Icepike|King Tormax must be stopped, no matter what the cost.
thurgadinb|Councilor_Juliah_Lockheart|Hello there, my what a nice looking $R you are, not that I've seen many of your kind mind you. I am Councilor Lockheart, representing the people of Thurgadin. Here is where we aid the Dain by presenting the peoples' will to him in the hopes that laws are made with the good interest of all our people in mind.
thurgadinb|Councilor_Thubins|Come to see the excitement of the court have you friend? I'm just now working on my latest draft for a new waste disposal ordinance to present to the Dain, it's absolutely fascinating!
thurgadinb|Councilor_Wintershade|Councilor Darakor here would have you believe we should march every man, woman, and child in the city to Kael tommorow. He is a fool and so are those who support him. I for one would like to see greater steps in ending this senseless conflict. Oh sure the giants are unreasonable right now, but reason can be bought in time.
thurgadinb|Grand_Huntsman_Darral|Hail and welcome to the Dain's trophy room. Not many people realize that aside from bein' a great warrior and king. Frostreaver is also one of our nation's greatest hunters. Here you can see some examples of his handiwork including orcs, a frost giant, a snow griffin, and even a rare albino manticore! You can find many such rare critters in the Eastern Wastes. Good luck and happy huntin'.
thurgadinb|Loremaster_Solstrin|Loremaster Solstrin bows before you and says, 'Greetings to you as well, $N. I have recently heard many tales of your people and their glory. I am honored to welcome you to the Hall of Ancestors. Here our people come to pay tribute to the bravest and wisest of our kin who have passed from this life into Brell's holy domain. If you are interested I'd be happy to tell you a little bit about the heroes buried here.
thurgadinb|Royal_Armorer_Slade|Welcome, $N. I'm Slade, Royal Armorer to the Dain and his personal guardsmen. I've heard yer name once or twice in these halls and apparently ye've earned the respect of my people. In light of that I'm willin ta offer my services to you if'n ye need them.
thurgadinb|Royal_Scribe_Kaavin|Hello there, as the official Royal Scribe of Dain Frostreaver IV, it is my duty to pen, NO . . . WAIT. . . write. NO . . . I mean scribe, yes that's the word I'm looking for. I scribe the thoughts of the Dain for posterity. I currently have record books with a combined 11,982 pages of notes detailing the life and business of our present Dain. You see, I have a rather bad memory, so I write everything down. My latest entry is that on this day $N came and talked to me. Anyhow, I'm sure you have much better things to do than talk to me, so good luck in your ventures, $N, and come visit me any time.
thurgadinb|Seneschal_Aldikar|And a good day to you, $R. I must say that I'm impressed that your people were even able to make it to our continent, let alone survive the frigid temperatures of it. I am Seneschal Aldikar, Commander of the Armies of Thurgadin, known by some as the Sword of the Dain. My armies are currently undergoing intensive training and are ready for a full assault on Kael Drakkel as soon as his majesty gives the order.
thurgadinb|Sentinel_Paxin|Greetings offlander. I see you are exploring our beloved Keep. By order of the Dain all offlanders that have been friendly to our people are permitted to explore all parts of Icewell Keep save this door I guard. Enjoy your stay.
thurgadinb|Sentry_Ellison|Sentry Ellison snorts and jumps up before you. His eyes are red and he appears to be quite drowsy. Sentry Ellison says, 'Whatzi upit Jon? Huh... oh, hello there. I wasn't sleepin' ya know, just dropped somethin' up here and was lookin' for it. Now, if'n you'll excuse me I've got a job to do. Move along please.
thurgadinb|Watcher_Devin|Greetings to you as well, $N. Down these stairs lies the hall of our ancestors. May Brell guide my axe swiftly to the necks of those who dare attempt to desecrate such a sacred place.
thurgadinb|Watcher_Scots|Watcher Scots points at his throat and shakes his head sadly.
thurgadinb|an_Icewell_Sentinel|an Icewell Sentinel glances towards you, looking you up and down then continues about their duty. It is apparent to you that this guard does not wish to speak with you.
thurgadinb|an_Icewell_Sentry|an Icewell Sentry glances towards you, looking you up and down then continues about their duty. It is apparent to you that this guard does not wish to speak with you.
timorous|Alrik_Farsight|Ah. Hello there, adventurer. Come to search for ancient artifacts with Fizzlebik and myself?
timorous|Cursed_Traveler|Cursed Traveler looks at you with eyes that are bleak and dreary as though the essence which keeps it standing is not really there; a surreal look into the future for those who make their stay in the immediate room around you. The ominous figure does not make any sound but nods in your direction as if to tell you that he died here long ago by resting by the nearby fire for too long. In your mind you hear the eerie thoughts of this undead figure, alluding to the fact that it is unwise for you to remain here for too long, lest the mighty water dragon overtake you, as it overtook him.
timorous|Dolgin_Codslayer|ARGH! Dangit, ya scared me! Tread cautiously, fri. This here place ain't as frily as it seems. There's a beast lurkin' in this here puddle.
timorous|Drendico_Metalbones|The hills ears keep spinning the wonders of wells. Twisting twisting fly in water scar hot horses. Teach me! Bring floating water islands of doom!
timorous|Lheao|Lheao jumps at your voice and begins laughing at his skittishness. 'Ahh, hello there. Not many people know of this place, so visitors are quite rare. Hehehe. Its a very beautiful place indeed, so.. ummm, dont go telling everyone you know about it. Heheh. Thanks, Friend.'
timorous|Omat_Vastsea|Omat Vastsea bows deeply. 'I have been expecting you, $N. The waters have foretold your arrival. I am High Priest Omat Vastsea of the Triumvirate missionaries. Please feel free to enjoy the quiet solitude of this inn.'
timorous|Scout_Sihmoj|Greetings friend, please show me the Seal of Elder Dumul and I will brief you on the situation.
timorous|The_Great_Oowomp|The Great Oowomp gestures as if casting a powerful spell...'Come forward, adventurer! Come and see the dancing skeleton. I shall cast a powerfull spell and bring forth this operatic, clattering jumble of bones and he shall do a fine dance for you. From the nether regions and planes beyond, I call forth this bardic, magical, rhyming, tap-dancing hunk of undead!! I am Oowomp the Great!!'
timorous|Xiblin_Fizzlebik|Hello, $N! I am Xiblin Fizzlebik, renowned archeologist and historian of Ak'Anon. I'm currently in search of artifacts and relics on the Iksar Jarsath tribe. If you stumble upon anything, please bring it to me.
timorous|an_Iksar_master|an Iksar master is humming and chanting softly. He seems oblivious to your presence.
tox|##a_skeleton|Can't you see we're busy here?!
tox|#Aglthin_Dasmore|I am so tired. Leave me be. All I wish to do is fish! Can't I have even a few seconds alone?!
tox|#Phaeril_Nightshire|Hello there, $N. I am currently patrolling and can not be disturbed. After I am done with my patrol, perhaps I will speak with you. When the night shift comes on duty, I shall be free then.
tox|#Veisha_Fathomwalker|Hello, $N. I fear I do not have time to speak with you as I am working my shift. Please contact me at a later time.
tox|#a_skeleton|Grab a pick. Give us a hand!
tox|Elial_Brook|Good day to you. This is a dangerous forest for adventuring. Watch out for the beasts of these woods.
tox|Emil_Parsini|Good to meet you. $N. Please look around. I have much to offer. I am a master woodworker. It runs in the Parsini family.
tox|Ilanics_skeleton|I am no more.
tox|Jalen_Goldsinger|A fine day. Quite murky and quiet, is it not? May your path be filled with fortunes. Be well.
tox|Knarthenne_Skurl|Ah, you do not possess the heart of an innocent. Be gone with you!
tox|Lanivon_Baxer|Greetings, $N. Safe travels to you.
tox|Sentinel_Drom|Hail, $N! Be careful out in Toxxulia Forest! There are many venomous creatures out here. If things get too scary for you, run back to us and we shall take care of the threat.
tox|Sentinel_Flavius|Hail, good citizen! You are safe when you are near a sentinel of the High Guard. Feel free to rest and recuperate.
tox|Shintar_Vinlail|I have no time to answer questions. whelp! Now. leave this place before the sting of death finds the life in your veins!
trakanon|Crusader_Vragor|Perhaps you would care to hear a tale, and perhaps you could help me with the ending. It is the tale of the end of Grandmaster Tynn. We all know that Tynn came into Sebilis with no rebirth. I suppose you know he created the caste of Iksar monks, but I doubt you know where he now rests do you?
trakanon|Emperor_Ganak|Greetings..It has been long since I have been aware on this plane.. Who are you and what do you want of I, Ganak, slayer of Jaled-Dar?
trakanon|Kaiaren|AHHH get it away from me go away .. leave me alone
trakanon|a_human_skeleton|Save my.. Soul.. Find.. Wizard.. Desp..
unrest|Serra|H..h..hello? Can you help me? I lost something and I need it so I can go back home.
velketor|Bjoron_Axefall|I am not the beginning.
velketor|Brumen_Firehammer|It is staring at me again! I should pluck its eyeballs out!
velketor|Bryma_Loftaxe|Bryma Loftaxe whispers, 'Speak softly outlander or you may end up like Frekka and some of the others.'
velketor|Dlemin_Whiteforge|Dlemin Whiteforge growls at you like a fierce cave bear.
velketor|Drella_Stonegrinder|I am the beginning.
velketor|Frekka_Alebringer|Frekka Alebringer lets out a cry of pain as your words reach her ears. 'No! No more noise! No more experiments!'
velketor|Khlem_Alestone|I am not the begining.
wakening|#Lord_Gossimerwind|Lord Gossimerwind blinks at you a few times then speaks in a strangely musical draconic voice. 'You vish to azzizt ze count of ze Tunarean Faerie Dragons?'
wakening|#Lord_Prismwing|Lord Prismwing flutters his wings rapidly sending shimmering dust through the air around you. Although he speaks in high pitched chirps you somehow understand his meaning. Hello $N, I am the Count of the Tunarean Drixies. Are you a friend of the Tunarean Court?
wakening|#a_storm_giant_architect|Hmmm, I didn't know refuse could speak. Are you here to annoy me or are you planning on making yourself useful, if the latter is even possible?
wakening|#a_storm_giant_foreman|Hey there scrawny! I lead the finest team of laborers in all of Kael Drakkel! We've got little use for a weak creature like yourself, but if you want to help us out I've got a task for you.
wakening|Countess_Silveana|Countess Silveana curtsies politely 'Welcome to our home! I am the Countess Silveana of the Tunarean Court.
wakening|Eysa_Florawhisper|A pleasure to meet you. I am Countess Eysa Florawhisper of the Tunarean Court. Are you a friend of the court?
wakening|Lady_Gelistial|Lady Gelistial nods towards Pharos and a soft gentle voice whispers in your mind as if carried by the breeze passing through the gentle grove. 'You tread upon the sacred ground of Tunare. I am the Lady Gelistial, baroness of the Tunarean Unicorns. Are you a friend of the Tunarean Court?'
wakening|Lieutenant_Krofer|Unless you're the new mercenary reinforcements I suggest you remove yourself from my presence before I decorate the bottom of my boot with your intestines.
wakening|Ogre_Mercenary|This better be good, $R! Well? Spit it OUT!
wakening|Phenocryst|Phenocryst speaks with a soundless voice, as if you are hearing your own thoughts. 'We sense you are attempting communication with us but do not understand what it is you are trying to convey. We are eager to know more. Perhaps there is one who knows the language of the stone and will speak with us'
wakening|Rolandal|Greetings, Traveler. I do not receive many visitors to my quarters here, besides the occasional unfortunate treasure seeker that often will make for a good snack.
wakening|Shamus_Aghllsews|Welcome to my fiefdom, wayward $R. I am Duke Shamus Aghllsews of the Tunarean Court. Only those who pledge friendship or membership to the Court are allowed sanctuary in the Wakening Lands.
wakening|Teir`Dal_Mercenary|This better be good, $R! Well? Spit it OUT!
wakening|Tomekeeper_Bjordnessin|Greetings, weak one. What brings you to me? Are you just here to disturb me or do you have a question? Speak! You are using the King's time now, so spit it out... I have books that weigh more than you!
wakening|Troll_Mercenary|This better be good, $R! Well? Spit it OUT!
wakening|Wuoshi|I hope for your sake that you are no friend of the Kromrif or Kromzek and no enemy of the Tunarean Court.
wakening|a_faun|The rustling of the leaves tells the tale of your passing. Watch your step lest you break the twig that sings the sad tale of your demise. Share in our spirits and rejoice in the land of Tunare, Mother of All.
wakening|a_faun_outcast|The rustling of the leaves tells the tale of your passing. Watch your step lest you break the twig that sings the sad tale of your demise. Share in our spirits and rejoice in the land of Tunare, Mother of All.
wakening|a_faun_steward|The rustling of the leaves tells the tale of your passing. Watch your step lest you break the twig that sings the sad tale of your demise. Share in our spirits and rejoice in the land of Tunare, Mother of All.
wakening|a_frost_giant_laborer|Leave us to our work, small one, your diminutive frame would be crushed beneath the weight of our building stones.
wakening|a_frost_giant_sentinel|I have not the time to speak with an insignificant creature such as yourself. Tunare's minions and the very forest itself are a constant threat to the gates of mighty Kael Drakkel.
wakening|a_storm_giant_escort|Keep your distance unless you are here on official business! Display your intent or be destroyed!
wakening|a_troll_mercenary|This better be good, $R! Well? Spit it OUT!
wakening|a_wood_nymph|a wood nymph smiles and giggles timidly at $N. I've heard the fauns sing tales of $R before.
wakening|barbarian_mercenary|This better be good, $R! Well? Spit it OUT!
wakening|human_mercenary|This better be good, $R! Well? Spit it OUT!
wakening|mist_panther|mist panther roars at you and goes back to cleaning itself. A gleam of hunger flashes in its eyes.
warrens|Aderius_Rhenar|Hail, $N, I am Aderius Rhenar, priest of Quellious and assistant to Lady Laraena. I have been fortunate to be imprisoned here with these Kejekan cat men, they are a very wise people. Are you planning on returning to Erudin soon my friend?
warrens|Koajin|Koajin slowly looks up at you, his eyes glazed in exhaustion. Obviously the kobolds have worked him near to the point of death. You notice he is strong and his paws are scarred here and there. He must be some sort of craftsman. After gazing at you a few moments he realizes you are not a kobold and says, 'Hurry and leave this place, $R. Or you'll end up sharing this cell with us and wishing death upon yourself'
warrens|a_captured_erudite|a captured erudite bats her eye lashes seductively. 'I would be immensely pleased if someone would free me from these shackles.'
warrens|a_captured_kerran|My spirrrit witherrrrs herrre in this dank, stinking, flea infested hole! I must be set frrree frrrom these shackles!!
warrens|an_erudite_prisoner|an erudite prisoner angrily rattles his shackles. 'Damned Kobolds!! Some day I will return and these filthy warrens will be littered with their dog faced corpses! You wouldn't happen to have a key for these shackles would you?'
warslikswood|Captain_Gideen|I hope you have come to assist in the defense of the gate. We have had numerous assaults by the goblins. No doubt it is due to those goblin watchers.
warslikswood|Ssolet_Dnaas|Greetingss, $N. Unlesss you bring closssure to my ssearch, leave me while I contemplate thingss.
warslikswood|Trooper_Agash|Trooper Agash sneers at you. 'You watch your step in these woods, broodling. We troopers don't have time to protect all you broodlings from giants and goblins.
warslikswood|Trooper_Gepwyz|Among the denizens of the woods there has been babble regarding the crypt of Dalnir. Dalnir was an old Haggle Baron. I am sure there will be many crypt raiders searching for its entrance.
warslikswood|Trooper_Kroniz|I wish I were not committed to this post. I have heard of a great weapon which was made to battle the wurms, a Dragonslayer, if you will. This cannot be mere babble. It surely must exist. With such a weapon I could retake Sebilis from the claws of the wurm.
warslikswood|Trooper_Lunmiz|Warsliks Woods is a place best left to the goblins and giants. We have not been able to assault them both in this terrain.
warslikswood|Trooper_Melzok|Back to Cabilis with you! You won't fare well in these parts. If you are just a broodling, stay close to the gate so we can protect you.
warslikswood|Trooper_Olon|Keep an eye out on all fronts if you plan on venturing into the woods. The Kromdul are said to have an outpost built there.
warslikswood|Trooper_Roklon|Hail! Beware the giants of the woods. They have a dwelling somewhere out there. Should you stumble upon it, run! Leave the fighting to us.
warslikswood|Trooper_Syldon|Be very careful if you plan on traveling the roads of Warsliks Woods. The goblins and Kromdul have been assaulting travelers.
warslikswood|Trooper_Walrun|I once bested a Kromdul and found I could use his wristband as a fine belt. Of course, I had to alter it a bit.
warslikswood|Warlord_Vyzer|Greetings, small one! You should not waste your time in the safety of the troopers' patrols. Go forth into the land and earn your stripes in battle. Become a greater asset to the Iksar empire.
warslikswood|a_shady_goblin|If yer not my contact ya best be movin' on. Got no time to waste on ya.
warslikswood|an_Iksar_knight|an Iksar knight wipes the sweat from his forehead and spits some flarefire seeds on the ground near your feet. 'Whew!! Good to be back and safe at the Cabilis Gate. The troopers will protect us.'
westwastes|#Scout_Charisa|Scout Charisa motions you to be silent.
westwastes|Breezeboot_Swordrattler|Arr! Well, blow me down and hoist me mizzenmast! Swab the fo'c'sle and kick the bosun! Arrgh, to the four winds with this! I am cold, wet, hungry, shipwrecked, and bloody tired of playing at being a pirate. Breezeboot is not really my name, but it will do for now. I do not know how you got here, but you give me hope of escaping this frozen hell. We have been shipwrecked here for weeks now, though that is a long story.
westwastes|Derasinal|It is not often that I see strangers in these dangerous lands. Perhaps you are the chosen that Jualicn speaks of that will aid us in our battle against the foul giants. I do not believe you would be here if you were not in need of my sacred rune.
westwastes|Draazak|Greetings, $N. It cannot be that you would present yourself before me without reason. What brings you to these lands on this day? Please be quick for I have many ancient runes I must study.
westwastes|Entariz|Greetings, $N. I have heard that one is amongst us in the lands which will aid us in our cause. If you are the one that seeks my ancient rune for your studies please make sure it is not used in vain. I do not talk to many that pass through here and I feel in my heart that it is you that shall help us.
westwastes|Esorpa_of_the_Ring|You are truly a blight upon the planet. Here you are in this, the most holy of lands, and you DARE speak to me as if you were some sort of equal! We need to wipe the world clean, it is for the children of Veeshan, no others! I do not know what the Claws are thinking, our Mother would not approve of your kind, this much I know.
westwastes|Harla_Dar|Have you seen him? I must find him, he has been gone far to long! If you have harmed him, I will slay you and all of your race! Tell me where he is!
westwastes|Ionat|Hello $N. It is good to see that you have traveled so far to be in my presence. I do believe that you are the one chosen to aid us in our fight against the giants. If you are then I am sure that you will need my rune for your research.
westwastes|Klandicar|Oi, what is this? A $R, if my tired old eyes are not mistaken. Knew it would happen. Sooner rather than later. No stopping the flood now, eh?
westwastes|Makil_Rargon|Greetings. I am Makil Rargon, an esteemed assistant to the great wizard Al'Kabor. What can I help you with?
westwastes|Sontalak|Why are you here, $R? There is nothing you can gain from this land but an unsung death at the talons of your betters. If you want to prove your worth to Dragonkind, it will take more than slaying a few giants to accomplish it. Far more.
westwastes|The_Dragon_Sage|The Dragon Sage appears to fade in and out. The ghostly figure seems to stare through you, as though he is not aware of your presence. 'Do you know who I am?', he asks, as if he is inquiring for his own benefit.
