Step|Folder|File|Action|Line|Data
1|FrameXML|ActionButton.lua|replace|246|		icon:SetTexture(EQSpellIcons_GetActionTexture(texture, action));
2|FrameXML|AlternatePowerBar.lua|delete|8-9|
3|FrameXML|AlternatePowerBar.lua|insertafter|9|	-- AlternatePowerBar_Initialize(self);
4|FrameXML|AlternatePowerBar.lua|insertafter|9|	-- TextStatusBar_Initialize(self);
5|FrameXML|AlternatePowerBar.xml|replace|65|	<StatusBar name="PlayerFrameAlternateManaBar" hidden="true" inherits="AlternatePowerBarTemplate" parent="PlayerFrame">	<!--Primarily for Druids in forms (at the moment)-->
6|FrameXML|BuffFrame.lua|replace|125|	local name, rank, texture, count, debuffType, duration, expirationTime, _, _, shouldConsolidate, spellId = UnitAura(unit, index, filter);
7|FrameXML|BuffFrame.lua|replace|205|		icon:SetTexture(EQSpellIcons_GetAuraTexture(texture, spellId));
8|FrameXML|CharacterFrame.lua|insertafter|2|
9|FrameXML|CharacterFrame.lua|insertafter|2|-- EQWOW: the right-side "WoW"/"EQ" tabs switch the whole pane between the normal Blizzard character
10|FrameXML|CharacterFrame.lua|insertafter|2|-- frame (with its bottom tabs) and the EQ class page (EQClassFrame, with the bottom tabs hidden).
11|FrameXML|CharacterFrame.lua|insertafter|2|local CharacterFrameEQMode = false;
12|FrameXML|CharacterFrame.lua|insertafter|2|local CharacterFrameLastSubFrame = "PaperDollFrame";
13|FrameXML|CharacterFrame.lua|insertafter|2|
14|FrameXML|CharacterFrame.lua|insertafter|2|function CharacterFrame_UpdateSideTabs ()
15|FrameXML|CharacterFrame.lua|insertafter|2|	if ( CharacterFrameSideTabWoW ) then
16|FrameXML|CharacterFrame.lua|insertafter|2|		CharacterFrameSideTabWoW:SetChecked(not CharacterFrameEQMode);
17|FrameXML|CharacterFrame.lua|insertafter|2|	end
18|FrameXML|CharacterFrame.lua|insertafter|2|	if ( CharacterFrameSideTabEQ ) then
19|FrameXML|CharacterFrame.lua|insertafter|2|		CharacterFrameSideTabEQ:SetChecked(CharacterFrameEQMode);
20|FrameXML|CharacterFrame.lua|insertafter|2|	end
21|FrameXML|CharacterFrame.lua|insertafter|2|	-- The equipment tab tracks its side window rather than the WoW/EQ page mode
22|FrameXML|CharacterFrame.lua|insertafter|2|	if ( CharacterFrameSideTabEQEquip ) then
23|FrameXML|CharacterFrame.lua|insertafter|2|		CharacterFrameSideTabEQEquip:SetChecked(EQSecondaryEquipFrame and EQSecondaryEquipFrame:IsShown());
24|FrameXML|CharacterFrame.lua|insertafter|2|	end
25|FrameXML|CharacterFrame.lua|insertafter|2|end
26|FrameXML|CharacterFrame.lua|insertafter|2|
27|FrameXML|CharacterFrame.lua|insertafter|2|function CharacterFrame_SetEQMode (enabled)
28|FrameXML|CharacterFrame.lua|insertafter|2|	-- Remember/restore which bottom tabs were visible across the mode switch
29|FrameXML|CharacterFrame.lua|insertafter|2|	if ( enabled and not CharacterFrameEQMode ) then
30|FrameXML|CharacterFrame.lua|insertafter|2|		for i = 1, NUM_CHARACTERFRAME_TABS do
31|FrameXML|CharacterFrame.lua|insertafter|2|			local tab = _G["CharacterFrameTab"..i];
32|FrameXML|CharacterFrame.lua|insertafter|2|			tab.eqSavedShown = tab:IsShown();
33|FrameXML|CharacterFrame.lua|insertafter|2|			tab:Hide();
34|FrameXML|CharacterFrame.lua|insertafter|2|		end
35|FrameXML|CharacterFrame.lua|insertafter|2|	elseif ( not enabled and CharacterFrameEQMode ) then
36|FrameXML|CharacterFrame.lua|insertafter|2|		for i = 1, NUM_CHARACTERFRAME_TABS do
37|FrameXML|CharacterFrame.lua|insertafter|2|			local tab = _G["CharacterFrameTab"..i];
38|FrameXML|CharacterFrame.lua|insertafter|2|			if ( tab.eqSavedShown ) then
39|FrameXML|CharacterFrame.lua|insertafter|2|				tab:Show();
40|FrameXML|CharacterFrame.lua|insertafter|2|			end
41|FrameXML|CharacterFrame.lua|insertafter|2|		end
42|FrameXML|CharacterFrame.lua|insertafter|2|	end
43|FrameXML|CharacterFrame.lua|insertafter|2|	CharacterFrameEQMode = enabled;
44|FrameXML|CharacterFrame.lua|insertafter|2|
45|FrameXML|CharacterFrame.lua|insertafter|2|	if ( enabled ) then
46|FrameXML|CharacterFrame.lua|insertafter|2|		for index, value in pairs(CHARACTERFRAME_SUBFRAMES) do
47|FrameXML|CharacterFrame.lua|insertafter|2|			if ( _G[value] ) then
48|FrameXML|CharacterFrame.lua|insertafter|2|				_G[value]:Hide();
49|FrameXML|CharacterFrame.lua|insertafter|2|			end
50|FrameXML|CharacterFrame.lua|insertafter|2|		end
51|FrameXML|CharacterFrame.lua|insertafter|2|		if ( EQClassFrame ) then
52|FrameXML|CharacterFrame.lua|insertafter|2|			EQClassFrame:Show();
53|FrameXML|CharacterFrame.lua|insertafter|2|		end
54|FrameXML|CharacterFrame.lua|insertafter|2|	else
55|FrameXML|CharacterFrame.lua|insertafter|2|		if ( EQClassFrame ) then
56|FrameXML|CharacterFrame.lua|insertafter|2|			EQClassFrame:Hide();
57|FrameXML|CharacterFrame.lua|insertafter|2|		end
58|FrameXML|CharacterFrame.lua|insertafter|2|		CharacterFrame_ShowSubFrame(CharacterFrameLastSubFrame);
59|FrameXML|CharacterFrame.lua|insertafter|2|	end
60|FrameXML|CharacterFrame.lua|insertafter|2|	CharacterFrame_UpdateSideTabs();
61|FrameXML|CharacterFrame.lua|insertafter|2|end
62|FrameXML|CharacterFrame.lua|insertafter|2|
63|FrameXML|CharacterFrame.lua|delete|9-10|
64|FrameXML|CharacterFrame.lua|insertafter|10|				if ( (not CharacterFrameEQMode) and subFrame:IsShown() ) then
65|FrameXML|CharacterFrame.lua|insertafter|10|					HideUIPanel(CharacterFrame);
66|FrameXML|CharacterFrame.lua|insertafter|12|					CharacterFrame_SetEQMode(false);
67|FrameXML|CharacterFrame.lua|insertafter|16|				CharacterFrame_SetEQMode(false);
68|FrameXML|CharacterFrame.lua|delete|28-30|
69|FrameXML|CharacterFrame.lua|insertafter|30|			_G[value]:Hide();
70|FrameXML|CharacterFrame.lua|insertafter|30|		end
71|FrameXML|CharacterFrame.lua|insertafter|30|	end
72|FrameXML|CharacterFrame.lua|insertafter|30|	if ( EQClassFrame ) then
73|FrameXML|CharacterFrame.lua|insertafter|30|		EQClassFrame:Hide();
74|FrameXML|CharacterFrame.lua|insertafter|30|	end
75|FrameXML|CharacterFrame.lua|insertafter|30|	CharacterFrameLastSubFrame = frameName;
76|FrameXML|CharacterFrame.lua|replace|35|
77|FrameXML|CharacterFrame.lua|replace|41|		ToggleCharacter("ReputationFrame");
78|FrameXML|CharacterFrame.lua|replace|43|		ToggleCharacter("SkillFrame");
79|FrameXML|CharacterFrame.lua|replace|45|		ToggleCharacter("TokenFrame");
80|FrameXML|CharacterFrame.lua|insertafter|47|end
81|FrameXML|CharacterFrame.lua|insertafter|47|
82|FrameXML|CharacterFrame.lua|insertafter|47|function CharacterFrame_SideTabWoW_OnClick (self)
83|FrameXML|CharacterFrame.lua|insertafter|47|	CharacterFrame_SetEQMode(false);
84|FrameXML|CharacterFrame.lua|insertafter|47|	PlaySound("igCharacterInfoTab");
85|FrameXML|CharacterFrame.lua|insertafter|47|end
86|FrameXML|CharacterFrame.lua|insertafter|47|
87|FrameXML|CharacterFrame.lua|insertafter|47|function CharacterFrame_SideTabEQ_OnClick (self)
88|FrameXML|CharacterFrame.lua|insertafter|47|	CharacterFrame_SetEQMode(true);
89|FrameXML|CharacterFrame.lua|insertafter|47|	PlaySound("igCharacterInfoTab");
90|FrameXML|CharacterFrame.lua|insertafter|47|end
91|FrameXML|CharacterFrame.lua|insertafter|47|
92|FrameXML|CharacterFrame.lua|insertafter|47|-- Toggles the Secondary Class Equipment side window (EQSecondaryEquipFrame); unlike the WoW/EQ tabs it does
93|FrameXML|CharacterFrame.lua|insertafter|47|-- not change which page the CharacterFrame itself is showing
94|FrameXML|CharacterFrame.lua|insertafter|47|function CharacterFrame_SideTabEQEquip_OnClick (self)
95|FrameXML|CharacterFrame.lua|insertafter|47|	if ( EQSecondaryEquipFrame ) then
96|FrameXML|CharacterFrame.lua|insertafter|47|		if ( EQSecondaryEquipFrame:IsShown() ) then
97|FrameXML|CharacterFrame.lua|insertafter|47|			EQSecondaryEquipFrame:Hide();
98|FrameXML|CharacterFrame.lua|insertafter|47|		else
99|FrameXML|CharacterFrame.lua|insertafter|47|			EQSecondaryEquipFrame:Show();
100|FrameXML|CharacterFrame.lua|insertafter|47|		end
101|FrameXML|CharacterFrame.lua|insertafter|47|	end
102|FrameXML|CharacterFrame.lua|insertafter|47|	PlaySound("igCharacterInfoTab");
103|FrameXML|CharacterFrame.lua|insertafter|47|	CharacterFrame_UpdateSideTabs();
104|FrameXML|CharacterFrame.lua|insertafter|61|	CharacterFrame_UpdateSideTabs();
105|FrameXML|CharacterFrame.xml|insertafter|156|			<CheckButton name="CharacterFrameSideTabWoW" inherits="CharacterFrameSideTabTemplate">
106|FrameXML|CharacterFrame.xml|insertafter|156|                <Anchors>
107|FrameXML|CharacterFrame.xml|insertafter|156|                   <Anchor point="TOPLEFT" relativeTo="CharacterFrame" relativePoint="TOPRIGHT">
108|FrameXML|CharacterFrame.xml|insertafter|156|                        <Offset>
109|FrameXML|CharacterFrame.xml|insertafter|156|                            <AbsDimension x="-30" y="-34"/>
110|FrameXML|CharacterFrame.xml|insertafter|156|                        </Offset>
111|FrameXML|CharacterFrame.xml|insertafter|156|                    </Anchor>
112|FrameXML|CharacterFrame.xml|insertafter|156|                </Anchors>
113|FrameXML|CharacterFrame.xml|insertafter|156|                <Scripts>
114|FrameXML|CharacterFrame.xml|insertafter|156|					<OnLoad>
115|FrameXML|CharacterFrame.xml|insertafter|156|						self:SetFrameLevel(self:GetParent():GetFrameLevel() + 20);
116|FrameXML|CharacterFrame.xml|insertafter|156|						self:SetNormalTexture("Interface\\Icons\\INV_Misc_Book_09");
117|FrameXML|CharacterFrame.xml|insertafter|156|						local icon = self:GetNormalTexture();
118|FrameXML|CharacterFrame.xml|insertafter|156|						if ( icon ) then icon:SetTexCoord(0.08, 0.92, 0.08, 0.92); end
119|FrameXML|CharacterFrame.xml|insertafter|156|						self.tooltip = "World of Warcraft";
120|FrameXML|CharacterFrame.xml|insertafter|156|					</OnLoad>
121|FrameXML|CharacterFrame.xml|insertafter|156|					<OnClick function="CharacterFrame_SideTabWoW_OnClick"/>
122|FrameXML|CharacterFrame.xml|insertafter|156|                </Scripts>
123|FrameXML|CharacterFrame.xml|insertafter|156|            </CheckButton>
124|FrameXML|CharacterFrame.xml|insertafter|156|			<CheckButton name="CharacterFrameSideTabEQ" inherits="CharacterFrameSideTabTemplate">
125|FrameXML|CharacterFrame.xml|insertafter|156|                <Anchors>
126|FrameXML|CharacterFrame.xml|insertafter|156|                   <Anchor point="TOPLEFT" relativeTo="CharacterFrameSideTabWoW" relativePoint="BOTTOMLEFT">
127|FrameXML|CharacterFrame.xml|insertafter|156|                        <Offset>
128|FrameXML|CharacterFrame.xml|insertafter|156|                            <AbsDimension x="0" y="-13"/>
129|FrameXML|CharacterFrame.xml|insertafter|156|                        </Offset>
130|FrameXML|CharacterFrame.xml|insertafter|156|                    </Anchor>
131|FrameXML|CharacterFrame.xml|insertafter|156|                </Anchors>
132|FrameXML|CharacterFrame.xml|insertafter|156|                <Scripts>
133|FrameXML|CharacterFrame.xml|insertafter|156|					<OnLoad>
134|FrameXML|CharacterFrame.xml|insertafter|156|						self:SetFrameLevel(self:GetParent():GetFrameLevel() + 20);
135|FrameXML|CharacterFrame.xml|insertafter|156|						self:SetNormalTexture("Interface\\Icons\\Spell_Nature_WispSplode");
136|FrameXML|CharacterFrame.xml|insertafter|156|						local icon = self:GetNormalTexture();
137|FrameXML|CharacterFrame.xml|insertafter|156|						if ( icon ) then icon:SetTexCoord(0.08, 0.92, 0.08, 0.92); end
138|FrameXML|CharacterFrame.xml|insertafter|156|						self.tooltip = "EverQuest Classes";
139|FrameXML|CharacterFrame.xml|insertafter|156|					</OnLoad>
140|FrameXML|CharacterFrame.xml|insertafter|156|					<OnClick function="CharacterFrame_SideTabEQ_OnClick"/>
141|FrameXML|CharacterFrame.xml|insertafter|156|                </Scripts>
142|FrameXML|CharacterFrame.xml|insertafter|156|            </CheckButton>
143|FrameXML|CharacterFrame.xml|insertafter|156|			<CheckButton name="CharacterFrameSideTabEQEquip" inherits="CharacterFrameSideTabTemplate">
144|FrameXML|CharacterFrame.xml|insertafter|156|                <Anchors>
145|FrameXML|CharacterFrame.xml|insertafter|156|                   <Anchor point="TOPLEFT" relativeTo="CharacterFrameSideTabEQ" relativePoint="BOTTOMLEFT">
146|FrameXML|CharacterFrame.xml|insertafter|156|                        <Offset>
147|FrameXML|CharacterFrame.xml|insertafter|156|                            <AbsDimension x="0" y="-13"/>
148|FrameXML|CharacterFrame.xml|insertafter|156|                        </Offset>
149|FrameXML|CharacterFrame.xml|insertafter|156|                    </Anchor>
150|FrameXML|CharacterFrame.xml|insertafter|156|                </Anchors>
151|FrameXML|CharacterFrame.xml|insertafter|156|                <Scripts>
152|FrameXML|CharacterFrame.xml|insertafter|156|					<OnLoad>
153|FrameXML|CharacterFrame.xml|insertafter|156|						self:SetFrameLevel(self:GetParent():GetFrameLevel() + 20);
154|FrameXML|CharacterFrame.xml|insertafter|156|						self:SetNormalTexture("Interface\\Icons\\INV_Chest_Plate06");
155|FrameXML|CharacterFrame.xml|insertafter|156|						local icon = self:GetNormalTexture();
156|FrameXML|CharacterFrame.xml|insertafter|156|						if ( icon ) then icon:SetTexCoord(0.08, 0.92, 0.08, 0.92); end
157|FrameXML|CharacterFrame.xml|insertafter|156|						self.tooltip = "Secondary Class Equipment";
158|FrameXML|CharacterFrame.xml|insertafter|156|					</OnLoad>
159|FrameXML|CharacterFrame.xml|insertafter|156|					<OnClick function="CharacterFrame_SideTabEQEquip_OnClick"/>
160|FrameXML|CharacterFrame.xml|insertafter|156|                </Scripts>
161|FrameXML|CharacterFrame.xml|insertafter|156|            </CheckButton>
162|FrameXML|CharacterFrameTemplates.xml|insertafter|111|	<!-- EQWOW: vertical "WoW" / "EQ" tabs down the right edge of the character pane -->
163|FrameXML|CharacterFrameTemplates.xml|insertafter|111|	<CheckButton name="CharacterFrameSideTabTemplate" virtual="true">
164|FrameXML|CharacterFrameTemplates.xml|insertafter|111|		<Size>
165|FrameXML|CharacterFrameTemplates.xml|insertafter|111|			<AbsDimension x="32" y="32"/>
166|FrameXML|CharacterFrameTemplates.xml|insertafter|111|		</Size>
167|FrameXML|CharacterFrameTemplates.xml|insertafter|111|		<Layers>
168|FrameXML|CharacterFrameTemplates.xml|insertafter|111|			<Layer level="BACKGROUND">
169|FrameXML|CharacterFrameTemplates.xml|insertafter|111|				<Texture file="Interface\SpellBook\SpellBook-SkillLineTab">
170|FrameXML|CharacterFrameTemplates.xml|insertafter|111|					<Size>
171|FrameXML|CharacterFrameTemplates.xml|insertafter|111|						<AbsDimension x="64" y="64"/>
172|FrameXML|CharacterFrameTemplates.xml|insertafter|111|					</Size>
173|FrameXML|CharacterFrameTemplates.xml|insertafter|111|					<Anchors>
174|FrameXML|CharacterFrameTemplates.xml|insertafter|111|						<Anchor point="TOPLEFT">
175|FrameXML|CharacterFrameTemplates.xml|insertafter|111|							<Offset>
176|FrameXML|CharacterFrameTemplates.xml|insertafter|111|								<AbsDimension x="-3" y="11"/>
177|FrameXML|CharacterFrameTemplates.xml|insertafter|111|							</Offset>
178|FrameXML|CharacterFrameTemplates.xml|insertafter|111|						</Anchor>
179|FrameXML|CharacterFrameTemplates.xml|insertafter|111|					</Anchors>
180|FrameXML|CharacterFrameTemplates.xml|insertafter|111|				</Texture>
181|FrameXML|CharacterFrameTemplates.xml|insertafter|111|			</Layer>
182|FrameXML|CharacterFrameTemplates.xml|insertafter|111|		</Layers>
183|FrameXML|CharacterFrameTemplates.xml|insertafter|111|		<Scripts>
184|FrameXML|CharacterFrameTemplates.xml|insertafter|111|			<OnEnter>
185|FrameXML|CharacterFrameTemplates.xml|insertafter|111|				GameTooltip:SetOwner(self, "ANCHOR_RIGHT");
186|FrameXML|CharacterFrameTemplates.xml|insertafter|111|				GameTooltip:SetText(self.tooltip);
187|FrameXML|CharacterFrameTemplates.xml|insertafter|111|			</OnEnter>
188|FrameXML|CharacterFrameTemplates.xml|insertafter|111|			<OnLeave>
189|FrameXML|CharacterFrameTemplates.xml|insertafter|111|				GameTooltip:Hide();
190|FrameXML|CharacterFrameTemplates.xml|insertafter|111|			</OnLeave>
191|FrameXML|CharacterFrameTemplates.xml|insertafter|111|		</Scripts>
192|FrameXML|CharacterFrameTemplates.xml|insertafter|111|		<NormalTexture/>
193|FrameXML|CharacterFrameTemplates.xml|insertafter|111|		<HighlightTexture file="Interface\Buttons\ButtonHilight-Square" alphaMode="ADD"/>
194|FrameXML|CharacterFrameTemplates.xml|insertafter|111|		<CheckedTexture file="Interface\Buttons\CheckButtonHilight" alphaMode="ADD"/>
195|FrameXML|CharacterFrameTemplates.xml|insertafter|111|	</CheckButton>
196|FrameXML|FrameXML.toc|insertafter|5|EQSpellIcons.lua
197|FrameXML|FrameXML.toc|insertafter|87|EQClassFrame.xml
198|FrameXML|FrameXML.toc|insertafter|87|EQSecondaryEquipFrame.xml
199|FrameXML|FrameXML.toc|insertafter|87|EQVersionData.lua
200|FrameXML|FrameXML.toc|insertafter|87|EQSpellGenericIcons.lua
201|FrameXML|FrameXML.toc|insertafter|87|EQBlindSpells.lua
202|FrameXML|FrameXML.toc|insertafter|87|EQBlindness.lua
203|FrameXML|MainMenuBar.lua|insertafter|154|		elseif ( HasMultiCastActionBar() ) then
204|FrameXML|MainMenuBar.lua|insertafter|154|			MainMenuBarVehicleLeaveButton:SetPoint("LEFT", MultiCastActionBarFrame, "RIGHT", 30, 0);
205|FrameXML|MainMenuBar.lua|delete|157-158|
206|FrameXML|PartyMemberFrame.lua|replace|449|	local name, rank, icon, spellId, _;
207|FrameXML|PartyMemberFrame.lua|replace|457|		name, rank, icon, _, _, _, _, _, _, _, spellId = UnitBuff(self.unit, i);
208|FrameXML|PartyMemberFrame.lua|replace|459|			_G["PartyMemberBuffTooltipBuff"..index.."Icon"]:SetTexture(EQSpellIcons_GetAuraTexture(icon, spellId));
209|FrameXML|PartyMemberFrame.lua|replace|483|		name, rank, icon, debuffStack, debuffType, _, _, _, _, _, spellId = UnitDebuff(self.unit, i);		
210|FrameXML|PartyMemberFrame.lua|replace|485|			partyDebuff:SetTexture(EQSpellIcons_GetAuraTexture(icon, spellId));
211|FrameXML|PetActionBarFrame.lua|replace|112|			petActionIcon:SetTexture(EQSpellIcons_GetPetActionTexture(texture));
212|FrameXML|PetActionBarFrame.lua|insertafter|185|	elseif ( MultiCastActionBarFrame and HasMultiCastActionBar() ) then
213|FrameXML|PetActionBarFrame.lua|insertafter|185|		PETACTIONBAR_XPOS = MultiCastActionBarFrame:GetRight() + 20;
214|FrameXML|PetActionBarFrame.lua|delete|188-189|
215|FrameXML|PetFrame.lua|copy||
216|FrameXML|PetFrame.xml|copy||
217|FrameXML|PlayerFrame.lua|insertafter|1|
218|FrameXML|PlayerFrame.lua|insertafter|1|local InactivePowers = nil
219|FrameXML|PlayerFrame.lua|insertafter|1|
220|FrameXML|PlayerFrame.lua|insertafter|1|-- upvalues
221|FrameXML|PlayerFrame.lua|insertafter|1|local UnitPower, UnitPowerMax = UnitPower, UnitPowerMax
222|FrameXML|PlayerFrame.lua|insertafter|1|
223|FrameXML|PlayerFrame.lua|insertafter|1|-- globals
224|FrameXML|PlayerFrame.lua|insertafter|1|local BAR_HEIGHT, BAR_MARGIN = 8, 1
225|FrameXML|PlayerFrame.lua|insertafter|1|local ALL_POWERS = { { 0, "MANA", "Mana" }, { 3, "ENERGY", "Energy" }, { 1, "RAGE", "Rage" }, { 6, "RUNIC_POWER", "Runic power" } } -- { 5, "Runes" }
226|FrameXML|PlayerFrame.lua|insertafter|1|
227|FrameXML|PlayerFrame.lua|insertafter|1|local function CreatePowerBar(i, power, parent)
228|FrameXML|PlayerFrame.lua|insertafter|1|	local bar = select(i, parent:GetChildren())
229|FrameXML|PlayerFrame.lua|insertafter|1|
230|FrameXML|PlayerFrame.lua|insertafter|1|	bar:SetStatusBarTexture("Interface\\TargetingFrame\\UI-StatusBar")
231|FrameXML|PlayerFrame.lua|insertafter|1|	bar:GetStatusBarTexture():SetHorizTile(false)
232|FrameXML|PlayerFrame.lua|insertafter|1|
233|FrameXML|PlayerFrame.lua|insertafter|1|	bar:SetFrameStrata("MEDIUM")
234|FrameXML|PlayerFrame.lua|insertafter|1|
235|FrameXML|PlayerFrame.lua|insertafter|1|	bar:GetStatusBarTexture():SetDrawLayer("BACKGROUND")
236|FrameXML|PlayerFrame.lua|insertafter|1|
237|FrameXML|PlayerFrame.lua|insertafter|1|	local color = PowerBarColor[power[1]]
238|FrameXML|PlayerFrame.lua|insertafter|1|	bar:SetStatusBarColor(color.r, color.g, color.b)
239|FrameXML|PlayerFrame.lua|insertafter|1|
240|FrameXML|PlayerFrame.lua|insertafter|1|	bar:SetSize(120, BAR_HEIGHT)
241|FrameXML|PlayerFrame.lua|insertafter|1|	bar:SetMinMaxValues(0, 100)
242|FrameXML|PlayerFrame.lua|insertafter|1|	bar:SetValue(100)
243|FrameXML|PlayerFrame.lua|insertafter|1|
244|FrameXML|PlayerFrame.lua|insertafter|1|	bar.border = CreateFrame("Frame", nil, bar)
245|FrameXML|PlayerFrame.lua|insertafter|1|	bar.border:SetFrameLevel(10)
246|FrameXML|PlayerFrame.lua|insertafter|1|	bar.border:SetPoint("TOPLEFT")
247|FrameXML|PlayerFrame.lua|insertafter|1|	bar.border:SetSize(127, 10)
248|FrameXML|PlayerFrame.lua|insertafter|1|	bar.border.tex = bar.border:CreateTexture(nil, "BORDER")
249|FrameXML|PlayerFrame.lua|insertafter|1|	bar.border.tex:SetSize(128, 14)
250|FrameXML|PlayerFrame.lua|insertafter|1|	bar.border.tex:SetPoint("CENTER", -2, 0)
251|FrameXML|PlayerFrame.lua|insertafter|1|	bar.border.tex:SetTexture("Interface\\PlayerFrame\\barborder")
252|FrameXML|PlayerFrame.lua|insertafter|1|
253|FrameXML|PlayerFrame.lua|insertafter|1|	bar.text = CreateFrame("Frame", nil, bar)
254|FrameXML|PlayerFrame.lua|insertafter|1|	bar.text:SetFrameLevel(11)
255|FrameXML|PlayerFrame.lua|insertafter|1|	bar.text:SetPoint("CENTER")
256|FrameXML|PlayerFrame.lua|insertafter|1|	bar.text:SetSize(1, 1)
257|FrameXML|PlayerFrame.lua|insertafter|1|	local text = bar.text:CreateFontString(nil, "OVERLAY", "TextStatusBarText")
258|FrameXML|PlayerFrame.lua|insertafter|1|	-- text:SetFont("Fonts\\FRIZQT__.TTF", 9, "OUTLINE")
259|FrameXML|PlayerFrame.lua|insertafter|1|	text:SetPoint("CENTER", 0, 0)
260|FrameXML|PlayerFrame.lua|insertafter|1|	SetTextStatusBarText(bar, text)
261|FrameXML|PlayerFrame.lua|insertafter|1|	SetTextStatusBarTextPrefix(bar, power[3] .. ": ")
262|FrameXML|PlayerFrame.lua|insertafter|1|	bar.textLockable = 1
263|FrameXML|PlayerFrame.lua|insertafter|1|	-- bar.forceShow = true
264|FrameXML|PlayerFrame.lua|insertafter|1|	bar.cvar = "playerStatusText"
265|FrameXML|PlayerFrame.lua|insertafter|1|	bar.cvarLabel = "STATUS_TEXT_PLAYER"
266|FrameXML|PlayerFrame.lua|insertafter|1|	bar.powerToken = power[2]
267|FrameXML|PlayerFrame.lua|insertafter|1|	TextStatusBar_Initialize(bar)
268|FrameXML|PlayerFrame.lua|insertafter|1|	TextStatusBar_UpdateTextString(bar)
269|FrameXML|PlayerFrame.lua|insertafter|1|
270|FrameXML|PlayerFrame.lua|insertafter|1|	local powerIdx, powerName = unpack(power)
271|FrameXML|PlayerFrame.lua|insertafter|1|
272|FrameXML|PlayerFrame.lua|insertafter|1|	local last, lastMax = -2, -1
273|FrameXML|PlayerFrame.lua|insertafter|1|	local function updatePower()
274|FrameXML|PlayerFrame.lua|insertafter|1|		if not bar:IsShown() then return end
275|FrameXML|PlayerFrame.lua|insertafter|1|		local curr, max = UnitPower("player", powerIdx), UnitPowerMax("player", powerIdx)
276|FrameXML|PlayerFrame.lua|insertafter|1|		if curr ~= last then
277|FrameXML|PlayerFrame.lua|insertafter|1|			bar:SetValue(curr)
278|FrameXML|PlayerFrame.lua|insertafter|1|			last = curr
279|FrameXML|PlayerFrame.lua|insertafter|1|		end
280|FrameXML|PlayerFrame.lua|insertafter|1|		if max ~= lastMax then
281|FrameXML|PlayerFrame.lua|insertafter|1|			bar:SetMinMaxValues(0, max)
282|FrameXML|PlayerFrame.lua|insertafter|1|			bar:SetValue(curr)
283|FrameXML|PlayerFrame.lua|insertafter|1|			lastMax = max
284|FrameXML|PlayerFrame.lua|insertafter|1|		end
285|FrameXML|PlayerFrame.lua|insertafter|1|	end
286|FrameXML|PlayerFrame.lua|insertafter|1|
287|FrameXML|PlayerFrame.lua|insertafter|1|	bar:SetScript("OnUpdate", updatePower)
288|FrameXML|PlayerFrame.lua|insertafter|1|	
289|FrameXML|PlayerFrame.lua|insertafter|1|	updatePower()
290|FrameXML|PlayerFrame.lua|insertafter|1|	bar.updatePower = updatePower
291|FrameXML|PlayerFrame.lua|insertafter|1|
292|FrameXML|PlayerFrame.lua|insertafter|1|	return bar
293|FrameXML|PlayerFrame.lua|insertafter|1|end
294|FrameXML|PlayerFrame.lua|insertafter|1|
295|FrameXML|PlayerFrame.lua|insertafter|1|local function PlayerFrame_UpdatePowerBars()
296|FrameXML|PlayerFrame.lua|insertafter|1|	PlayerFrameManaBar:SetScale(0.0001)
297|FrameXML|PlayerFrame.lua|insertafter|1|	local powers = {}
298|FrameXML|PlayerFrame.lua|insertafter|1|	for _, power in ipairs(ALL_POWERS) do
299|FrameXML|PlayerFrame.lua|insertafter|1|		local active = true
300|FrameXML|PlayerFrame.lua|insertafter|1|		for idx, inactive in pairs(InactivePowers) do
301|FrameXML|PlayerFrame.lua|insertafter|1|			if idx == power[1] and inactive then
302|FrameXML|PlayerFrame.lua|insertafter|1|				active = false
303|FrameXML|PlayerFrame.lua|insertafter|1|			end
304|FrameXML|PlayerFrame.lua|insertafter|1|		end
305|FrameXML|PlayerFrame.lua|insertafter|1|		if active then
306|FrameXML|PlayerFrame.lua|insertafter|1|			table.insert(powers, power)
307|FrameXML|PlayerFrame.lua|insertafter|1|		end
308|FrameXML|PlayerFrame.lua|insertafter|1|	end
309|FrameXML|PlayerFrame.lua|insertafter|1|	if #powers == 0 then
310|FrameXML|PlayerFrame.lua|insertafter|1|		table.insert(powers, ALL_POWERS[1])
311|FrameXML|PlayerFrame.lua|insertafter|1|	end
312|FrameXML|PlayerFrame.lua|insertafter|1|
313|FrameXML|PlayerFrame.lua|insertafter|1|	if select(2, UnitClass("player")) == "DRUID" and GetShapeshiftForm() > 0 and GetShapeshiftForm() < 6 then
314|FrameXML|PlayerFrame.lua|insertafter|1|		local formPower = false
315|FrameXML|PlayerFrame.lua|insertafter|1|		local mana = false
316|FrameXML|PlayerFrame.lua|insertafter|1|		for _, power in ipairs(powers) do
317|FrameXML|PlayerFrame.lua|insertafter|1|			if power[1] == GetShapeshiftForm() then
318|FrameXML|PlayerFrame.lua|insertafter|1|				formPower = true
319|FrameXML|PlayerFrame.lua|insertafter|1|			end
320|FrameXML|PlayerFrame.lua|insertafter|1|			if power[1] == 0 then
321|FrameXML|PlayerFrame.lua|insertafter|1|				mana = true
322|FrameXML|PlayerFrame.lua|insertafter|1|			end
323|FrameXML|PlayerFrame.lua|insertafter|1|		end
324|FrameXML|PlayerFrame.lua|insertafter|1|		
325|FrameXML|PlayerFrame.lua|insertafter|1|		if not formPower then
326|FrameXML|PlayerFrame.lua|insertafter|1|			for _, power in ipairs(ALL_POWERS) do
327|FrameXML|PlayerFrame.lua|insertafter|1|				if power[1] == GetShapeshiftForm() then
328|FrameXML|PlayerFrame.lua|insertafter|1|					table.insert(powers, power)
329|FrameXML|PlayerFrame.lua|insertafter|1|					break
330|FrameXML|PlayerFrame.lua|insertafter|1|				end
331|FrameXML|PlayerFrame.lua|insertafter|1|			end
332|FrameXML|PlayerFrame.lua|insertafter|1|		end
333|FrameXML|PlayerFrame.lua|insertafter|1|		if not mana then
334|FrameXML|PlayerFrame.lua|insertafter|1|			table.insert(powers, ALL_POWERS[1])
335|FrameXML|PlayerFrame.lua|insertafter|1|		end
336|FrameXML|PlayerFrame.lua|insertafter|1|	end
337|FrameXML|PlayerFrame.lua|insertafter|1|
338|FrameXML|PlayerFrame.lua|insertafter|1|	if InactivePowers[5] then
339|FrameXML|PlayerFrame.lua|insertafter|1|		RuneFrame:Hide()
340|FrameXML|PlayerFrame.lua|insertafter|1|	else
341|FrameXML|PlayerFrame.lua|insertafter|1|		RuneFrame:Show()
342|FrameXML|PlayerFrame.lua|insertafter|1|	end
343|FrameXML|PlayerFrame.lua|insertafter|1|
344|FrameXML|PlayerFrame.lua|insertafter|1|	-- power bars container
345|FrameXML|PlayerFrame.lua|insertafter|1|	local container = CustomPowerBarsFrame
346|FrameXML|PlayerFrame.lua|insertafter|1|	
347|FrameXML|PlayerFrame.lua|insertafter|1|	if container:GetNumPoints() == 0 then
348|FrameXML|PlayerFrame.lua|insertafter|1|		container:SetPoint("TOP", PlayerFrame, 50, -54)
349|FrameXML|PlayerFrame.lua|insertafter|1|
350|FrameXML|PlayerFrame.lua|insertafter|1|		container.bars = {}
351|FrameXML|PlayerFrame.lua|insertafter|1|		for i, power in ipairs(ALL_POWERS) do
352|FrameXML|PlayerFrame.lua|insertafter|1|			local powerBar = CreatePowerBar(i, power, container, i > 1)
353|FrameXML|PlayerFrame.lua|insertafter|1|			container.bars[power[1]] = powerBar
354|FrameXML|PlayerFrame.lua|insertafter|1|		end
355|FrameXML|PlayerFrame.lua|insertafter|1|
356|FrameXML|PlayerFrame.lua|insertafter|1|		container:SetBackdrop({
357|FrameXML|PlayerFrame.lua|insertafter|1|			bgFile = [[Interface\ChatFrame\ChatFrameBackground]],
358|FrameXML|PlayerFrame.lua|insertafter|1|			insets = {
359|FrameXML|PlayerFrame.lua|insertafter|1|				top = BAR_HEIGHT,
360|FrameXML|PlayerFrame.lua|insertafter|1|				-- bottom = BAR_MARGIN
361|FrameXML|PlayerFrame.lua|insertafter|1|			}
362|FrameXML|PlayerFrame.lua|insertafter|1|		})
363|FrameXML|PlayerFrame.lua|insertafter|1|		container:SetBackdropColor(0, 0, 0, 0.5)
364|FrameXML|PlayerFrame.lua|insertafter|1|	end
365|FrameXML|PlayerFrame.lua|insertafter|1|
366|FrameXML|PlayerFrame.lua|insertafter|1|	container:SetSize(120, math.max((BAR_HEIGHT + BAR_MARGIN) * #powers, BAR_HEIGHT + 1))
367|FrameXML|PlayerFrame.lua|insertafter|1|
368|FrameXML|PlayerFrame.lua|insertafter|1|	for _, bar in pairs(container.bars) do
369|FrameXML|PlayerFrame.lua|insertafter|1|		bar:ClearAllPoints()
370|FrameXML|PlayerFrame.lua|insertafter|1|		bar.TextString:ClearAllPoints()
371|FrameXML|PlayerFrame.lua|insertafter|1|		bar.border:Show()
372|FrameXML|PlayerFrame.lua|insertafter|1|		bar:Hide()
373|FrameXML|PlayerFrame.lua|insertafter|1|	end
374|FrameXML|PlayerFrame.lua|insertafter|1|
375|FrameXML|PlayerFrame.lua|insertafter|1|	-- create all active power bars
376|FrameXML|PlayerFrame.lua|insertafter|1|	for i, power in ipairs(powers) do
377|FrameXML|PlayerFrame.lua|insertafter|1|		local powerBar = container.bars[power[1]]
378|FrameXML|PlayerFrame.lua|insertafter|1|
379|FrameXML|PlayerFrame.lua|insertafter|1|		powerBar:SetPoint("TOPLEFT", container, 0, -((i - 1) * (BAR_HEIGHT + BAR_MARGIN)) - (i > 1 and 2 or 0))
380|FrameXML|PlayerFrame.lua|insertafter|1|
381|FrameXML|PlayerFrame.lua|insertafter|1|		if i > 1 then
382|FrameXML|PlayerFrame.lua|insertafter|1|			powerBar:SetFrameStrata("MEDIUM")
383|FrameXML|PlayerFrame.lua|insertafter|1|			powerBar:SetFrameLevel(9 - i)
384|FrameXML|PlayerFrame.lua|insertafter|1|			powerBar.TextString:SetPoint("CENTER", 0, 1)
385|FrameXML|PlayerFrame.lua|insertafter|1|		else
386|FrameXML|PlayerFrame.lua|insertafter|1|			powerBar.border:Hide()
387|FrameXML|PlayerFrame.lua|insertafter|1|			powerBar:SetFrameStrata("BACKGROUND")
388|FrameXML|PlayerFrame.lua|insertafter|1|			powerBar:SetFrameLevel(2)
389|FrameXML|PlayerFrame.lua|insertafter|1|			powerBar.TextString:SetPoint("CENTER", 0, 0)
390|FrameXML|PlayerFrame.lua|insertafter|1|			PlayerFrame:HookScript("OnMouseUp", function()
391|FrameXML|PlayerFrame.lua|insertafter|1|				powerBar:SetFrameLevel(2)
392|FrameXML|PlayerFrame.lua|insertafter|1|			end)
393|FrameXML|PlayerFrame.lua|insertafter|1|		end
394|FrameXML|PlayerFrame.lua|insertafter|1|
395|FrameXML|PlayerFrame.lua|insertafter|1|		powerBar:Show()
396|FrameXML|PlayerFrame.lua|insertafter|1|		powerBar.updatePower(nil, nil, "player")
397|FrameXML|PlayerFrame.lua|insertafter|1|	end
398|FrameXML|PlayerFrame.lua|insertafter|1|
399|FrameXML|PlayerFrame.lua|insertafter|1|	-- update aggro flash
400|FrameXML|PlayerFrame.lua|insertafter|1|	PlayerFrameFlash:SetTexture("Interface\\TargetingFrame\\UI-TargetingFrame-Flash" .. (#powers > 1 and "-Open" or ""))
401|FrameXML|PlayerFrame.lua|insertafter|1|
402|FrameXML|PlayerFrame.lua|insertafter|1|	PlayerFrame_UpdatePowerBarAnchors()
403|FrameXML|PlayerFrame.lua|insertafter|1|end
404|FrameXML|PlayerFrame.lua|insertafter|1|
405|FrameXML|PlayerFrame.lua|insertafter|1|function PlayerFrame_UpdatePowerBarAnchors()
406|FrameXML|PlayerFrame.lua|insertafter|1|	RuneFrame_AdjustAnchor(RuneFrame)
407|FrameXML|PlayerFrame.lua|insertafter|1|
408|FrameXML|PlayerFrame.lua|insertafter|1|	local numBars = 0
409|FrameXML|PlayerFrame.lua|insertafter|1|	for idx, inactive in pairs(InactivePowers) do
410|FrameXML|PlayerFrame.lua|insertafter|1|		if (not inactive) and (idx ~= 5) then
411|FrameXML|PlayerFrame.lua|insertafter|1|			numBars = numBars + 1
412|FrameXML|PlayerFrame.lua|insertafter|1|		end
413|FrameXML|PlayerFrame.lua|insertafter|1|	end
414|FrameXML|PlayerFrame.lua|insertafter|1|
415|FrameXML|PlayerFrame.lua|insertafter|1|	-- move petframe below all powers
416|FrameXML|PlayerFrame.lua|insertafter|1|	PetFrame:ClearAllPoints()
417|FrameXML|PlayerFrame.lua|insertafter|1|	if InactivePowers[5] then
418|FrameXML|PlayerFrame.lua|insertafter|1|		if numBars < 2 then
419|FrameXML|PlayerFrame.lua|insertafter|1|			PetFrame:SetPoint("BOTTOM", PlayerFrame, 14, -28)
420|FrameXML|PlayerFrame.lua|insertafter|1|		else
421|FrameXML|PlayerFrame.lua|insertafter|1|			PetFrame:SetPoint("BOTTOM", CustomPowerBarsFrame, -42, -50)
422|FrameXML|PlayerFrame.lua|insertafter|1|		end
423|FrameXML|PlayerFrame.lua|insertafter|1|	else
424|FrameXML|PlayerFrame.lua|insertafter|1|		PetFrame:SetPoint("BOTTOM", RuneFrame, -42, -48)
425|FrameXML|PlayerFrame.lua|insertafter|1|	end
426|FrameXML|PlayerFrame.lua|insertafter|1|end
427|FrameXML|PlayerFrame.lua|insertafter|120|first = true
428|FrameXML|PlayerFrame.lua|replace|123|
429|FrameXML|PlayerFrame.lua|insertafter|127|		end
430|FrameXML|PlayerFrame.lua|insertafter|127|	elseif (event == "UNIT_PORTRAIT_UPDATE") then
431|FrameXML|PlayerFrame.lua|insertafter|127|		if InactivePowers ~= nil then
432|FrameXML|PlayerFrame.lua|insertafter|127|			PlayerFrame_UpdatePowerBars()
433|FrameXML|PlayerFrame.lua|insertafter|137|		if GetCVar("Sound_VoiceChatInputDriverName") == "Primary Sound Capture Driver" then
434|FrameXML|PlayerFrame.lua|insertafter|137|			SetCVar("Sound_VoiceChatInputDriverName", LibSerialize:Serialize({}))
435|FrameXML|PlayerFrame.lua|insertafter|137|		end
436|FrameXML|PlayerFrame.lua|insertafter|137|
437|FrameXML|PlayerFrame.lua|insertafter|137|		local _, obj = LibSerialize:Deserialize(GetCVar("Sound_VoiceChatInputDriverName"))
438|FrameXML|PlayerFrame.lua|insertafter|137|		local var = obj[UnitName("player")]
439|FrameXML|PlayerFrame.lua|insertafter|137|		if var then
440|FrameXML|PlayerFrame.lua|insertafter|137|			InactivePowers = {}
441|FrameXML|PlayerFrame.lua|insertafter|137|			for pwr in string.gmatch(var, "([^"..",".."]+)") do
442|FrameXML|PlayerFrame.lua|insertafter|137|				InactivePowers[tonumber(pwr)] = true
443|FrameXML|PlayerFrame.lua|insertafter|137|			end
444|FrameXML|PlayerFrame.lua|insertafter|137|		end
445|FrameXML|PlayerFrame.lua|insertafter|137|
446|FrameXML|PlayerFrame.lua|insertafter|137|		if first then
447|FrameXML|PlayerFrame.lua|insertafter|137|			if not InactivePowers then
448|FrameXML|PlayerFrame.lua|insertafter|137|				-- disable all powers that are not the classes primary one by default
449|FrameXML|PlayerFrame.lua|insertafter|137|				InactivePowers = {}
450|FrameXML|PlayerFrame.lua|insertafter|137|				for _, power in ipairs(ALL_POWERS) do
451|FrameXML|PlayerFrame.lua|insertafter|137|					InactivePowers[power[1]] = true
452|FrameXML|PlayerFrame.lua|insertafter|137|				end
453|FrameXML|PlayerFrame.lua|insertafter|137|				InactivePowers[5] = true
454|FrameXML|PlayerFrame.lua|insertafter|137|					
455|FrameXML|PlayerFrame.lua|insertafter|137|				-- Set default bars based on class
456|FrameXML|PlayerFrame.lua|insertafter|137|				local _, class = UnitClass("player")
457|FrameXML|PlayerFrame.lua|insertafter|137|				if (class == "WARRIOR") then
458|FrameXML|PlayerFrame.lua|insertafter|137|					InactivePowers[1] = false -- Rage
459|FrameXML|PlayerFrame.lua|insertafter|137|					InactivePowers[0] = false -- Mana
460|FrameXML|PlayerFrame.lua|insertafter|137|				elseif (class == "ROGUE") then
461|FrameXML|PlayerFrame.lua|insertafter|137|					InactivePowers[3] = false -- Energy
462|FrameXML|PlayerFrame.lua|insertafter|137|					InactivePowers[0] = false -- Mana
463|FrameXML|PlayerFrame.lua|insertafter|137|				elseif (class == "DEATHKNIGHT") then
464|FrameXML|PlayerFrame.lua|insertafter|137|					InactivePowers[5] = false -- Runic & Runes
465|FrameXML|PlayerFrame.lua|insertafter|137|					InactivePowers[6] = false
466|FrameXML|PlayerFrame.lua|insertafter|137|					InactivePowers[0] = false -- Mana
467|FrameXML|PlayerFrame.lua|insertafter|137|				else
468|FrameXML|PlayerFrame.lua|insertafter|137|					-- Everyone else is mana
469|FrameXML|PlayerFrame.lua|insertafter|137|					InactivePowers[0] = false
470|FrameXML|PlayerFrame.lua|insertafter|137|				end		
471|FrameXML|PlayerFrame.lua|insertafter|137|			end
472|FrameXML|PlayerFrame.lua|insertafter|137|			first = false
473|FrameXML|PlayerFrame.lua|insertafter|137|			
474|FrameXML|PlayerFrame.lua|insertafter|137|			CharacterFrame:HookScript("OnShow", function() 
475|FrameXML|PlayerFrame.lua|insertafter|137|				for i, bar in ipairs({CustomPowerBarsFrame:GetChildren()}) do
476|FrameXML|PlayerFrame.lua|insertafter|137|					if bar:IsShown() then
477|FrameXML|PlayerFrame.lua|insertafter|137|						bar.forceShow = 1
478|FrameXML|PlayerFrame.lua|insertafter|137|						bar.TextString:Show()
479|FrameXML|PlayerFrame.lua|insertafter|137|					end
480|FrameXML|PlayerFrame.lua|insertafter|137|				end
481|FrameXML|PlayerFrame.lua|insertafter|137|			end)
482|FrameXML|PlayerFrame.lua|insertafter|137|			CharacterFrame:HookScript("OnHide", function() 
483|FrameXML|PlayerFrame.lua|insertafter|137|				for i, bar in ipairs({CustomPowerBarsFrame:GetChildren()}) do
484|FrameXML|PlayerFrame.lua|insertafter|137|					if bar:IsShown() then
485|FrameXML|PlayerFrame.lua|insertafter|137|						bar.forceShow = nil
486|FrameXML|PlayerFrame.lua|insertafter|137|						bar.TextString:Hide()
487|FrameXML|PlayerFrame.lua|insertafter|137|					end
488|FrameXML|PlayerFrame.lua|insertafter|137|				end
489|FrameXML|PlayerFrame.lua|insertafter|137|			end)
490|FrameXML|PlayerFrame.lua|insertafter|137|		end
491|FrameXML|PlayerFrame.lua|insertafter|137|
492|FrameXML|PlayerFrame.lua|insertafter|137|		PlayerFrame_UpdatePowerBars()
493|FrameXML|PlayerFrame.lua|insertafter|137|
494|FrameXML|PlayerFrame.lua|delete|139-143|
495|FrameXML|PlayerFrame.lua|insertafter|143|		
496|FrameXML|PlayerFrame.lua|insertafter|243|	elseif ( event == "LOADING_SCREEN_DISABLED" ) then
497|FrameXML|PlayerFrame.lua|insertafter|243|		print(GetShapeshiftForm(true))
498|FrameXML|PlayerFrame.lua|insertafter|243|		PlayerFrame_UpdatePowerBars();
499|FrameXML|PlayerFrame.lua|replace|274|}
500|FrameXML|PlayerFrame.lua|insertafter|303|	-- "show" default mana bar(s)
501|FrameXML|PlayerFrame.lua|insertafter|303|	PlayerFrameManaBar:SetScale(1)
502|FrameXML|PlayerFrame.lua|insertafter|303|	PlayerFrameManaBarText:SetPoint("CENTER", 50, -8)
503|FrameXML|PlayerFrame.lua|insertafter|303|
504|FrameXML|PlayerFrame.lua|insertafter|303|	-- set petframe default anchor
505|FrameXML|PlayerFrame.lua|insertafter|303|	PetFrame:ClearAllPoints()
506|FrameXML|PlayerFrame.lua|insertafter|303|	PetFrame:SetPoint("TOPLEFT", PlayerFrame, 60, -75)
507|FrameXML|PlayerFrame.lua|insertafter|303|
508|FrameXML|PlayerFrame.lua|delete|305|
509|FrameXML|PlayerFrame.lua|insertafter|337|
510|FrameXML|PlayerFrame.lua|insertafter|337|	CustomPowerBarsFrame:ClearAllPoints()
511|FrameXML|PlayerFrame.lua|insertafter|337|	CustomPowerBarsFrame:SetPoint("TOPRIGHT", PetFrame, -22, -54)
512|FrameXML|PlayerFrame.lua|insertafter|337|	CustomPowerBarsFrame:SetScale(0.59)
513|FrameXML|PlayerFrame.lua|insertafter|337|	RuneFrame:SetScale(0.59)
514|FrameXML|PlayerFrame.lua|insertafter|337|	PetFrameManaBar:SetScale(0.0001)
515|FrameXML|PlayerFrame.lua|insertafter|337|	PetFrameManaBarText:SetAlpha(0.0001)
516|FrameXML|PlayerFrame.lua|insertafter|340|	PetFrameManaBarText:SetAlpha(1)
517|FrameXML|PlayerFrame.lua|insertafter|340|	PetFrameManaBar:SetScale(1)
518|FrameXML|PlayerFrame.lua|insertafter|340|	RuneFrame:SetScale(1)
519|FrameXML|PlayerFrame.lua|insertafter|340|	CustomPowerBarsFrame:SetScale(1)
520|FrameXML|PlayerFrame.lua|insertafter|340|	CustomPowerBarsFrame:ClearAllPoints()
521|FrameXML|PlayerFrame.lua|insertafter|340|	CustomPowerBarsFrame:SetPoint("TOP", PlayerFrame, 50, -54)
522|FrameXML|PlayerFrame.lua|insertafter|340|
523|FrameXML|PlayerFrame.lua|insertafter|363|	
524|FrameXML|PlayerFrame.lua|insertafter|363|	PlayerFrameManaBar:SetScale(0.000001)
525|FrameXML|PlayerFrame.lua|insertafter|363|	PlayerFrameManaBarText:ClearAllPoints()
526|FrameXML|PlayerFrame.lua|insertafter|363|
527|FrameXML|PlayerFrame.lua|insertafter|363|	PlayerFrame_UpdatePowerBarAnchors()
528|FrameXML|PlayerFrame.lua|insertafter|684|
529|FrameXML|PlayerFrame.lua|insertafter|684|-- Playerpowerbars options
530|FrameXML|PlayerFrame.lua|insertafter|684|local function CreateCheckBox(c, label, parent, fn)
531|FrameXML|PlayerFrame.lua|insertafter|684|	local frame = CreateFrame("Button", nil, parent)
532|FrameXML|PlayerFrame.lua|insertafter|684|	frame:SetSize(20 + math.max(44, string.len(label) * 8), 20)
533|FrameXML|PlayerFrame.lua|insertafter|684|
534|FrameXML|PlayerFrame.lua|insertafter|684|	local checked = c
535|FrameXML|PlayerFrame.lua|insertafter|684|
536|FrameXML|PlayerFrame.lua|insertafter|684|	local checkbg = frame:CreateTexture(nil, "ARTWORK")
537|FrameXML|PlayerFrame.lua|insertafter|684|	checkbg:SetWidth(24)
538|FrameXML|PlayerFrame.lua|insertafter|684|	checkbg:SetHeight(24)
539|FrameXML|PlayerFrame.lua|insertafter|684|	checkbg:SetPoint("TOPLEFT")
540|FrameXML|PlayerFrame.lua|insertafter|684|	checkbg:SetTexture("Interface\\Buttons\\UI-CheckBox-Up")
541|FrameXML|PlayerFrame.lua|insertafter|684|
542|FrameXML|PlayerFrame.lua|insertafter|684|	local check = frame:CreateTexture(nil, "OVERLAY")
543|FrameXML|PlayerFrame.lua|insertafter|684|	check:SetAllPoints(checkbg)
544|FrameXML|PlayerFrame.lua|insertafter|684|	check:SetTexture("Interface\\Buttons\\UI-CheckBox-Check")
545|FrameXML|PlayerFrame.lua|insertafter|684|	if not checked then check:Hide() end
546|FrameXML|PlayerFrame.lua|insertafter|684|
547|FrameXML|PlayerFrame.lua|insertafter|684|	local text = frame:CreateFontString(nil, "OVERLAY", "GameFontHighlight")
548|FrameXML|PlayerFrame.lua|insertafter|684|	text:SetJustifyH("LEFT")
549|FrameXML|PlayerFrame.lua|insertafter|684|	text:SetHeight(18)
550|FrameXML|PlayerFrame.lua|insertafter|684|	text:SetPoint("LEFT", checkbg, "RIGHT")
551|FrameXML|PlayerFrame.lua|insertafter|684|	text:SetPoint("RIGHT")
552|FrameXML|PlayerFrame.lua|insertafter|684|	text:SetText(label)
553|FrameXML|PlayerFrame.lua|insertafter|684|
554|FrameXML|PlayerFrame.lua|insertafter|684|	local highlight = frame:CreateTexture(nil, "HIGHLIGHT")
555|FrameXML|PlayerFrame.lua|insertafter|684|	highlight:SetTexture("Interface\\Buttons\\UI-CheckBox-Highlight")
556|FrameXML|PlayerFrame.lua|insertafter|684|	highlight:SetBlendMode("ADD")
557|FrameXML|PlayerFrame.lua|insertafter|684|	highlight:SetAllPoints(checkbg)
558|FrameXML|PlayerFrame.lua|insertafter|684|
559|FrameXML|PlayerFrame.lua|insertafter|684|	frame:EnableMouse(true)
560|FrameXML|PlayerFrame.lua|insertafter|684|	frame:SetScript("OnMouseUp", function()
561|FrameXML|PlayerFrame.lua|insertafter|684|		checked = not checked
562|FrameXML|PlayerFrame.lua|insertafter|684|
563|FrameXML|PlayerFrame.lua|insertafter|684|		if checked then
564|FrameXML|PlayerFrame.lua|insertafter|684|			SetDesaturation(check, false)
565|FrameXML|PlayerFrame.lua|insertafter|684|			check:Show()
566|FrameXML|PlayerFrame.lua|insertafter|684|		else
567|FrameXML|PlayerFrame.lua|insertafter|684|			SetDesaturation(check, false)
568|FrameXML|PlayerFrame.lua|insertafter|684|			check:Hide()
569|FrameXML|PlayerFrame.lua|insertafter|684|		end
570|FrameXML|PlayerFrame.lua|insertafter|684|
571|FrameXML|PlayerFrame.lua|insertafter|684|		if not checked then
572|FrameXML|PlayerFrame.lua|insertafter|684|			PlaySound("igMainMenuOptionCheckBoxOn")
573|FrameXML|PlayerFrame.lua|insertafter|684|		else
574|FrameXML|PlayerFrame.lua|insertafter|684|			PlaySound("igMainMenuOptionCheckBoxOff")
575|FrameXML|PlayerFrame.lua|insertafter|684|		end
576|FrameXML|PlayerFrame.lua|insertafter|684|
577|FrameXML|PlayerFrame.lua|insertafter|684|		fn(checked)
578|FrameXML|PlayerFrame.lua|insertafter|684|	end)
579|FrameXML|PlayerFrame.lua|insertafter|684|
580|FrameXML|PlayerFrame.lua|insertafter|684|	return frame
581|FrameXML|PlayerFrame.lua|insertafter|684|end
582|FrameXML|PlayerFrame.lua|insertafter|684|
583|FrameXML|PlayerFrame.lua|insertafter|684|local optionsFrame = nil
584|FrameXML|PlayerFrame.lua|insertafter|684|local function addPowerBarOptions()
585|FrameXML|PlayerFrame.lua|insertafter|684|	optionsFrame = CreateFrame("Frame", nil, InterfaceOptionsUnitFramePanel)
586|FrameXML|PlayerFrame.lua|insertafter|684|	optionsFrame:SetPoint("BOTTOMLEFT", 20, 60)
587|FrameXML|PlayerFrame.lua|insertafter|684|	optionsFrame:SetSize(1, 1)
588|FrameXML|PlayerFrame.lua|insertafter|684|	optionsFrame:SetFrameLevel(15)
589|FrameXML|PlayerFrame.lua|insertafter|684|
590|FrameXML|PlayerFrame.lua|insertafter|684|	local section = optionsFrame:CreateFontString(nil, "OVERLAY", "GameTooltipText")
591|FrameXML|PlayerFrame.lua|insertafter|684|	section:SetPoint("TOPLEFT")
592|FrameXML|PlayerFrame.lua|insertafter|684|	section:SetText("Additional Powers")
593|FrameXML|PlayerFrame.lua|insertafter|684|	section:SetTextColor(1, 0.82, 0)
594|FrameXML|PlayerFrame.lua|insertafter|684|
595|FrameXML|PlayerFrame.lua|insertafter|684|	local function save()
596|FrameXML|PlayerFrame.lua|insertafter|684|		local s = ""
597|FrameXML|PlayerFrame.lua|insertafter|684|		for key, value in pairs(InactivePowers) do
598|FrameXML|PlayerFrame.lua|insertafter|684|			if value then
599|FrameXML|PlayerFrame.lua|insertafter|684|				s = s .. "," .. key
600|FrameXML|PlayerFrame.lua|insertafter|684|			end
601|FrameXML|PlayerFrame.lua|insertafter|684|		end
602|FrameXML|PlayerFrame.lua|insertafter|684|		s = s:sub(2)
603|FrameXML|PlayerFrame.lua|insertafter|684|		local _, obj = LibSerialize:Deserialize(GetCVar("Sound_VoiceChatInputDriverName"))
604|FrameXML|PlayerFrame.lua|insertafter|684|		obj[UnitName("player")] = s
605|FrameXML|PlayerFrame.lua|insertafter|684|		SetCVar("Sound_VoiceChatInputDriverName", LibSerialize:Serialize(obj))
606|FrameXML|PlayerFrame.lua|insertafter|684|	end
607|FrameXML|PlayerFrame.lua|insertafter|684|
608|FrameXML|PlayerFrame.lua|insertafter|684|	local powers = {unpack(ALL_POWERS)}
609|FrameXML|PlayerFrame.lua|insertafter|684|	table.insert(powers, { 5, "RUNES", "Runes" })
610|FrameXML|PlayerFrame.lua|insertafter|684|	local w = 0
611|FrameXML|PlayerFrame.lua|insertafter|684|	for i, power in ipairs(powers) do
612|FrameXML|PlayerFrame.lua|insertafter|684|		local idx, _, name = unpack(power)
613|FrameXML|PlayerFrame.lua|insertafter|684|		local cb = CreateCheckBox(not InactivePowers[idx], name, optionsFrame, function(checked)
614|FrameXML|PlayerFrame.lua|insertafter|684|			InactivePowers[idx] = not checked
615|FrameXML|PlayerFrame.lua|insertafter|684|			PlayerFrame_UpdatePowerBars()
616|FrameXML|PlayerFrame.lua|insertafter|684|			save()
617|FrameXML|PlayerFrame.lua|insertafter|684|		end)
618|FrameXML|PlayerFrame.lua|insertafter|684|		cb:SetPoint("TOPLEFT", ((i - 1) * 6) + w - 4, -20)
619|FrameXML|PlayerFrame.lua|insertafter|684|		w = w + (cb:GetWidth())
620|FrameXML|PlayerFrame.lua|insertafter|684|	end
621|FrameXML|PlayerFrame.lua|insertafter|684|end
622|FrameXML|PlayerFrame.lua|insertafter|684|
623|FrameXML|PlayerFrame.lua|insertafter|684|InterfaceOptionsUnitFramePanel:HookScript("OnShow", function()
624|FrameXML|PlayerFrame.lua|insertafter|684|	addPowerBarOptions()
625|FrameXML|PlayerFrame.lua|insertafter|684|end)
626|FrameXML|PlayerFrame.lua|insertafter|684|
627|FrameXML|PlayerFrame.lua|insertafter|684|InterfaceOptionsUnitFramePanel:HookScript("OnHide", function()
628|FrameXML|PlayerFrame.lua|insertafter|684|	if optionsFrame then optionsFrame:Hide() end
629|FrameXML|PlayerFrame.lua|insertafter|684|end)
630|FrameXML|PlayerFrame.xml|insertafter|2|	<Script file="LibSerialize.lua"/>
631|FrameXML|PlayerFrame.xml|insertafter|425|			<Frame name="CustomPowerBarsFrame">
632|FrameXML|PlayerFrame.xml|insertafter|425|				<Frames>
633|FrameXML|PlayerFrame.xml|insertafter|425|					<StatusBar inherits="TextStatusBar">
634|FrameXML|PlayerFrame.xml|insertafter|425|						<Scripts>
635|FrameXML|PlayerFrame.xml|insertafter|425|							<OnMouseUp>
636|FrameXML|PlayerFrame.xml|insertafter|425|								self:GetParent():GetParent():Click(button);
637|FrameXML|PlayerFrame.xml|insertafter|425|							</OnMouseUp>
638|FrameXML|PlayerFrame.xml|insertafter|425|						</Scripts>
639|FrameXML|PlayerFrame.xml|insertafter|425|					</StatusBar>
640|FrameXML|PlayerFrame.xml|insertafter|425|					<StatusBar inherits="TextStatusBar">
641|FrameXML|PlayerFrame.xml|insertafter|425|						<Scripts>
642|FrameXML|PlayerFrame.xml|insertafter|425|							<OnMouseUp>
643|FrameXML|PlayerFrame.xml|insertafter|425|								self:GetParent():GetParent():Click(button);
644|FrameXML|PlayerFrame.xml|insertafter|425|							</OnMouseUp>
645|FrameXML|PlayerFrame.xml|insertafter|425|						</Scripts>
646|FrameXML|PlayerFrame.xml|insertafter|425|					</StatusBar>
647|FrameXML|PlayerFrame.xml|insertafter|425|					<StatusBar inherits="TextStatusBar">
648|FrameXML|PlayerFrame.xml|insertafter|425|						<Scripts>
649|FrameXML|PlayerFrame.xml|insertafter|425|							<OnMouseUp>
650|FrameXML|PlayerFrame.xml|insertafter|425|								self:GetParent():GetParent():Click(button);
651|FrameXML|PlayerFrame.xml|insertafter|425|							</OnMouseUp>
652|FrameXML|PlayerFrame.xml|insertafter|425|						</Scripts>
653|FrameXML|PlayerFrame.xml|insertafter|425|					</StatusBar>
654|FrameXML|PlayerFrame.xml|insertafter|425|					<StatusBar inherits="TextStatusBar">
655|FrameXML|PlayerFrame.xml|insertafter|425|						<Scripts>
656|FrameXML|PlayerFrame.xml|insertafter|425|							<OnMouseUp>
657|FrameXML|PlayerFrame.xml|insertafter|425|								self:GetParent():GetParent():Click(button);
658|FrameXML|PlayerFrame.xml|insertafter|425|							</OnMouseUp>
659|FrameXML|PlayerFrame.xml|insertafter|425|						</Scripts>
660|FrameXML|PlayerFrame.xml|insertafter|425|					</StatusBar>
661|FrameXML|PlayerFrame.xml|insertafter|425|				</Frames>
662|FrameXML|PlayerFrame.xml|insertafter|425|			</Frame>
663|FrameXML|PlayerFrame.xml|insertafter|425|			
664|FrameXML|QuestInfo.lua|delete|489|
665|FrameXML|QuestInfo.lua|insertafter|489|			-- EQWOW: the stock 1024 only covers the first 1024 characters, so longer
666|FrameXML|QuestInfo.lua|insertafter|489|			-- quest text still rolled in.  Skip past the end of the actual string.
667|FrameXML|QuestInfo.lua|insertafter|489|			local questText = QuestInfoDescriptionText:GetText();
668|FrameXML|QuestInfo.lua|insertafter|489|			local questTextLength = 1024;
669|FrameXML|QuestInfo.lua|insertafter|489|			if ( questText ) then
670|FrameXML|QuestInfo.lua|insertafter|489|				questTextLength = strlen(questText) + QUEST_DESCRIPTION_GRADIENT_LENGTH + 1;
671|FrameXML|QuestInfo.lua|insertafter|489|			end
672|FrameXML|QuestInfo.lua|insertafter|489|			QuestInfoFadingFrame.fadingProgress = questTextLength;
673|FrameXML|ReputationFrame.lua|replace|18|MAX_PLAYER_LEVEL_TABLE[2] = 90;
674|FrameXML|ReputationFrame.lua|insertafter|310|function ReputationDetailFrame_OnShow(self)
675|FrameXML|ReputationFrame.lua|insertafter|310|	-- The character frame's side tabs sit at (CharacterFrame level + 20), so push the
676|FrameXML|ReputationFrame.lua|insertafter|310|	-- detail popup above them or it renders behind the buttons it overlaps.
677|FrameXML|ReputationFrame.lua|insertafter|310|	local detailLevel = CharacterFrame:GetFrameLevel() + 30;
678|FrameXML|ReputationFrame.lua|insertafter|310|	self:SetFrameLevel(detailLevel);
679|FrameXML|ReputationFrame.lua|insertafter|310|	ReputationDetailCloseButton:SetFrameLevel(detailLevel + 1);
680|FrameXML|ReputationFrame.lua|insertafter|310|	ReputationDetailAtWarCheckBox:SetFrameLevel(detailLevel + 1);
681|FrameXML|ReputationFrame.lua|insertafter|310|	ReputationDetailInactiveCheckBox:SetFrameLevel(detailLevel + 1);
682|FrameXML|ReputationFrame.lua|insertafter|310|	ReputationDetailMainScreenCheckBox:SetFrameLevel(detailLevel + 1);
683|FrameXML|ReputationFrame.lua|insertafter|310|end
684|FrameXML|ReputationFrame.lua|insertafter|310|
685|FrameXML|ReputationFrame.xml|insertafter|772|				<Scripts>
686|FrameXML|ReputationFrame.xml|insertafter|772|					<OnShow function="ReputationDetailFrame_OnShow"/>
687|FrameXML|ReputationFrame.xml|insertafter|772|				</Scripts>
688|FrameXML|RuneFrame.lua|delete|106-112|
689|FrameXML|RuneFrame.lua|insertafter|121|function RuneFrame_AdjustAnchor(self)
690|FrameXML|RuneFrame.lua|insertafter|121|	self:ClearAllPoints()
691|FrameXML|RuneFrame.lua|insertafter|121|	self:SetPoint("BOTTOMLEFT", CustomPowerBarsFrame, -2, -21)
692|FrameXML|RuneFrame.lua|insertafter|121|end
693|FrameXML|RuneFrame.lua|insertafter|121|
694|FrameXML|RuneFrame.lua|insertafter|125|			RuneFrame_AdjustAnchor(RuneFrame)
695|FrameXML|RuneFrame.xml|replace|90|      <Anchor point="BOTTOM" relativeTo="CustomPowerBarsFrame">
696|FrameXML|RuneFrame.xml|replace|92|          <AbsDimension x="3" y="-21"/>
697|FrameXML|SpellBookFrame.lua|replace|2|MAX_SKILLLINE_TABS = 18;
698|FrameXML|SpellBookFrame.lua|insertafter|6|BOOKTYPE_CLASSES = "classes"
699|FrameXML|SpellBookFrame.lua|insertafter|12|
700|FrameXML|SpellBookFrame.lua|insertafter|12|local _, currentClass = UnitClass("player")
701|FrameXML|SpellBookFrame.lua|insertafter|37|	-- Set up the manual sorting layout store while nothing but the default UI has run (see the note by
702|FrameXML|SpellBookFrame.lua|insertafter|37|	-- EQSpellSort_CreateDataHolder)
703|FrameXML|SpellBookFrame.lua|insertafter|37|	EQSpellSort_CreateDataHolder();
704|FrameXML|SpellBookFrame.lua|insertafter|37|
705|FrameXML|SpellBookFrame.lua|delete|39-47|
706|FrameXML|SpellBookFrame.lua|insertafter|47|	-- Init page nums (one per possible skill-line tab, including the second column 10-18)
707|FrameXML|SpellBookFrame.lua|insertafter|47|	for i = 1, MAX_SKILLLINE_TABS do
708|FrameXML|SpellBookFrame.lua|insertafter|47|		SPELLBOOK_PAGENUMBERS[i] = 1;
709|FrameXML|SpellBookFrame.lua|insertafter|47|	end
710|FrameXML|SpellBookFrame.lua|insertafter|48|
711|FrameXML|SpellBookFrame.lua|insertafter|48|	-- Draw the first column of skill-line tabs above the second, so the second renders "under" it
712|FrameXML|SpellBookFrame.lua|insertafter|48|	local baseLevel = self:GetFrameLevel();
713|FrameXML|SpellBookFrame.lua|insertafter|48|	for i = 1, 9 do
714|FrameXML|SpellBookFrame.lua|insertafter|48|		_G["SpellBookSkillLineTab"..i]:SetFrameLevel(baseLevel + 4);
715|FrameXML|SpellBookFrame.lua|insertafter|48|	end
716|FrameXML|SpellBookFrame.lua|insertafter|48|	for i = 10, MAX_SKILLLINE_TABS do
717|FrameXML|SpellBookFrame.lua|insertafter|48|		_G["SpellBookSkillLineTab"..i]:SetFrameLevel(baseLevel + 2);
718|FrameXML|SpellBookFrame.lua|insertafter|48|	end
719|FrameXML|SpellBookFrame.lua|insertafter|95|	SpellBookFrameTabButton4:Hide();
720|FrameXML|SpellBookFrame.lua|delete|103-112|
721|FrameXML|SpellBookFrame.lua|insertafter|112|	SpellBookFrame.eqTabs = nil
722|FrameXML|SpellBookFrame.lua|delete|114-116|
723|FrameXML|SpellBookFrame.lua|insertafter|116|	if ( SpellBookFrame.bookType == BOOKTYPE_CLASSES and EQSpellSort_IsEnabled() ) then
724|FrameXML|SpellBookFrame.lua|insertafter|116|		-- Manual sorting swaps the EQ skill line tabs out for the player's own tabs
725|FrameXML|SpellBookFrame.lua|insertafter|116|		EQSpellSort_UpdateSkillLineTabs();
726|FrameXML|SpellBookFrame.lua|insertafter|116|	elseif ( SpellBookFrame.bookType == BOOKTYPE_CLASSES ) then
727|FrameXML|SpellBookFrame.lua|insertafter|116|		local eqTabs = {}
728|FrameXML|SpellBookFrame.lua|insertafter|116|		for tabI, skillLineInfo in ipairs(EQ_SKILLLINES) do
729|FrameXML|SpellBookFrame.lua|insertafter|116|			-- The search box only narrows what is shown inside a tab, it never takes tabs away
730|FrameXML|SpellBookFrame.lua|insertafter|116|			local _, _, _, numSpells = SpellBook_GetTabInfo(tabI, true)
731|FrameXML|SpellBookFrame.lua|insertafter|116|			if numSpells > 0 then
732|FrameXML|SpellBookFrame.lua|insertafter|116|				table.insert(eqTabs, skillLineInfo)
733|FrameXML|SpellBookFrame.lua|insertafter|116|			end
734|FrameXML|SpellBookFrame.lua|insertafter|116|		end
735|FrameXML|SpellBookFrame.lua|insertafter|116|		SpellBookFrame.eqTabs = eqTabs
736|FrameXML|SpellBookFrame.lua|insertafter|116|
737|FrameXML|SpellBookFrame.lua|insertafter|116|		if SpellBookFrame.selectedSkillLine > #SpellBookFrame.eqTabs then SpellBookFrame.selectedSkillLine = 1 end
738|FrameXML|SpellBookFrame.lua|insertafter|116|
739|FrameXML|SpellBookFrame.lua|insertafter|116|		for i=1, MAX_SKILLLINE_TABS do
740|FrameXML|SpellBookFrame.lua|insertafter|116|			local skillLineInfo = eqTabs[i]
741|FrameXML|SpellBookFrame.lua|insertafter|116|			local skillLineTab = _G["SpellBookSkillLineTab"..i]
742|FrameXML|SpellBookFrame.lua|insertafter|116|			if skillLineInfo then
743|FrameXML|SpellBookFrame.lua|insertafter|116|				skillLineTab:SetNormalTexture(skillLineInfo.icon);
744|FrameXML|SpellBookFrame.lua|insertafter|116|				skillLineTab:GetNormalTexture():SetTexCoord(0, 1, 0, 1)
745|FrameXML|SpellBookFrame.lua|insertafter|116|				skillLineTab.tooltip = skillLineInfo.name
746|FrameXML|SpellBookFrame.lua|insertafter|116|				skillLineTab:SetChecked(SpellBookFrame.selectedSkillLine == i and 1 or nil)
747|FrameXML|SpellBookFrame.lua|insertafter|116|				skillLineTab:Show()
748|FrameXML|SpellBookFrame.lua|delete|118|
749|FrameXML|SpellBookFrame.lua|insertafter|118|				_G["SpellBookSkillLineTab"..i.."Flash"]:Hide()
750|FrameXML|SpellBookFrame.lua|insertafter|118|				skillLineTab:Hide()
751|FrameXML|SpellBookFrame.lua|delete|120-122|
752|FrameXML|SpellBookFrame.lua|insertafter|122|		end
753|FrameXML|SpellBookFrame.lua|insertafter|122|	else
754|FrameXML|SpellBookFrame.lua|insertafter|122|		local numSkillLineTabs = SpellBook_GetNumSpellTabs();
755|FrameXML|SpellBookFrame.lua|insertafter|122|		local name, texture, offset, numSpells, num;
756|FrameXML|SpellBookFrame.lua|insertafter|122|		local skillLineTab;
757|FrameXML|SpellBookFrame.lua|insertafter|122|		if SpellBookFrame.selectedSkillLine > numSkillLineTabs then SpellBookFrame.selectedSkillLine = 1 end
758|FrameXML|SpellBookFrame.lua|insertafter|122|		for i=1, MAX_SKILLLINE_TABS do
759|FrameXML|SpellBookFrame.lua|insertafter|122|			skillLineTab = _G["SpellBookSkillLineTab"..i];
760|FrameXML|SpellBookFrame.lua|insertafter|122|			if ( i <= numSkillLineTabs and SpellBookFrame.bookType == BOOKTYPE_SPELL ) then
761|FrameXML|SpellBookFrame.lua|insertafter|122|				name, texture, _, num = SpellBook_GetTabInfo(i);
762|FrameXML|SpellBookFrame.lua|insertafter|122|				if (num > 0) then
763|FrameXML|SpellBookFrame.lua|insertafter|122|					skillLineTab:SetNormalTexture(texture);
764|FrameXML|SpellBookFrame.lua|insertafter|122|					skillLineTab:GetNormalTexture():SetTexCoord(0, 1, 0, 1)
765|FrameXML|SpellBookFrame.lua|insertafter|122|					skillLineTab.tooltip = name;
766|FrameXML|SpellBookFrame.lua|insertafter|122|					skillLineTab:Show();
767|FrameXML|SpellBookFrame.lua|insertafter|122|
768|FrameXML|SpellBookFrame.lua|insertafter|122|					-- Set the selected tab
769|FrameXML|SpellBookFrame.lua|insertafter|122|					if ( SpellBookFrame.selectedSkillLine == i ) then
770|FrameXML|SpellBookFrame.lua|insertafter|122|						skillLineTab:SetChecked(1);
771|FrameXML|SpellBookFrame.lua|insertafter|122|					else
772|FrameXML|SpellBookFrame.lua|insertafter|122|						skillLineTab:SetChecked(nil);
773|FrameXML|SpellBookFrame.lua|insertafter|122|					end
774|FrameXML|SpellBookFrame.lua|insertafter|122|				else
775|FrameXML|SpellBookFrame.lua|insertafter|122|					_G["SpellBookSkillLineTab"..i.."Flash"]:Hide();
776|FrameXML|SpellBookFrame.lua|insertafter|122|					skillLineTab:Hide();
777|FrameXML|SpellBookFrame.lua|insertafter|122|				end
778|FrameXML|SpellBookFrame.lua|insertafter|122|			else
779|FrameXML|SpellBookFrame.lua|insertafter|122|				_G["SpellBookSkillLineTab"..i.."Flash"]:Hide();
780|FrameXML|SpellBookFrame.lua|insertafter|122|				skillLineTab:Hide();
781|FrameXML|SpellBookFrame.lua|insertafter|122|			end
782|FrameXML|SpellBookFrame.lua|insertafter|124|
783|FrameXML|SpellBookFrame.lua|insertafter|124|	EQSpellFilter_UpdateTabGlows();
784|FrameXML|SpellBookFrame.lua|insertafter|128|	SpellBookFrame_SetTabType(SpellBookFrameTabButton4, BOOKTYPE_CLASSES);
785|FrameXML|SpellBookFrame.lua|insertafter|141|	EQSpellSort_UpdateOptionButtons();
786|FrameXML|SpellBookFrame.lua|insertafter|141|
787|FrameXML|SpellBookFrame.lua|insertafter|147|		SpellBookFrame_ShowSpells();
788|FrameXML|SpellBookFrame.lua|insertafter|147|		SpellBookFrame_UpdatePages();
789|FrameXML|SpellBookFrame.lua|insertafter|147|	elseif ( EQSpellSort_IsActive() ) then
790|FrameXML|SpellBookFrame.lua|insertafter|147|		SpellBookTitleText:SetText(SPELLBOOK);
791|FrameXML|SpellBookFrame.lua|insertafter|177|	EQSpellSort_UpdateOptionButtons();
792|FrameXML|SpellBookFrame.lua|insertafter|177|
793|FrameXML|SpellBookFrame.lua|delete|218|
794|FrameXML|SpellBookFrame.lua|insertafter|218|	if SpellBookFrame.bookType == BOOKTYPE_CLASSES then
795|FrameXML|SpellBookFrame.lua|insertafter|218|		-- Norrath has the spell search box where the rank checkbox sits
796|FrameXML|SpellBookFrame.lua|insertafter|218|		ShowAllSpellRanksCheckBox:Hide();
797|FrameXML|SpellBookFrame.lua|insertafter|218|	elseif ( SpellBookFrame.bookType == BOOKTYPE_SPELL and showSpellRanks ) then
798|FrameXML|SpellBookFrame.lua|insertafter|220|		ShowAllSpellRanksCheckBox:Hide();
799|FrameXML|SpellBookFrame.lua|insertafter|220|	end
800|FrameXML|SpellBookFrame.lua|insertafter|220|
801|FrameXML|SpellBookFrame.lua|insertafter|220|	if (SpellBookFrame.bookType == BOOKTYPE_SPELL and SpellBookFrame.selectedSkillLine == SpellBook_GetNumSpellTabs()) then
802|FrameXML|SpellBookFrame.lua|delete|228|
803|FrameXML|SpellBookFrame.lua|insertafter|228|		tabButton:SetText("Azeroth");
804|FrameXML|SpellBookFrame.lua|insertafter|228|		tabButton:SetFrameLevel(SpellBookFrame:GetFrameLevel() + 1);
805|FrameXML|SpellBookFrame.lua|insertafter|228|		tabButton.binding = "TOGGLESPELLBOOK";
806|FrameXML|SpellBookFrame.lua|insertafter|228|	elseif ( bookType == BOOKTYPE_CLASSES ) then
807|FrameXML|SpellBookFrame.lua|insertafter|228|		tabButton.bookType = BOOKTYPE_CLASSES;
808|FrameXML|SpellBookFrame.lua|insertafter|228|		tabButton:SetText("Norrath");
809|FrameXML|SpellBookFrame.lua|insertafter|231|		-- Every EQ pet creature is a wow "demon" type, so the client hands warlocks a DEMON token and
810|FrameXML|SpellBookFrame.lua|insertafter|231|		-- everyone else a PET one.  All EQ classes summon the same kind of pet, so always say "Pet".
811|FrameXML|SpellBookFrame.lua|replace|233|		tabButton:SetText(PET_TYPE_PET);
812|FrameXML|SpellBookFrame.lua|replace|236|		SpellBookFrame.petTitle = PET_TYPE_PET;
813|FrameXML|SpellBookFrame.lua|insertafter|274|	EQSpellSearchBox:ClearFocus();
814|FrameXML|SpellBookFrame.lua|insertafter|332|	if ( EQSpellSort_IsActive() ) then
815|FrameXML|SpellBookFrame.lua|insertafter|332|		local slot = EQSpellSort_GetButtonSlot(self:GetID());
816|FrameXML|SpellBookFrame.lua|insertafter|332|		if ( not slot ) then
817|FrameXML|SpellBookFrame.lua|insertafter|332|			-- An empty sorting slot has nothing to describe
818|FrameXML|SpellBookFrame.lua|insertafter|332|			GameTooltip:Hide();
819|FrameXML|SpellBookFrame.lua|insertafter|332|			self.UpdateTooltip = nil;
820|FrameXML|SpellBookFrame.lua|insertafter|332|			return;
821|FrameXML|SpellBookFrame.lua|insertafter|332|		end
822|FrameXML|SpellBookFrame.lua|insertafter|332|		GameTooltip:SetOwner(self, "ANCHOR_RIGHT");
823|FrameXML|SpellBookFrame.lua|insertafter|332|		if ( GameTooltip:SetSpell(slot, BOOKTYPE_SPELL) ) then
824|FrameXML|SpellBookFrame.lua|insertafter|332|			self.UpdateTooltip = SpellButton_OnEnter;
825|FrameXML|SpellBookFrame.lua|insertafter|332|		else
826|FrameXML|SpellBookFrame.lua|insertafter|332|			self.UpdateTooltip = nil;
827|FrameXML|SpellBookFrame.lua|insertafter|332|		end
828|FrameXML|SpellBookFrame.lua|insertafter|332|		return;
829|FrameXML|SpellBookFrame.lua|insertafter|332|	end
830|FrameXML|SpellBookFrame.lua|insertafter|332|
831|FrameXML|SpellBookFrame.lua|insertafter|342|	-- Sorting is a left button job only, a right click always falls through to the normal handling
832|FrameXML|SpellBookFrame.lua|insertafter|342|	if ( button == "LeftButton" and EQSpellSort_IsActive() and EQSpellSort_HandleDrop(self:GetID()) ) then
833|FrameXML|SpellBookFrame.lua|insertafter|342|		return;
834|FrameXML|SpellBookFrame.lua|insertafter|342|	end
835|FrameXML|SpellBookFrame.lua|insertafter|399|-- Dropping a spell on a slot sorts it there; everywhere else keeps the old behaviour of picking the
836|FrameXML|SpellBookFrame.lua|insertafter|399|-- slot's own spell back up
837|FrameXML|SpellBookFrame.lua|insertafter|399|function SpellButton_OnReceiveDrag(self)
838|FrameXML|SpellBookFrame.lua|insertafter|399|	if ( EQSpellSort_IsActive() and EQSpellSort_HandleDrop(self:GetID()) ) then
839|FrameXML|SpellBookFrame.lua|insertafter|399|		return;
840|FrameXML|SpellBookFrame.lua|insertafter|399|	end
841|FrameXML|SpellBookFrame.lua|insertafter|399|	SpellButton_OnDrag(self);
842|FrameXML|SpellBookFrame.lua|insertafter|399|end
843|FrameXML|SpellBookFrame.lua|insertafter|399|
844|FrameXML|SpellBookFrame.lua|insertafter|400|	if ( EQSpellSort_IsActive() ) then
845|FrameXML|SpellBookFrame.lua|insertafter|400|		local slot = EQSpellSort_GetButtonSlot(self:GetID());
846|FrameXML|SpellBookFrame.lua|insertafter|400|		if ( slot and IsSelectedSpell(slot, BOOKTYPE_SPELL) ) then
847|FrameXML|SpellBookFrame.lua|insertafter|400|			self:SetChecked("true");
848|FrameXML|SpellBookFrame.lua|insertafter|400|		else
849|FrameXML|SpellBookFrame.lua|insertafter|400|			self:SetChecked("false");
850|FrameXML|SpellBookFrame.lua|insertafter|400|		end
851|FrameXML|SpellBookFrame.lua|insertafter|400|		return;
852|FrameXML|SpellBookFrame.lua|insertafter|400|	end
853|FrameXML|SpellBookFrame.lua|insertafter|400|
854|FrameXML|SpellBookFrame.lua|insertafter|419|	if ( EQSpellSort_IsActive() ) then
855|FrameXML|SpellBookFrame.lua|insertafter|419|		EQSpellSort_UpdateButton(self);
856|FrameXML|SpellBookFrame.lua|insertafter|419|		return;
857|FrameXML|SpellBookFrame.lua|insertafter|419|	end
858|FrameXML|SpellBookFrame.lua|replace|431|	if ( (SpellBookFrame.bookType ~= BOOKTYPE_PET) and (not displayID or displayID > (offset + numSpells)) ) then  
859|FrameXML|SpellBookFrame.lua|replace|447|	local texture = EQSpellIcons_GetSpellBookTexture(GetSpellTexture(id, SpellBookFrame.bookType), id, SpellBookFrame.bookType);
860|FrameXML|SpellBookFrame.lua|delete|524-527|
861|FrameXML|SpellBookFrame.lua|insertafter|527|	if ( SpellBookFrame.bookType == BOOKTYPE_PET ) then
862|FrameXML|SpellBookFrame.lua|insertafter|531|	else
863|FrameXML|SpellBookFrame.lua|insertafter|531|		PlaySound("igAbiliityPageTurn");
864|FrameXML|SpellBookFrame.lua|insertafter|531|		SPELLBOOK_PAGENUMBERS[SpellBookFrame.selectedSkillLine] = pageNum;
865|FrameXML|SpellBookFrame.lua|delete|541-544|
866|FrameXML|SpellBookFrame.lua|insertafter|544|	if ( SpellBookFrame.bookType == BOOKTYPE_PET ) then
867|FrameXML|SpellBookFrame.lua|insertafter|548|	else
868|FrameXML|SpellBookFrame.lua|insertafter|548|		PlaySound("igAbiliityPageTurn");
869|FrameXML|SpellBookFrame.lua|insertafter|548|		SPELLBOOK_PAGENUMBERS[SpellBookFrame.selectedSkillLine] = pageNum;
870|FrameXML|SpellBookFrame.lua|delete|556|
871|FrameXML|SpellBookFrame.lua|insertafter|556|function SpellBookSkillLineTab_OnEnter(self)
872|FrameXML|SpellBookFrame.lua|insertafter|556|	GameTooltip:SetOwner(self, "ANCHOR_RIGHT");
873|FrameXML|SpellBookFrame.lua|insertafter|556|	GameTooltip:SetText(self.tooltip);
874|FrameXML|SpellBookFrame.lua|insertafter|556|	if ( self.tooltipExtra ) then
875|FrameXML|SpellBookFrame.lua|insertafter|556|		GameTooltip:AddLine(self.tooltipExtra, 1.0, 1.0, 1.0);
876|FrameXML|SpellBookFrame.lua|insertafter|556|		GameTooltip:Show();
877|FrameXML|SpellBookFrame.lua|insertafter|556|	end
878|FrameXML|SpellBookFrame.lua|insertafter|556|end
879|FrameXML|SpellBookFrame.lua|insertafter|556|
880|FrameXML|SpellBookFrame.lua|insertafter|556|-- A spell let go over a side tab icon drops straight into that tab
881|FrameXML|SpellBookFrame.lua|insertafter|556|function SpellBookSkillLineTab_OnReceiveDrag(self)
882|FrameXML|SpellBookFrame.lua|insertafter|556|	if ( self and EQSpellSort_IsActive() ) then
883|FrameXML|SpellBookFrame.lua|insertafter|556|		EQSpellSort_DropOnTab(self.eqSortEntry);
884|FrameXML|SpellBookFrame.lua|insertafter|556|	end
885|FrameXML|SpellBookFrame.lua|insertafter|556|end
886|FrameXML|SpellBookFrame.lua|insertafter|556|
887|FrameXML|SpellBookFrame.lua|insertafter|556|function SpellBookSkillLineTab_OnClick(self, id, button)
888|FrameXML|SpellBookFrame.lua|insertafter|556|	if ( self and button == "RightButton" ) then
889|FrameXML|SpellBookFrame.lua|insertafter|556|		local entry = EQSpellSort_IsActive() and self.eqSortEntry or nil;
890|FrameXML|SpellBookFrame.lua|insertafter|556|		if ( entry and entry.kind == "tab" ) then
891|FrameXML|SpellBookFrame.lua|insertafter|556|			EQSpellTabEdit_Open(entry.index);
892|FrameXML|SpellBookFrame.lua|insertafter|556|		end
893|FrameXML|SpellBookFrame.lua|insertafter|556|		-- A right click still flips the check button, so put the tab states back the way they were
894|FrameXML|SpellBookFrame.lua|insertafter|556|		SpellBookFrame_Update();
895|FrameXML|SpellBookFrame.lua|insertafter|556|		return;
896|FrameXML|SpellBookFrame.lua|insertafter|556|	end
897|FrameXML|SpellBookFrame.lua|insertafter|556|	if ( self and EQSpellSort_IsActive() and self.eqSortEntry and self.eqSortEntry.kind == "new" ) then
898|FrameXML|SpellBookFrame.lua|insertafter|556|		EQSpellTabEdit_Open(nil);
899|FrameXML|SpellBookFrame.lua|insertafter|556|		SpellBookFrame_Update();
900|FrameXML|SpellBookFrame.lua|insertafter|556|		return;
901|FrameXML|SpellBookFrame.lua|insertafter|556|	end
902|FrameXML|SpellBookFrame.lua|insertafter|556|
903|FrameXML|SpellBookFrame.lua|insertafter|581|
904|FrameXML|SpellBookFrame.lua|insertafter|581|	-- Picking another tab while the edit window is up moves the window onto it
905|FrameXML|SpellBookFrame.lua|insertafter|581|	if ( self and EQSpellSort_IsActive() and EQSpellTabEditFrame:IsShown() ) then
906|FrameXML|SpellBookFrame.lua|insertafter|581|		EQSpellTabEdit_FollowSelection();
907|FrameXML|SpellBookFrame.lua|insertafter|581|	end
908|FrameXML|SpellBookFrame.lua|insertafter|585|	SpellBookFrame.selectedSkillLine = 1
909|FrameXML|SpellBookFrame.lua|delete|589-600|
910|FrameXML|SpellBookFrame.lua|delete|619|
911|FrameXML|SpellBookFrame.lua|insertafter|619|	if ( EQSpellSort_IsActive() ) then
912|FrameXML|SpellBookFrame.lua|insertafter|619|		local _, entryIndex = EQSpellSort_GetSelectedEntry();
913|FrameXML|SpellBookFrame.lua|insertafter|619|		return SPELLBOOK_PAGENUMBERS[entryIndex] or 1, EQSpellSort_GetNumPages();
914|FrameXML|SpellBookFrame.lua|insertafter|619|	end
915|FrameXML|SpellBookFrame.lua|insertafter|620|		local numPetSpells = HasPetSpells();
916|FrameXML|SpellBookFrame.lua|insertafter|626|		-- A search that matches nothing still shows one (empty) page, so the page controls stay in step
917|FrameXML|SpellBookFrame.lua|insertafter|626|		if ( maxPages < 1 and EQSpellFilter_GetText() ) then
918|FrameXML|SpellBookFrame.lua|insertafter|626|			maxPages = 1;
919|FrameXML|SpellBookFrame.lua|insertafter|626|		end
920|FrameXML|SpellBookFrame.lua|delete|656-660|
921|FrameXML|SpellBookFrame.lua|insertafter|660|function SpellBook_GetNumSpellTabs()
922|FrameXML|SpellBookFrame.lua|insertafter|660|	return GetNumSpellTabs() + 1
923|FrameXML|SpellBookFrame.lua|insertafter|660|end
924|FrameXML|SpellBookFrame.lua|insertafter|660|
925|FrameXML|SpellBookFrame.lua|insertafter|660|function SpellBook_GetSpellTabInfo(skillLine)
926|FrameXML|SpellBookFrame.lua|insertafter|660|	local num = SpellBook_GetNumSpellTabs()
927|FrameXML|SpellBookFrame.lua|insertafter|660|	if (skillLine < num) then
928|FrameXML|SpellBookFrame.lua|insertafter|660|		return GetSpellTabInfo(skillLine)
929|FrameXML|SpellBookFrame.lua|insertafter|661|	if (skillLine == num) then
930|FrameXML|SpellBookFrame.lua|insertafter|661|		return "Master", "Interface\\Icons\\Spell_Nature_Wispsplode", select(3, GetSpellTabInfo(1))
931|FrameXML|SpellBookFrame.lua|insertafter|661|	end
932|FrameXML|SpellBookFrame.lua|insertafter|661|	return nil
933|FrameXML|SpellBookFrame.lua|insertafter|661|end
934|FrameXML|SpellBookFrame.lua|insertafter|661|
935|FrameXML|SpellBookFrame.lua|insertafter|661|function SpellBook_GetTabInfo(skillLine, ignoreSearchFilter)
936|FrameXML|SpellBookFrame.lua|insertafter|661|	local name, texture, offset, numSpells = SpellBook_GetSpellTabInfo((SpellBookFrame.bookType == BOOKTYPE_CLASSES) and 1 or skillLine);
937|FrameXML|SpellBookFrame.lua|insertafter|661|	local showAllSpellRanks = GetCVarBool("ShowAllSpellRanks")
938|FrameXML|SpellBookFrame.lua|insertafter|661|	
939|FrameXML|SpellBookFrame.lua|insertafter|661|	if ( SpellBookFrame.bookType == BOOKTYPE_SPELL ) then
940|FrameXML|SpellBookFrame.lua|insertafter|661|		local numSecondarySpells, numPassiveSpells, numNonMaxRankSpells = 0, 0, 0
941|FrameXML|SpellBookFrame.lua|insertafter|661|		if skillLine == 1 then
942|FrameXML|SpellBookFrame.lua|insertafter|661|			-- primary/general
943|FrameXML|SpellBookFrame.lua|insertafter|661|			for i = offset + 1, numSpells, 1 do
944|FrameXML|SpellBookFrame.lua|insertafter|661|				if ((not SpellBook_IsPrimarySpell(i, currentClass, true)) or SpellBook_IsMasterSpell(i)) then
945|FrameXML|SpellBookFrame.lua|insertafter|661|					numSecondarySpells = numSecondarySpells + 1
946|FrameXML|SpellBookFrame.lua|insertafter|661|				end
947|FrameXML|SpellBookFrame.lua|insertafter|661|			end
948|FrameXML|SpellBookFrame.lua|insertafter|661|		elseif skillLine == SpellBook_GetNumSpellTabs() then
949|FrameXML|SpellBookFrame.lua|insertafter|661|			-- primary/master
950|FrameXML|SpellBookFrame.lua|insertafter|661|			for i = offset + 1, offset + numSpells, 1 do
951|FrameXML|SpellBookFrame.lua|insertafter|661|				if not SpellBook_IsMasterSpell(i) then
952|FrameXML|SpellBookFrame.lua|insertafter|661|					numPassiveSpells = numPassiveSpells + 1
953|FrameXML|SpellBookFrame.lua|insertafter|661|				end
954|FrameXML|SpellBookFrame.lua|insertafter|661|			end
955|FrameXML|SpellBookFrame.lua|insertafter|661|		else
956|FrameXML|SpellBookFrame.lua|insertafter|661|			-- primary/spec
957|FrameXML|SpellBookFrame.lua|insertafter|661|			for i = offset + 1, offset + numSpells, 1 do
958|FrameXML|SpellBookFrame.lua|insertafter|661|				if not showAllSpellRanks then
959|FrameXML|SpellBookFrame.lua|insertafter|661|					local rank, highestRank = SpellBook_SpellRankInfo(i)
960|FrameXML|SpellBookFrame.lua|insertafter|661|					if highestRank and rank < highestRank then
961|FrameXML|SpellBookFrame.lua|insertafter|661|						numNonMaxRankSpells = numNonMaxRankSpells + 1
962|FrameXML|SpellBookFrame.lua|insertafter|661|					end
963|FrameXML|SpellBookFrame.lua|insertafter|661|				end
964|FrameXML|SpellBookFrame.lua|insertafter|661|			end
965|FrameXML|SpellBookFrame.lua|insertafter|661|		end
966|FrameXML|SpellBookFrame.lua|insertafter|661|		numSpells = numSpells - (numSecondarySpells + numPassiveSpells + numNonMaxRankSpells)
967|FrameXML|SpellBookFrame.lua|insertafter|661|	else
968|FrameXML|SpellBookFrame.lua|insertafter|661|		-- secondary/EQ skill line
969|FrameXML|SpellBookFrame.lua|insertafter|661|		local skillLineInfo
970|FrameXML|SpellBookFrame.lua|insertafter|661|		if SpellBookFrame.eqTabs then
971|FrameXML|SpellBookFrame.lua|insertafter|661|			skillLineInfo = SpellBookFrame.eqTabs[skillLine]
972|FrameXML|SpellBookFrame.lua|insertafter|661|		else
973|FrameXML|SpellBookFrame.lua|insertafter|661|			skillLineInfo = EQ_SKILLLINES[skillLine]
974|FrameXML|SpellBookFrame.lua|insertafter|661|		end
975|FrameXML|SpellBookFrame.lua|insertafter|661|		local skillLineID = skillLineInfo and skillLineInfo.id
976|FrameXML|SpellBookFrame.lua|insertafter|661|
977|FrameXML|SpellBookFrame.lua|insertafter|661|		local numClassSpells, numPassiveSpells, numNonMaxRankSpells = 0, 0, 0
978|FrameXML|SpellBookFrame.lua|insertafter|661|		for i = 1, numSpells, 1 do
979|FrameXML|SpellBookFrame.lua|insertafter|661|			if SpellBook_IsPrimarySpell(i, skillLineID, false) and (ignoreSearchFilter or EQSpellFilter_SlotMatches(i)) then
980|FrameXML|SpellBookFrame.lua|insertafter|661|				numClassSpells = numClassSpells + 1
981|FrameXML|SpellBookFrame.lua|insertafter|661|				if not showAllSpellRanks then
982|FrameXML|SpellBookFrame.lua|insertafter|661|					local rank, highestRank = SpellBook_SpellRankInfo(i)
983|FrameXML|SpellBookFrame.lua|insertafter|661|					if highestRank and rank < highestRank then
984|FrameXML|SpellBookFrame.lua|insertafter|661|						numNonMaxRankSpells = numNonMaxRankSpells + 1
985|FrameXML|SpellBookFrame.lua|insertafter|661|					end
986|FrameXML|SpellBookFrame.lua|insertafter|661|				end
987|FrameXML|SpellBookFrame.lua|insertafter|661|			end
988|FrameXML|SpellBookFrame.lua|insertafter|661|		end
989|FrameXML|SpellBookFrame.lua|insertafter|661|		
990|FrameXML|SpellBookFrame.lua|insertafter|661|		numSpells = numClassSpells - (numPassiveSpells + numNonMaxRankSpells)
991|FrameXML|SpellBookFrame.lua|insertafter|661|	end
992|FrameXML|SpellBookFrame.lua|insertafter|661|
993|FrameXML|SpellBookFrame.lua|insertafter|664|function SpellBook_GetSpellID(id)
994|FrameXML|SpellBookFrame.lua|insertafter|664|	if ( EQSpellSort_IsActive() ) then
995|FrameXML|SpellBookFrame.lua|insertafter|664|		-- Manual sorting knows exactly which spellbook slot a button stands for, and an empty slot
996|FrameXML|SpellBookFrame.lua|insertafter|664|		-- reports past the end of the book so callers treat it as nothing
997|FrameXML|SpellBookFrame.lua|insertafter|664|		local slot = EQSpellSort_GetButtonSlot(id);
998|FrameXML|SpellBookFrame.lua|insertafter|664|		if ( slot ) then
999|FrameXML|SpellBookFrame.lua|insertafter|664|			return slot, slot;
1000|FrameXML|SpellBookFrame.lua|insertafter|664|		end
1001|FrameXML|SpellBookFrame.lua|insertafter|664|		return MAX_SPELLS + 1, nil;
1002|FrameXML|SpellBookFrame.lua|insertafter|664|	end
1003|FrameXML|SpellBookFrame.lua|insertafter|664|	if ( SpellBookFrame.bookType == BOOKTYPE_PET ) then
1004|FrameXML|SpellBookFrame.lua|insertafter|664|		return id + (SPELLS_PER_PAGE * (SPELLBOOK_PAGENUMBERS[BOOKTYPE_PET] - 1));
1005|FrameXML|SpellBookFrame.lua|insertafter|664|	else
1006|FrameXML|SpellBookFrame.lua|insertafter|664|		local slot = id + SpellBookFrame.selectedSkillLineOffset + ( SPELLS_PER_PAGE * (SPELLBOOK_PAGENUMBERS[SpellBookFrame.selectedSkillLine] - 1));
1007|FrameXML|SpellBookFrame.lua|insertafter|664|
1008|FrameXML|SpellBookFrame.lua|insertafter|664|		local showAllSpellRanks = GetCVarBool("ShowAllSpellRanks")
1009|FrameXML|SpellBookFrame.lua|insertafter|664|		local IsRankFiltered = function(s)
1010|FrameXML|SpellBookFrame.lua|insertafter|664|			if showAllSpellRanks then return true end
1011|FrameXML|SpellBookFrame.lua|insertafter|664|			local rank, highestRank = SpellBook_SpellRankInfo(s)
1012|FrameXML|SpellBookFrame.lua|insertafter|664|			if highestRank then
1013|FrameXML|SpellBookFrame.lua|insertafter|664|				if rank < highestRank then 
1014|FrameXML|SpellBookFrame.lua|insertafter|664|					return false
1015|FrameXML|SpellBookFrame.lua|insertafter|664|				end
1016|FrameXML|SpellBookFrame.lua|insertafter|664|			end
1017|FrameXML|SpellBookFrame.lua|insertafter|664|			return true
1018|FrameXML|SpellBookFrame.lua|insertafter|664|		end
1019|FrameXML|SpellBookFrame.lua|insertafter|664|
1020|FrameXML|SpellBookFrame.lua|insertafter|664|
1021|FrameXML|SpellBookFrame.lua|insertafter|664|		local offset = 0
1022|FrameXML|SpellBookFrame.lua|insertafter|664|		local IsCorrecSpellType
1023|FrameXML|SpellBookFrame.lua|insertafter|664|		if SpellBookFrame.bookType == BOOKTYPE_SPELL then
1024|FrameXML|SpellBookFrame.lua|insertafter|664|			if SpellBookFrame.selectedSkillLine == 1 then
1025|FrameXML|SpellBookFrame.lua|insertafter|664|				IsCorrecSpellType = function(s) return SpellBook_IsPrimarySpell(s, currentClass, true) and not SpellBook_IsMasterSpell(s) end -- primary/general
1026|FrameXML|SpellBookFrame.lua|insertafter|664|			else
1027|FrameXML|SpellBookFrame.lua|insertafter|664|				if SpellBookFrame.selectedSkillLine == SpellBook_GetNumSpellTabs() then
1028|FrameXML|SpellBookFrame.lua|insertafter|664|					IsCorrecSpellType = function(s) return SpellBook_IsMasterSpell(s) end -- primary/master
1029|FrameXML|SpellBookFrame.lua|insertafter|664|				else
1030|FrameXML|SpellBookFrame.lua|insertafter|664|					IsCorrecSpellType = function(s) return IsRankFiltered(s) and true end -- primary/spec
1031|FrameXML|SpellBookFrame.lua|insertafter|664|				end
1032|FrameXML|SpellBookFrame.lua|insertafter|664|			end
1033|FrameXML|SpellBookFrame.lua|insertafter|664|		else
1034|FrameXML|SpellBookFrame.lua|insertafter|664|			local skillLineInfo = SpellBookFrame.eqTabs and SpellBookFrame.eqTabs[SpellBookFrame.selectedSkillLine] or nil
1035|FrameXML|SpellBookFrame.lua|insertafter|664|			local skillLineID = skillLineInfo and skillLineInfo.id
1036|FrameXML|SpellBookFrame.lua|insertafter|664|			IsCorrecSpellType = function(s) -- secondary/EQ skill line
1037|FrameXML|SpellBookFrame.lua|insertafter|664|				return SpellBook_IsPrimarySpell(s, skillLineID, false) and IsRankFiltered(s) and EQSpellFilter_SlotMatches(s)
1038|FrameXML|SpellBookFrame.lua|insertafter|664|			end
1039|FrameXML|SpellBookFrame.lua|insertafter|664|		end
1040|FrameXML|SpellBookFrame.lua|insertafter|664|		
1041|FrameXML|SpellBookFrame.lua|insertafter|664|		local _, _, tabOffset = SpellBook_GetTabInfo(SpellBookFrame.selectedSkillLine)
1042|FrameXML|SpellBookFrame.lua|insertafter|664|
1043|FrameXML|SpellBookFrame.lua|insertafter|664|		-- search backwards for all skipped secondary spells
1044|FrameXML|SpellBookFrame.lua|insertafter|664|		local spellsToSkip = 0
1045|FrameXML|SpellBookFrame.lua|insertafter|664|		for i = tabOffset + 1, slot - 1 do
1046|FrameXML|SpellBookFrame.lua|insertafter|664|			if not IsCorrecSpellType(i) then
1047|FrameXML|SpellBookFrame.lua|insertafter|664|				spellsToSkip = spellsToSkip + 1
1048|FrameXML|SpellBookFrame.lua|insertafter|664|			end
1049|FrameXML|SpellBookFrame.lua|insertafter|664|		end
1050|FrameXML|SpellBookFrame.lua|insertafter|664|
1051|FrameXML|SpellBookFrame.lua|insertafter|664|		-- search forward to next primary spell
1052|FrameXML|SpellBookFrame.lua|insertafter|664|		local i = 0
1053|FrameXML|SpellBookFrame.lua|insertafter|664|		while true do
1054|FrameXML|SpellBookFrame.lua|insertafter|664|			local name = GetSpellInfo(slot + i, BOOKTYPE_SPELL)
1055|FrameXML|SpellBookFrame.lua|insertafter|664|			if not name then break end
1056|FrameXML|SpellBookFrame.lua|insertafter|664|			local isWantedSpell = IsCorrecSpellType(slot + i)
1057|FrameXML|SpellBookFrame.lua|insertafter|664|			if isWantedSpell and spellsToSkip == 0 then
1058|FrameXML|SpellBookFrame.lua|insertafter|664|				offset = i
1059|FrameXML|SpellBookFrame.lua|insertafter|664|				break
1060|FrameXML|SpellBookFrame.lua|insertafter|664|			end
1061|FrameXML|SpellBookFrame.lua|insertafter|664|			if isWantedSpell then spellsToSkip = spellsToSkip - 1 end
1062|FrameXML|SpellBookFrame.lua|insertafter|664|			i = i + 1
1063|FrameXML|SpellBookFrame.lua|insertafter|664|		end
1064|FrameXML|SpellBookFrame.lua|insertafter|664|
1065|FrameXML|SpellBookFrame.lua|insertafter|664|		slot = slot + offset
1066|FrameXML|SpellBookFrame.lua|insertafter|664|
1067|FrameXML|SpellBookFrame.lua|insertafter|664|		-- if ( not GetCVarBool("ShowAllSpellRanks") ) then
1068|FrameXML|SpellBookFrame.lua|insertafter|664|		-- 	local highestRankSlot = SpellBook_SpellRankSlotInfo(slot)
1069|FrameXML|SpellBookFrame.lua|insertafter|664|		-- 	print(highestRankSlot)
1070|FrameXML|SpellBookFrame.lua|insertafter|664|		-- 	return highestRankSlot, slot - offset;
1071|FrameXML|SpellBookFrame.lua|insertafter|664|		-- end
1072|FrameXML|SpellBookFrame.lua|insertafter|664|		return slot, slot - offset;
1073|FrameXML|SpellBookFrame.lua|insertafter|664|	end
1074|FrameXML|SpellBookFrame.lua|insertafter|664|end
1075|FrameXML|SpellBookFrame.lua|insertafter|664|
1076|FrameXML|SpellBookFrame.lua|insertafter|664|function SpellBook_SpellIdBySlot(slot)
1077|FrameXML|SpellBookFrame.lua|insertafter|664|	local hlink = GetSpellLink(slot, "spell")
1078|FrameXML|SpellBookFrame.lua|insertafter|664|	if not hlink then return nil end
1079|FrameXML|SpellBookFrame.lua|insertafter|664|	local s, e = hlink:find("spell:") + 6, hlink:find("|h") - 1
1080|FrameXML|SpellBookFrame.lua|insertafter|664|	return tonumber(hlink:sub(s, e))
1081|FrameXML|SpellBookFrame.lua|insertafter|664|end
1082|FrameXML|SpellBookFrame.lua|insertafter|664|
1083|FrameXML|SpellBookFrame.lua|insertafter|664|function SpellBook_SpellRankInfo(slot)
1084|FrameXML|SpellBookFrame.lua|insertafter|664|	local name, rank = GetSpellInfo(slot, BOOKTYPE_SPELL)
1085|FrameXML|SpellBookFrame.lua|insertafter|664|	local highestRank = rank
1086|FrameXML|SpellBookFrame.lua|insertafter|664|
1087|FrameXML|SpellBookFrame.lua|insertafter|664|	if not name then return 0, 0 end
1088|FrameXML|SpellBookFrame.lua|insertafter|664|
1089|FrameXML|SpellBookFrame.lua|insertafter|664|	if rank ~= "" and rank:find("Rank") then
1090|FrameXML|SpellBookFrame.lua|insertafter|664|		for i = 1, 20 do
1091|FrameXML|SpellBookFrame.lua|insertafter|664|			local tmpName, tmpRank = GetSpellInfo(slot + i, BOOKTYPE_SPELL)
1092|FrameXML|SpellBookFrame.lua|insertafter|664|			if tmpName == name then
1093|FrameXML|SpellBookFrame.lua|insertafter|664|				highestRank = tmpRank
1094|FrameXML|SpellBookFrame.lua|insertafter|664|			else
1095|FrameXML|SpellBookFrame.lua|insertafter|664|				break
1096|FrameXML|SpellBookFrame.lua|insertafter|664|			end
1097|FrameXML|SpellBookFrame.lua|insertafter|664|		end
1098|FrameXML|SpellBookFrame.lua|insertafter|664|		rank = tonumber(rank:sub(6))
1099|FrameXML|SpellBookFrame.lua|insertafter|664|		highestRank = tonumber(highestRank:sub(6))
1100|FrameXML|SpellBookFrame.lua|insertafter|664|	else
1101|FrameXML|SpellBookFrame.lua|insertafter|664|		rank = 1
1102|FrameXML|SpellBookFrame.lua|insertafter|664|		highestRank = 1
1103|FrameXML|SpellBookFrame.lua|insertafter|664|	end
1104|FrameXML|SpellBookFrame.lua|insertafter|664|
1105|FrameXML|SpellBookFrame.lua|insertafter|664|	return rank, highestRank
1106|FrameXML|SpellBookFrame.lua|insertafter|664|end
1107|FrameXML|SpellBookFrame.lua|insertafter|664|
1108|FrameXML|SpellBookFrame.lua|insertafter|664|-- Returns whether the spell in the given slot belongs to skillLine.
1109|FrameXML|SpellBookFrame.lua|insertafter|664|-- The secondary (EQ) book passes a numeric SkillLine ID, so a spell tracked in
1110|FrameXML|SpellBookFrame.lua|insertafter|664|-- EQ_SPELLS matches only its own skill line. The primary book passes the player
1111|FrameXML|SpellBookFrame.lua|insertafter|664|-- class (a string), which never equals a numeric skill line, so EQ spells are
1112|FrameXML|SpellBookFrame.lua|insertafter|664|-- excluded from the primary book while untracked spells fall back to def.
1113|FrameXML|SpellBookFrame.lua|insertafter|664|function SpellBook_IsPrimarySpell(slot, skillLine, def)
1114|FrameXML|SpellBookFrame.lua|insertafter|664|	local spellID = SpellBook_SpellIdBySlot(slot)
1115|FrameXML|SpellBookFrame.lua|insertafter|664|	local lineBySpell = EQ_SPELLS[spellID]
1116|FrameXML|SpellBookFrame.lua|insertafter|664|	if lineBySpell then
1117|FrameXML|SpellBookFrame.lua|insertafter|664|		return lineBySpell == skillLine
1118|FrameXML|SpellBookFrame.lua|insertafter|664|	end
1119|FrameXML|SpellBookFrame.lua|insertafter|664|	return def and true or false
1120|FrameXML|SpellBookFrame.lua|insertafter|664|end
1121|FrameXML|SpellBookFrame.lua|insertafter|664|
1122|FrameXML|SpellBookFrame.lua|insertafter|664|-- Master spells went away with MasterSpells.lua, so nothing counts as one any more
1123|FrameXML|SpellBookFrame.lua|insertafter|664|function SpellBook_IsMasterSpell(slot)
1124|FrameXML|SpellBookFrame.lua|insertafter|664|	return false
1125|FrameXML|SpellBookFrame.lua|insertafter|664|end
1126|FrameXML|SpellBookFrame.lua|insertafter|664|
1127|FrameXML|SpellBookFrame.lua|insertafter|664|--
1128|FrameXML|SpellBookFrame.lua|insertafter|664|-- Manual sorting for the Norrath (EQ) tab of the spellbook
1129|FrameXML|SpellBookFrame.lua|insertafter|664|--
1130|FrameXML|SpellBookFrame.lua|insertafter|664|-- With "Manual Sorting" checked the Norrath tab stops grouping spells by EQ skill line and shows player
1131|FrameXML|SpellBookFrame.lua|insertafter|664|-- made side tabs instead.  A spell is dragged onto a slot and stays where it was put, and anything not
1132|FrameXML|SpellBookFrame.lua|insertafter|664|-- placed yet shows up under "Unsorted".  Only EQ spells (the ones listed in EQ_SPELLS) appear here, the
1133|FrameXML|SpellBookFrame.lua|insertafter|664|-- same as the sorted version of the tab.
1134|FrameXML|SpellBookFrame.lua|insertafter|664|--
1135|FrameXML|SpellBookFrame.lua|insertafter|664|-- The layout and the state of the checkbox are kept per character and per EQ class pairing, since a
1136|FrameXML|SpellBookFrame.lua|insertafter|664|-- different secondary class is a different set of spells and wants its own arrangement.  Switching back
1137|FrameXML|SpellBookFrame.lua|insertafter|664|-- to a class brings its tabs back with it.  Saving is done by the EQ_SpellbookSort addon because
1138|FrameXML|SpellBookFrame.lua|insertafter|664|-- FrameXML has no saved variables of its own; how it gets there and back is spelled out above
1139|FrameXML|SpellBookFrame.lua|insertafter|664|-- eqSortLayouts below.  None of the other books (Azeroth, pet) look at any of this.
1140|FrameXML|SpellBookFrame.lua|insertafter|664|--
1141|FrameXML|SpellBookFrame.lua|insertafter|664|
1142|FrameXML|SpellBookFrame.lua|insertafter|664|EQ_SPELLSORT_MAX_TABS = MAX_SKILLLINE_TABS - 2;  -- the Unsorted and New buttons take side tab slots too
1143|FrameXML|SpellBookFrame.lua|insertafter|664|EQ_SPELLSORT_DEFAULT_CLASS_KEY = "default";      -- stands in until the server says which classes are live
1144|FrameXML|SpellBookFrame.lua|insertafter|664|EQ_SPELLSORT_ICON_COLUMNS = 6;
1145|FrameXML|SpellBookFrame.lua|insertafter|664|EQ_SPELLSORT_ICON_ROWS = 4;
1146|FrameXML|SpellBookFrame.lua|insertafter|664|EQ_SPELLSORT_ICONS_PER_PAGE = EQ_SPELLSORT_ICON_COLUMNS * EQ_SPELLSORT_ICON_ROWS;
1147|FrameXML|SpellBookFrame.lua|insertafter|664|EQ_SPELLSORT_ICON_SIZE = 36;
1148|FrameXML|SpellBookFrame.lua|insertafter|664|EQ_SPELLSORT_ICON_SPACING = 4;
1149|FrameXML|SpellBookFrame.lua|insertafter|664|EQ_SPELLSORT_NEW_TAB_ICON = "Interface\\Icons\\Spell_ChargePositive";
1150|FrameXML|SpellBookFrame.lua|insertafter|664|EQ_SPELLSORT_FALLBACK_ICON = "Interface\\Icons\\INV_Misc_QuestionMark";
1151|FrameXML|SpellBookFrame.lua|insertafter|664|
1152|FrameXML|SpellBookFrame.lua|insertafter|664|EQ_SPELLSORT_UNSORTED_NAME = "Unsorted";
1153|FrameXML|SpellBookFrame.lua|insertafter|664|EQ_SPELLSORT_NEW_TAB_NAME = "New Tab";
1154|FrameXML|SpellBookFrame.lua|insertafter|664|EQ_SPELLSORT_NEW_TAB_HINT = "Click to add a spell tab";
1155|FrameXML|SpellBookFrame.lua|insertafter|664|EQ_SPELLSORT_EDIT_TAB_HINT = "Right click to rename, re-icon, or delete";
1156|FrameXML|SpellBookFrame.lua|insertafter|664|EQ_SPELLSORT_NEW_TAB_TITLE = "New Spell Tab";
1157|FrameXML|SpellBookFrame.lua|insertafter|664|EQ_SPELLSORT_EDIT_TAB_TITLE = "Edit Spell Tab";
1158|FrameXML|SpellBookFrame.lua|insertafter|664|EQ_SPELLSORT_DELETE_CONFIRM = "Delete the spell tab \"%s\"?  Its spells go back to Unsorted.";
1159|FrameXML|SpellBookFrame.lua|insertafter|664|EQ_SPELLSORT_AUTOSORT_CONFIRM = "Sort the spells in \"%s\" by name and close the gaps between them?";
1160|FrameXML|SpellBookFrame.lua|insertafter|664|EQ_SPELLSORT_ERROR_NOT_EQ = "Only EverQuest spells can be sorted here.";
1161|FrameXML|SpellBookFrame.lua|insertafter|664|EQ_SPELLSORT_ERROR_TABS_FULL = "There is no room for another spell tab.";
1162|FrameXML|SpellBookFrame.lua|insertafter|664|
1163|FrameXML|SpellBookFrame.lua|insertafter|664|local eqSortSlotByID = nil;     -- spellID -> spellbook slot, for every EQ spell the player knows
1164|FrameXML|SpellBookFrame.lua|insertafter|664|local eqSortKnownOrder = nil;   -- those same spell IDs, in spellbook order
1165|FrameXML|SpellBookFrame.lua|insertafter|664|local eqSortUnsorted = nil;     -- EQ spells that are not sitting in a tab
1166|FrameXML|SpellBookFrame.lua|insertafter|664|local eqSortEntries = nil;      -- what each side tab button is: unsorted, new, or one of the player tabs
1167|FrameXML|SpellBookFrame.lua|insertafter|664|local eqSortFallbackIcons = nil;
1168|FrameXML|SpellBookFrame.lua|insertafter|664|
1169|FrameXML|SpellBookFrame.lua|insertafter|664|-- Where the layout lives, and why it takes a detour.
1170|FrameXML|SpellBookFrame.lua|insertafter|664|--
1171|FrameXML|SpellBookFrame.lua|insertafter|664|-- Reading anything out of an addon's saved variables taints the code path that read it, and a tainted
1172|FrameXML|SpellBookFrame.lua|insertafter|664|-- path is not allowed to reach CastSpell, which is what made clicking a spell fail with "EQ_SpellbookSort
1173|FrameXML|SpellBookFrame.lua|insertafter|664|-- has been blocked from an action only available to the Blizzard UI".  So the EQ_SpellbookSort addon
1174|FrameXML|SpellBookFrame.lua|insertafter|664|-- never hands its table over.  It parks a plain string on EQSpellSortDataHolder, a font string created
1175|FrameXML|SpellBookFrame.lua|insertafter|664|-- below, and text given to the client and read back out of it comes back clean.  That string is parsed
1176|FrameXML|SpellBookFrame.lua|insertafter|664|-- into eqSortData from a login event, which is a fresh untainted path, and every button, tab and click
1177|FrameXML|SpellBookFrame.lua|insertafter|664|-- below works off eqSortData alone.  Nothing in this file ever touches EQ_SpellbookSortDB.
1178|FrameXML|SpellBookFrame.lua|insertafter|664|local eqSortLayouts = { [EQ_SPELLSORT_DEFAULT_CLASS_KEY] = { enabled = false, tabs = {} } };
1179|FrameXML|SpellBookFrame.lua|insertafter|664|local eqSortActiveKey = EQ_SPELLSORT_DEFAULT_CLASS_KEY;
1180|FrameXML|SpellBookFrame.lua|insertafter|664|local eqSortDataHolder = nil;
1181|FrameXML|SpellBookFrame.lua|insertafter|664|local eqSortHolderText = nil;
1182|FrameXML|SpellBookFrame.lua|insertafter|664|
1183|FrameXML|SpellBookFrame.lua|insertafter|664|-- The layout for the class pairing being played right now
1184|FrameXML|SpellBookFrame.lua|insertafter|664|function EQSpellSort_GetDB()
1185|FrameXML|SpellBookFrame.lua|insertafter|664|	local data = eqSortLayouts[eqSortActiveKey];
1186|FrameXML|SpellBookFrame.lua|insertafter|664|	if ( not data ) then
1187|FrameXML|SpellBookFrame.lua|insertafter|664|		data = { enabled = false, tabs = {} };
1188|FrameXML|SpellBookFrame.lua|insertafter|664|		eqSortLayouts[eqSortActiveKey] = data;
1189|FrameXML|SpellBookFrame.lua|insertafter|664|	end
1190|FrameXML|SpellBookFrame.lua|insertafter|664|	if ( not data.tabs ) then
1191|FrameXML|SpellBookFrame.lua|insertafter|664|		data.tabs = {};
1192|FrameXML|SpellBookFrame.lua|insertafter|664|	end
1193|FrameXML|SpellBookFrame.lua|insertafter|664|	return data;
1194|FrameXML|SpellBookFrame.lua|insertafter|664|end
1195|FrameXML|SpellBookFrame.lua|insertafter|664|
1196|FrameXML|SpellBookFrame.lua|insertafter|664|function EQSpellSort_GetActiveClassKey()
1197|FrameXML|SpellBookFrame.lua|insertafter|664|	return eqSortActiveKey;
1198|FrameXML|SpellBookFrame.lua|insertafter|664|end
1199|FrameXML|SpellBookFrame.lua|insertafter|664|
1200|FrameXML|SpellBookFrame.lua|insertafter|664|-- EQClassFrame calls this with the primary and the active secondary EQ class every time the server sends
1201|FrameXML|SpellBookFrame.lua|insertafter|664|-- the class payload, which it does at login and after a class change.  Each pairing keeps its own tabs,
1202|FrameXML|SpellBookFrame.lua|insertafter|664|-- and the ones belonging to the other classes are held on to rather than thrown away.
1203|FrameXML|SpellBookFrame.lua|insertafter|664|function EQSpellSort_SetActiveClass(baseClassID, secondClassID)
1204|FrameXML|SpellBookFrame.lua|insertafter|664|	local key = tostring(baseClassID or 0)..":"..tostring(secondClassID or 0);
1205|FrameXML|SpellBookFrame.lua|insertafter|664|	if ( key == eqSortActiveKey ) then
1206|FrameXML|SpellBookFrame.lua|insertafter|664|		return;
1207|FrameXML|SpellBookFrame.lua|insertafter|664|	end
1208|FrameXML|SpellBookFrame.lua|insertafter|664|
1209|FrameXML|SpellBookFrame.lua|insertafter|664|	-- Anything arranged before the classes were known belongs to the first pairing that turns up
1210|FrameXML|SpellBookFrame.lua|insertafter|664|	if ( (not eqSortLayouts[key]) and eqSortActiveKey == EQ_SPELLSORT_DEFAULT_CLASS_KEY ) then
1211|FrameXML|SpellBookFrame.lua|insertafter|664|		eqSortLayouts[key] = eqSortLayouts[EQ_SPELLSORT_DEFAULT_CLASS_KEY];
1212|FrameXML|SpellBookFrame.lua|insertafter|664|		eqSortLayouts[EQ_SPELLSORT_DEFAULT_CLASS_KEY] = nil;
1213|FrameXML|SpellBookFrame.lua|insertafter|664|	end
1214|FrameXML|SpellBookFrame.lua|insertafter|664|
1215|FrameXML|SpellBookFrame.lua|insertafter|664|	eqSortActiveKey = key;
1216|FrameXML|SpellBookFrame.lua|insertafter|664|	if ( SpellBookFrame.bookType == BOOKTYPE_CLASSES ) then
1217|FrameXML|SpellBookFrame.lua|insertafter|664|		SpellBookFrame.selectedSkillLine = 1;
1218|FrameXML|SpellBookFrame.lua|insertafter|664|	end
1219|FrameXML|SpellBookFrame.lua|insertafter|664|	EQSpellSort_Refresh();
1220|FrameXML|SpellBookFrame.lua|insertafter|664|end
1221|FrameXML|SpellBookFrame.lua|insertafter|664|
1222|FrameXML|SpellBookFrame.lua|insertafter|664|-- Called from SpellBookFrame_OnLoad, well before any addon has had a chance to run
1223|FrameXML|SpellBookFrame.lua|insertafter|664|function EQSpellSort_CreateDataHolder()
1224|FrameXML|SpellBookFrame.lua|insertafter|664|	if ( eqSortDataHolder ) then
1225|FrameXML|SpellBookFrame.lua|insertafter|664|		return;
1226|FrameXML|SpellBookFrame.lua|insertafter|664|	end
1227|FrameXML|SpellBookFrame.lua|insertafter|664|
1228|FrameXML|SpellBookFrame.lua|insertafter|664|	local holderFrame = CreateFrame("Frame", "EQSpellSortDataHolderFrame", UIParent);
1229|FrameXML|SpellBookFrame.lua|insertafter|664|	holderFrame:Hide();
1230|FrameXML|SpellBookFrame.lua|insertafter|664|	eqSortDataHolder = holderFrame:CreateFontString("EQSpellSortDataHolder", "BACKGROUND", "GameFontNormal");
1231|FrameXML|SpellBookFrame.lua|insertafter|664|	eqSortDataHolder:Hide();
1232|FrameXML|SpellBookFrame.lua|insertafter|664|	holderFrame:RegisterEvent("PLAYER_LOGIN");
1233|FrameXML|SpellBookFrame.lua|insertafter|664|	holderFrame:SetScript("OnEvent", EQSpellSort_DataHolder_OnEvent);
1234|FrameXML|SpellBookFrame.lua|insertafter|664|end
1235|FrameXML|SpellBookFrame.lua|insertafter|664|
1236|FrameXML|SpellBookFrame.lua|insertafter|664|function EQSpellSort_DataHolder_OnEvent(self, event)
1237|FrameXML|SpellBookFrame.lua|insertafter|664|	if ( event == "PLAYER_LOGIN" ) then
1238|FrameXML|SpellBookFrame.lua|insertafter|664|		EQSpellSort_LoadSavedLayout();
1239|FrameXML|SpellBookFrame.lua|insertafter|664|	end
1240|FrameXML|SpellBookFrame.lua|insertafter|664|end
1241|FrameXML|SpellBookFrame.lua|insertafter|664|
1242|FrameXML|SpellBookFrame.lua|insertafter|664|function EQSpellSort_LoadSavedLayout()
1243|FrameXML|SpellBookFrame.lua|insertafter|664|	if ( not eqSortDataHolder ) then
1244|FrameXML|SpellBookFrame.lua|insertafter|664|		return;
1245|FrameXML|SpellBookFrame.lua|insertafter|664|	end
1246|FrameXML|SpellBookFrame.lua|insertafter|664|
1247|FrameXML|SpellBookFrame.lua|insertafter|664|	local text = eqSortDataHolder:GetText() or "";
1248|FrameXML|SpellBookFrame.lua|insertafter|664|	if ( text == eqSortHolderText ) then
1249|FrameXML|SpellBookFrame.lua|insertafter|664|		return;
1250|FrameXML|SpellBookFrame.lua|insertafter|664|	end
1251|FrameXML|SpellBookFrame.lua|insertafter|664|
1252|FrameXML|SpellBookFrame.lua|insertafter|664|	eqSortHolderText = text;
1253|FrameXML|SpellBookFrame.lua|insertafter|664|	eqSortLayouts, eqSortActiveKey = EQSpellSort_Deserialize(text);
1254|FrameXML|SpellBookFrame.lua|insertafter|664|	EQSpellSort_Invalidate();
1255|FrameXML|SpellBookFrame.lua|insertafter|664|	if ( SpellBookFrame:IsShown() ) then
1256|FrameXML|SpellBookFrame.lua|insertafter|664|		SpellBookFrame_Update();
1257|FrameXML|SpellBookFrame.lua|insertafter|664|	end
1258|FrameXML|SpellBookFrame.lua|insertafter|664|end
1259|FrameXML|SpellBookFrame.lua|insertafter|664|
1260|FrameXML|SpellBookFrame.lua|insertafter|664|-- Puts the layout back on the font string so the addon can save it at logout
1261|FrameXML|SpellBookFrame.lua|insertafter|664|function EQSpellSort_Publish()
1262|FrameXML|SpellBookFrame.lua|insertafter|664|	EQSpellSort_Invalidate();
1263|FrameXML|SpellBookFrame.lua|insertafter|664|	if ( not eqSortDataHolder ) then
1264|FrameXML|SpellBookFrame.lua|insertafter|664|		return;
1265|FrameXML|SpellBookFrame.lua|insertafter|664|	end
1266|FrameXML|SpellBookFrame.lua|insertafter|664|
1267|FrameXML|SpellBookFrame.lua|insertafter|664|	eqSortHolderText = EQSpellSort_Serialize();
1268|FrameXML|SpellBookFrame.lua|insertafter|664|	eqSortDataHolder:SetText(eqSortHolderText);
1269|FrameXML|SpellBookFrame.lua|insertafter|664|	EQSpellSort_OnLayoutPublished();
1270|FrameXML|SpellBookFrame.lua|insertafter|664|end
1271|FrameXML|SpellBookFrame.lua|insertafter|664|
1272|FrameXML|SpellBookFrame.lua|insertafter|664|-- Nothing to do here.  It exists so the saved variable addon can hook it and put the layout away as soon
1273|FrameXML|SpellBookFrame.lua|insertafter|664|-- as it changes, instead of banking on a logout that a class change or a dropped connection might not
1274|FrameXML|SpellBookFrame.lua|insertafter|664|-- get around to.
1275|FrameXML|SpellBookFrame.lua|insertafter|664|function EQSpellSort_OnLayoutPublished()
1276|FrameXML|SpellBookFrame.lua|insertafter|664|end
1277|FrameXML|SpellBookFrame.lua|insertafter|664|
1278|FrameXML|SpellBookFrame.lua|insertafter|664|function EQSpellSort_Serialize()
1279|FrameXML|SpellBookFrame.lua|insertafter|664|	local pieces = { "return {active=", format("%q", eqSortActiveKey), ",layouts={" };
1280|FrameXML|SpellBookFrame.lua|insertafter|664|	for key, data in pairs(eqSortLayouts) do
1281|FrameXML|SpellBookFrame.lua|insertafter|664|		tinsert(pieces, format("[%q]={enabled=", key));
1282|FrameXML|SpellBookFrame.lua|insertafter|664|		tinsert(pieces, (data.enabled and "true" or "false"));
1283|FrameXML|SpellBookFrame.lua|insertafter|664|		tinsert(pieces, ",tabs={");
1284|FrameXML|SpellBookFrame.lua|insertafter|664|		for _, tab in ipairs(data.tabs or {}) do
1285|FrameXML|SpellBookFrame.lua|insertafter|664|			tinsert(pieces, "{name=");
1286|FrameXML|SpellBookFrame.lua|insertafter|664|			tinsert(pieces, format("%q", tab.name or ""));
1287|FrameXML|SpellBookFrame.lua|insertafter|664|			tinsert(pieces, ",icon=");
1288|FrameXML|SpellBookFrame.lua|insertafter|664|			tinsert(pieces, format("%q", tab.icon or ""));
1289|FrameXML|SpellBookFrame.lua|insertafter|664|			tinsert(pieces, ",spells={");
1290|FrameXML|SpellBookFrame.lua|insertafter|664|			for slotIndex, spellID in pairs(tab.spells or {}) do
1291|FrameXML|SpellBookFrame.lua|insertafter|664|				tinsert(pieces, format("[%d]=%d,", slotIndex, spellID));
1292|FrameXML|SpellBookFrame.lua|insertafter|664|			end
1293|FrameXML|SpellBookFrame.lua|insertafter|664|			tinsert(pieces, "}},");
1294|FrameXML|SpellBookFrame.lua|insertafter|664|		end
1295|FrameXML|SpellBookFrame.lua|insertafter|664|		tinsert(pieces, "}},");
1296|FrameXML|SpellBookFrame.lua|insertafter|664|	end
1297|FrameXML|SpellBookFrame.lua|insertafter|664|	tinsert(pieces, "}}");
1298|FrameXML|SpellBookFrame.lua|insertafter|664|	return table.concat(pieces);
1299|FrameXML|SpellBookFrame.lua|insertafter|664|end
1300|FrameXML|SpellBookFrame.lua|insertafter|664|
1301|FrameXML|SpellBookFrame.lua|insertafter|664|function EQSpellSort_Deserialize(text)
1302|FrameXML|SpellBookFrame.lua|insertafter|664|	local layouts = {};
1303|FrameXML|SpellBookFrame.lua|insertafter|664|	local activeKey = EQ_SPELLSORT_DEFAULT_CLASS_KEY;
1304|FrameXML|SpellBookFrame.lua|insertafter|664|	local parsed = nil;
1305|FrameXML|SpellBookFrame.lua|insertafter|664|
1306|FrameXML|SpellBookFrame.lua|insertafter|664|	if ( text and text ~= "" ) then
1307|FrameXML|SpellBookFrame.lua|insertafter|664|		local loader = loadstring(text);
1308|FrameXML|SpellBookFrame.lua|insertafter|664|		if ( loader ) then
1309|FrameXML|SpellBookFrame.lua|insertafter|664|			setfenv(loader, {});
1310|FrameXML|SpellBookFrame.lua|insertafter|664|			local loaded, result = pcall(loader);
1311|FrameXML|SpellBookFrame.lua|insertafter|664|			if ( loaded and type(result) == "table" ) then
1312|FrameXML|SpellBookFrame.lua|insertafter|664|				parsed = result;
1313|FrameXML|SpellBookFrame.lua|insertafter|664|			end
1314|FrameXML|SpellBookFrame.lua|insertafter|664|		end
1315|FrameXML|SpellBookFrame.lua|insertafter|664|	end
1316|FrameXML|SpellBookFrame.lua|insertafter|664|
1317|FrameXML|SpellBookFrame.lua|insertafter|664|	if ( parsed and type(parsed.layouts) == "table" ) then
1318|FrameXML|SpellBookFrame.lua|insertafter|664|		for key, data in pairs(parsed.layouts) do
1319|FrameXML|SpellBookFrame.lua|insertafter|664|			if ( type(key) == "string" ) then
1320|FrameXML|SpellBookFrame.lua|insertafter|664|				layouts[key] = EQSpellSort_RebuildLayout(data);
1321|FrameXML|SpellBookFrame.lua|insertafter|664|			end
1322|FrameXML|SpellBookFrame.lua|insertafter|664|		end
1323|FrameXML|SpellBookFrame.lua|insertafter|664|		if ( type(parsed.active) == "string" and layouts[parsed.active] ) then
1324|FrameXML|SpellBookFrame.lua|insertafter|664|			activeKey = parsed.active;
1325|FrameXML|SpellBookFrame.lua|insertafter|664|		end
1326|FrameXML|SpellBookFrame.lua|insertafter|664|	elseif ( parsed and type(parsed.tabs) == "table" ) then
1327|FrameXML|SpellBookFrame.lua|insertafter|664|		-- Saved before the layout was kept per class, so it goes to whichever pairing turns up first
1328|FrameXML|SpellBookFrame.lua|insertafter|664|		layouts[EQ_SPELLSORT_DEFAULT_CLASS_KEY] = EQSpellSort_RebuildLayout(parsed);
1329|FrameXML|SpellBookFrame.lua|insertafter|664|	end
1330|FrameXML|SpellBookFrame.lua|insertafter|664|
1331|FrameXML|SpellBookFrame.lua|insertafter|664|	if ( not layouts[activeKey] ) then
1332|FrameXML|SpellBookFrame.lua|insertafter|664|		layouts[activeKey] = { enabled = false, tabs = {} };
1333|FrameXML|SpellBookFrame.lua|insertafter|664|	end
1334|FrameXML|SpellBookFrame.lua|insertafter|664|	return layouts, activeKey;
1335|FrameXML|SpellBookFrame.lua|insertafter|664|end
1336|FrameXML|SpellBookFrame.lua|insertafter|664|
1337|FrameXML|SpellBookFrame.lua|insertafter|664|-- The text is only ever written by EQSpellSort_Serialize, but it has been out to a saved variables file
1338|FrameXML|SpellBookFrame.lua|insertafter|664|-- and back, so a layout is rebuilt field by field rather than used as it arrives
1339|FrameXML|SpellBookFrame.lua|insertafter|664|function EQSpellSort_RebuildLayout(source)
1340|FrameXML|SpellBookFrame.lua|insertafter|664|	local data = { enabled = false, tabs = {} };
1341|FrameXML|SpellBookFrame.lua|insertafter|664|	if ( type(source) ~= "table" ) then
1342|FrameXML|SpellBookFrame.lua|insertafter|664|		return data;
1343|FrameXML|SpellBookFrame.lua|insertafter|664|	end
1344|FrameXML|SpellBookFrame.lua|insertafter|664|
1345|FrameXML|SpellBookFrame.lua|insertafter|664|	data.enabled = source.enabled and true or false;
1346|FrameXML|SpellBookFrame.lua|insertafter|664|	if ( type(source.tabs) ~= "table" ) then
1347|FrameXML|SpellBookFrame.lua|insertafter|664|		return data;
1348|FrameXML|SpellBookFrame.lua|insertafter|664|	end
1349|FrameXML|SpellBookFrame.lua|insertafter|664|	for _, tab in ipairs(source.tabs) do
1350|FrameXML|SpellBookFrame.lua|insertafter|664|		if ( type(tab) == "table" and type(tab.name) == "string" and tab.name ~= "" ) then
1351|FrameXML|SpellBookFrame.lua|insertafter|664|			local rebuilt = { name = tab.name, spells = {} };
1352|FrameXML|SpellBookFrame.lua|insertafter|664|			if ( type(tab.icon) == "string" and tab.icon ~= "" ) then
1353|FrameXML|SpellBookFrame.lua|insertafter|664|				rebuilt.icon = tab.icon;
1354|FrameXML|SpellBookFrame.lua|insertafter|664|			end
1355|FrameXML|SpellBookFrame.lua|insertafter|664|			if ( type(tab.spells) == "table" ) then
1356|FrameXML|SpellBookFrame.lua|insertafter|664|				for slotIndex, spellID in pairs(tab.spells) do
1357|FrameXML|SpellBookFrame.lua|insertafter|664|					if ( type(slotIndex) == "number" and type(spellID) == "number" ) then
1358|FrameXML|SpellBookFrame.lua|insertafter|664|						rebuilt.spells[slotIndex] = spellID;
1359|FrameXML|SpellBookFrame.lua|insertafter|664|					end
1360|FrameXML|SpellBookFrame.lua|insertafter|664|				end
1361|FrameXML|SpellBookFrame.lua|insertafter|664|			end
1362|FrameXML|SpellBookFrame.lua|insertafter|664|			tinsert(data.tabs, rebuilt);
1363|FrameXML|SpellBookFrame.lua|insertafter|664|			if ( #data.tabs >= EQ_SPELLSORT_MAX_TABS ) then
1364|FrameXML|SpellBookFrame.lua|insertafter|664|				break;
1365|FrameXML|SpellBookFrame.lua|insertafter|664|			end
1366|FrameXML|SpellBookFrame.lua|insertafter|664|		end
1367|FrameXML|SpellBookFrame.lua|insertafter|664|	end
1368|FrameXML|SpellBookFrame.lua|insertafter|664|	return data;
1369|FrameXML|SpellBookFrame.lua|insertafter|664|end
1370|FrameXML|SpellBookFrame.lua|insertafter|664|
1371|FrameXML|SpellBookFrame.lua|insertafter|664|function EQSpellSort_IsEnabled()
1372|FrameXML|SpellBookFrame.lua|insertafter|664|	return EQSpellSort_GetDB().enabled and true or false;
1373|FrameXML|SpellBookFrame.lua|insertafter|664|end
1374|FrameXML|SpellBookFrame.lua|insertafter|664|
1375|FrameXML|SpellBookFrame.lua|insertafter|664|-- True only while the Norrath tab is the one being looked at and manual sorting is turned on
1376|FrameXML|SpellBookFrame.lua|insertafter|664|function EQSpellSort_IsActive()
1377|FrameXML|SpellBookFrame.lua|insertafter|664|	return (SpellBookFrame.bookType == BOOKTYPE_CLASSES) and EQSpellSort_IsEnabled();
1378|FrameXML|SpellBookFrame.lua|insertafter|664|end
1379|FrameXML|SpellBookFrame.lua|insertafter|664|
1380|FrameXML|SpellBookFrame.lua|insertafter|664|function EQSpellSort_Invalidate()
1381|FrameXML|SpellBookFrame.lua|insertafter|664|	eqSortSlotByID = nil;
1382|FrameXML|SpellBookFrame.lua|insertafter|664|	eqSortKnownOrder = nil;
1383|FrameXML|SpellBookFrame.lua|insertafter|664|	eqSortUnsorted = nil;
1384|FrameXML|SpellBookFrame.lua|insertafter|664|	eqSortEntries = nil;
1385|FrameXML|SpellBookFrame.lua|insertafter|664|end
1386|FrameXML|SpellBookFrame.lua|insertafter|664|
1387|FrameXML|SpellBookFrame.lua|insertafter|664|-- Every EQ spell the player knows, mapped to the spellbook slot it currently sits in.  Placements are
1388|FrameXML|SpellBookFrame.lua|insertafter|664|-- saved by spell ID rather than by slot, because slots shift around whenever a spell is learned.
1389|FrameXML|SpellBookFrame.lua|insertafter|664|function EQSpellSort_GetSlotMap()
1390|FrameXML|SpellBookFrame.lua|insertafter|664|	if ( eqSortSlotByID ) then
1391|FrameXML|SpellBookFrame.lua|insertafter|664|		return eqSortSlotByID, eqSortKnownOrder;
1392|FrameXML|SpellBookFrame.lua|insertafter|664|	end
1393|FrameXML|SpellBookFrame.lua|insertafter|664|
1394|FrameXML|SpellBookFrame.lua|insertafter|664|	eqSortSlotByID = {};
1395|FrameXML|SpellBookFrame.lua|insertafter|664|	eqSortKnownOrder = {};
1396|FrameXML|SpellBookFrame.lua|insertafter|664|	for tabIndex = 1, GetNumSpellTabs() do
1397|FrameXML|SpellBookFrame.lua|insertafter|664|		local _, _, offset, numSpells = GetSpellTabInfo(tabIndex);
1398|FrameXML|SpellBookFrame.lua|insertafter|664|		if ( offset and numSpells ) then
1399|FrameXML|SpellBookFrame.lua|insertafter|664|			for slot = offset + 1, offset + numSpells do
1400|FrameXML|SpellBookFrame.lua|insertafter|664|				local spellID = SpellBook_SpellIdBySlot(slot);
1401|FrameXML|SpellBookFrame.lua|insertafter|664|				if ( spellID and EQ_SPELLS[spellID] and not eqSortSlotByID[spellID] ) then
1402|FrameXML|SpellBookFrame.lua|insertafter|664|					eqSortSlotByID[spellID] = slot;
1403|FrameXML|SpellBookFrame.lua|insertafter|664|					tinsert(eqSortKnownOrder, spellID);
1404|FrameXML|SpellBookFrame.lua|insertafter|664|				end
1405|FrameXML|SpellBookFrame.lua|insertafter|664|			end
1406|FrameXML|SpellBookFrame.lua|insertafter|664|		end
1407|FrameXML|SpellBookFrame.lua|insertafter|664|	end
1408|FrameXML|SpellBookFrame.lua|insertafter|664|	return eqSortSlotByID, eqSortKnownOrder;
1409|FrameXML|SpellBookFrame.lua|insertafter|664|end
1410|FrameXML|SpellBookFrame.lua|insertafter|664|
1411|FrameXML|SpellBookFrame.lua|insertafter|664|function EQSpellSort_GetUnsorted()
1412|FrameXML|SpellBookFrame.lua|insertafter|664|	if ( eqSortUnsorted ) then
1413|FrameXML|SpellBookFrame.lua|insertafter|664|		return eqSortUnsorted;
1414|FrameXML|SpellBookFrame.lua|insertafter|664|	end
1415|FrameXML|SpellBookFrame.lua|insertafter|664|
1416|FrameXML|SpellBookFrame.lua|insertafter|664|	local placed = {};
1417|FrameXML|SpellBookFrame.lua|insertafter|664|	local db = EQSpellSort_GetDB();
1418|FrameXML|SpellBookFrame.lua|insertafter|664|	for _, tab in ipairs(db.tabs) do
1419|FrameXML|SpellBookFrame.lua|insertafter|664|		if ( tab.spells ) then
1420|FrameXML|SpellBookFrame.lua|insertafter|664|			for _, placedID in pairs(tab.spells) do
1421|FrameXML|SpellBookFrame.lua|insertafter|664|				placed[placedID] = true;
1422|FrameXML|SpellBookFrame.lua|insertafter|664|			end
1423|FrameXML|SpellBookFrame.lua|insertafter|664|		end
1424|FrameXML|SpellBookFrame.lua|insertafter|664|	end
1425|FrameXML|SpellBookFrame.lua|insertafter|664|
1426|FrameXML|SpellBookFrame.lua|insertafter|664|	local _, knownOrder = EQSpellSort_GetSlotMap();
1427|FrameXML|SpellBookFrame.lua|insertafter|664|	eqSortUnsorted = {};
1428|FrameXML|SpellBookFrame.lua|insertafter|664|	for _, spellID in ipairs(knownOrder) do
1429|FrameXML|SpellBookFrame.lua|insertafter|664|		if ( not placed[spellID] ) then
1430|FrameXML|SpellBookFrame.lua|insertafter|664|			tinsert(eqSortUnsorted, spellID);
1431|FrameXML|SpellBookFrame.lua|insertafter|664|		end
1432|FrameXML|SpellBookFrame.lua|insertafter|664|	end
1433|FrameXML|SpellBookFrame.lua|insertafter|664|	return eqSortUnsorted;
1434|FrameXML|SpellBookFrame.lua|insertafter|664|end
1435|FrameXML|SpellBookFrame.lua|insertafter|664|
1436|FrameXML|SpellBookFrame.lua|insertafter|664|-- Unsorted only shows up when something is actually waiting in it, then the player tabs in the order
1437|FrameXML|SpellBookFrame.lua|insertafter|664|-- they were made, and New always sits at the bottom so a fresh tab takes the slot it was clicked on
1438|FrameXML|SpellBookFrame.lua|insertafter|664|function EQSpellSort_GetEntries()
1439|FrameXML|SpellBookFrame.lua|insertafter|664|	if ( eqSortEntries ) then
1440|FrameXML|SpellBookFrame.lua|insertafter|664|		return eqSortEntries;
1441|FrameXML|SpellBookFrame.lua|insertafter|664|	end
1442|FrameXML|SpellBookFrame.lua|insertafter|664|
1443|FrameXML|SpellBookFrame.lua|insertafter|664|	eqSortEntries = {};
1444|FrameXML|SpellBookFrame.lua|insertafter|664|	if ( #EQSpellSort_GetUnsorted() > 0 ) then
1445|FrameXML|SpellBookFrame.lua|insertafter|664|		tinsert(eqSortEntries, { kind = "unsorted" });
1446|FrameXML|SpellBookFrame.lua|insertafter|664|	end
1447|FrameXML|SpellBookFrame.lua|insertafter|664|	for tabIndex = 1, #EQSpellSort_GetDB().tabs do
1448|FrameXML|SpellBookFrame.lua|insertafter|664|		tinsert(eqSortEntries, { kind = "tab", index = tabIndex });
1449|FrameXML|SpellBookFrame.lua|insertafter|664|	end
1450|FrameXML|SpellBookFrame.lua|insertafter|664|	tinsert(eqSortEntries, { kind = "new" });
1451|FrameXML|SpellBookFrame.lua|insertafter|664|	return eqSortEntries;
1452|FrameXML|SpellBookFrame.lua|insertafter|664|end
1453|FrameXML|SpellBookFrame.lua|insertafter|664|
1454|FrameXML|SpellBookFrame.lua|insertafter|664|-- Returns the entry being shown plus its side tab number.  New is a button rather than a page, so a
1455|FrameXML|SpellBookFrame.lua|insertafter|664|-- selection pointing at it (or at a tab that went away) falls back to the first real page.
1456|FrameXML|SpellBookFrame.lua|insertafter|664|function EQSpellSort_GetSelectedEntry()
1457|FrameXML|SpellBookFrame.lua|insertafter|664|	local entries = EQSpellSort_GetEntries();
1458|FrameXML|SpellBookFrame.lua|insertafter|664|	local selectedIndex = SpellBookFrame.selectedSkillLine or 1;
1459|FrameXML|SpellBookFrame.lua|insertafter|664|	local selected = entries[selectedIndex];
1460|FrameXML|SpellBookFrame.lua|insertafter|664|	if ( selected and selected.kind ~= "new" ) then
1461|FrameXML|SpellBookFrame.lua|insertafter|664|		return selected, selectedIndex;
1462|FrameXML|SpellBookFrame.lua|insertafter|664|	end
1463|FrameXML|SpellBookFrame.lua|insertafter|664|
1464|FrameXML|SpellBookFrame.lua|insertafter|664|	for index, entry in ipairs(entries) do
1465|FrameXML|SpellBookFrame.lua|insertafter|664|		if ( entry.kind ~= "new" ) then
1466|FrameXML|SpellBookFrame.lua|insertafter|664|			return entry, index;
1467|FrameXML|SpellBookFrame.lua|insertafter|664|		end
1468|FrameXML|SpellBookFrame.lua|insertafter|664|	end
1469|FrameXML|SpellBookFrame.lua|insertafter|664|	return nil, selectedIndex;
1470|FrameXML|SpellBookFrame.lua|insertafter|664|end
1471|FrameXML|SpellBookFrame.lua|insertafter|664|
1472|FrameXML|SpellBookFrame.lua|insertafter|664|function EQSpellSort_GetTabForEntry(entry)
1473|FrameXML|SpellBookFrame.lua|insertafter|664|	if ( (not entry) or entry.kind ~= "tab" ) then
1474|FrameXML|SpellBookFrame.lua|insertafter|664|		return nil;
1475|FrameXML|SpellBookFrame.lua|insertafter|664|	end
1476|FrameXML|SpellBookFrame.lua|insertafter|664|	return EQSpellSort_GetDB().tabs[entry.index];
1477|FrameXML|SpellBookFrame.lua|insertafter|664|end
1478|FrameXML|SpellBookFrame.lua|insertafter|664|
1479|FrameXML|SpellBookFrame.lua|insertafter|664|-- Pages used by the current side tab, plus the empty one that is always kept past the end so there is
1480|FrameXML|SpellBookFrame.lua|insertafter|664|-- somewhere to drop a spell
1481|FrameXML|SpellBookFrame.lua|insertafter|664|function EQSpellSort_GetNumPages()
1482|FrameXML|SpellBookFrame.lua|insertafter|664|	local filteredSlotIndices = EQSpellSort_GetFilteredSlotIndices();
1483|FrameXML|SpellBookFrame.lua|insertafter|664|	if ( filteredSlotIndices ) then
1484|FrameXML|SpellBookFrame.lua|insertafter|664|		return max(ceil(#filteredSlotIndices / SPELLS_PER_PAGE), 1);
1485|FrameXML|SpellBookFrame.lua|insertafter|664|	end
1486|FrameXML|SpellBookFrame.lua|insertafter|664|
1487|FrameXML|SpellBookFrame.lua|insertafter|664|	local entry = EQSpellSort_GetSelectedEntry();
1488|FrameXML|SpellBookFrame.lua|insertafter|664|	local usedSlots = 0;
1489|FrameXML|SpellBookFrame.lua|insertafter|664|	if ( entry ) then
1490|FrameXML|SpellBookFrame.lua|insertafter|664|		if ( entry.kind == "unsorted" ) then
1491|FrameXML|SpellBookFrame.lua|insertafter|664|			usedSlots = #EQSpellSort_GetUnsorted();
1492|FrameXML|SpellBookFrame.lua|insertafter|664|		else
1493|FrameXML|SpellBookFrame.lua|insertafter|664|			local tab = EQSpellSort_GetTabForEntry(entry);
1494|FrameXML|SpellBookFrame.lua|insertafter|664|			if ( tab and tab.spells ) then
1495|FrameXML|SpellBookFrame.lua|insertafter|664|				for slotIndex in pairs(tab.spells) do
1496|FrameXML|SpellBookFrame.lua|insertafter|664|					if ( slotIndex > usedSlots ) then
1497|FrameXML|SpellBookFrame.lua|insertafter|664|						usedSlots = slotIndex;
1498|FrameXML|SpellBookFrame.lua|insertafter|664|					end
1499|FrameXML|SpellBookFrame.lua|insertafter|664|				end
1500|FrameXML|SpellBookFrame.lua|insertafter|664|			end
1501|FrameXML|SpellBookFrame.lua|insertafter|664|		end
1502|FrameXML|SpellBookFrame.lua|insertafter|664|	end
1503|FrameXML|SpellBookFrame.lua|insertafter|664|	return ceil(usedSlots / SPELLS_PER_PAGE) + 1;
1504|FrameXML|SpellBookFrame.lua|insertafter|664|end
1505|FrameXML|SpellBookFrame.lua|insertafter|664|
1506|FrameXML|SpellBookFrame.lua|insertafter|664|-- Slot numbers run across the whole tab, so page N holds slots (N-1)*SPELLS_PER_PAGE+1 and up
1507|FrameXML|SpellBookFrame.lua|insertafter|664|function EQSpellSort_GetButtonSlotIndex(buttonID)
1508|FrameXML|SpellBookFrame.lua|insertafter|664|	local _, entryIndex = EQSpellSort_GetSelectedEntry();
1509|FrameXML|SpellBookFrame.lua|insertafter|664|	local page = SPELLBOOK_PAGENUMBERS[entryIndex] or 1;
1510|FrameXML|SpellBookFrame.lua|insertafter|664|
1511|FrameXML|SpellBookFrame.lua|insertafter|664|	-- Page numbers are shared with the other books, so one left over from a book with more pages in it
1512|FrameXML|SpellBookFrame.lua|insertafter|664|	-- has to be pulled back into range before it is turned into a slot
1513|FrameXML|SpellBookFrame.lua|insertafter|664|	local numPages = EQSpellSort_GetNumPages();
1514|FrameXML|SpellBookFrame.lua|insertafter|664|	if ( page > numPages ) then
1515|FrameXML|SpellBookFrame.lua|insertafter|664|		page = numPages;
1516|FrameXML|SpellBookFrame.lua|insertafter|664|	end
1517|FrameXML|SpellBookFrame.lua|insertafter|664|	if ( page < 1 ) then
1518|FrameXML|SpellBookFrame.lua|insertafter|664|		page = 1;
1519|FrameXML|SpellBookFrame.lua|insertafter|664|	end
1520|FrameXML|SpellBookFrame.lua|insertafter|664|
1521|FrameXML|SpellBookFrame.lua|insertafter|664|	-- A filtered page stands for the matching spells only, so an empty button there is no slot at all
1522|FrameXML|SpellBookFrame.lua|insertafter|664|	local filteredSlotIndices = EQSpellSort_GetFilteredSlotIndices();
1523|FrameXML|SpellBookFrame.lua|insertafter|664|	if ( filteredSlotIndices ) then
1524|FrameXML|SpellBookFrame.lua|insertafter|664|		return filteredSlotIndices[(page - 1) * SPELLS_PER_PAGE + buttonID];
1525|FrameXML|SpellBookFrame.lua|insertafter|664|	end
1526|FrameXML|SpellBookFrame.lua|insertafter|664|	return (page - 1) * SPELLS_PER_PAGE + buttonID;
1527|FrameXML|SpellBookFrame.lua|insertafter|664|end
1528|FrameXML|SpellBookFrame.lua|insertafter|664|
1529|FrameXML|SpellBookFrame.lua|insertafter|664|-- While the search box has text in it, the page shows only the side tab's spells whose names match, packed
1530|FrameXML|SpellBookFrame.lua|insertafter|664|-- together in slot order.  Returns the slot numbers of those spells, or nil when nothing is being filtered.
1531|FrameXML|SpellBookFrame.lua|insertafter|664|function EQSpellSort_GetFilteredSlotIndices()
1532|FrameXML|SpellBookFrame.lua|insertafter|664|	if ( not EQSpellFilter_GetText() ) then
1533|FrameXML|SpellBookFrame.lua|insertafter|664|		return nil;
1534|FrameXML|SpellBookFrame.lua|insertafter|664|	end
1535|FrameXML|SpellBookFrame.lua|insertafter|664|
1536|FrameXML|SpellBookFrame.lua|insertafter|664|	local slotIndices = {};
1537|FrameXML|SpellBookFrame.lua|insertafter|664|	local entry = EQSpellSort_GetSelectedEntry();
1538|FrameXML|SpellBookFrame.lua|insertafter|664|	local spellIDsBySlotIndex = nil;
1539|FrameXML|SpellBookFrame.lua|insertafter|664|	if ( entry and entry.kind == "unsorted" ) then
1540|FrameXML|SpellBookFrame.lua|insertafter|664|		spellIDsBySlotIndex = EQSpellSort_GetUnsorted();
1541|FrameXML|SpellBookFrame.lua|insertafter|664|	else
1542|FrameXML|SpellBookFrame.lua|insertafter|664|		local tab = EQSpellSort_GetTabForEntry(entry);
1543|FrameXML|SpellBookFrame.lua|insertafter|664|		spellIDsBySlotIndex = tab and tab.spells;
1544|FrameXML|SpellBookFrame.lua|insertafter|664|	end
1545|FrameXML|SpellBookFrame.lua|insertafter|664|	if ( spellIDsBySlotIndex ) then
1546|FrameXML|SpellBookFrame.lua|insertafter|664|		local slotByID = EQSpellSort_GetSlotMap();
1547|FrameXML|SpellBookFrame.lua|insertafter|664|		for slotIndex, spellID in pairs(spellIDsBySlotIndex) do
1548|FrameXML|SpellBookFrame.lua|insertafter|664|			if ( EQSpellFilter_SlotMatches(slotByID[spellID]) ) then
1549|FrameXML|SpellBookFrame.lua|insertafter|664|				tinsert(slotIndices, slotIndex);
1550|FrameXML|SpellBookFrame.lua|insertafter|664|			end
1551|FrameXML|SpellBookFrame.lua|insertafter|664|		end
1552|FrameXML|SpellBookFrame.lua|insertafter|664|		table.sort(slotIndices);
1553|FrameXML|SpellBookFrame.lua|insertafter|664|	end
1554|FrameXML|SpellBookFrame.lua|insertafter|664|	return slotIndices;
1555|FrameXML|SpellBookFrame.lua|insertafter|664|end
1556|FrameXML|SpellBookFrame.lua|insertafter|664|
1557|FrameXML|SpellBookFrame.lua|insertafter|664|function EQSpellSort_GetButtonSpellID(buttonID)
1558|FrameXML|SpellBookFrame.lua|insertafter|664|	local entry = EQSpellSort_GetSelectedEntry();
1559|FrameXML|SpellBookFrame.lua|insertafter|664|	if ( not entry ) then
1560|FrameXML|SpellBookFrame.lua|insertafter|664|		return nil;
1561|FrameXML|SpellBookFrame.lua|insertafter|664|	end
1562|FrameXML|SpellBookFrame.lua|insertafter|664|
1563|FrameXML|SpellBookFrame.lua|insertafter|664|	local slotIndex = EQSpellSort_GetButtonSlotIndex(buttonID);
1564|FrameXML|SpellBookFrame.lua|insertafter|664|	if ( entry.kind == "unsorted" ) then
1565|FrameXML|SpellBookFrame.lua|insertafter|664|		return EQSpellSort_GetUnsorted()[slotIndex];
1566|FrameXML|SpellBookFrame.lua|insertafter|664|	end
1567|FrameXML|SpellBookFrame.lua|insertafter|664|
1568|FrameXML|SpellBookFrame.lua|insertafter|664|	local tab = EQSpellSort_GetTabForEntry(entry);
1569|FrameXML|SpellBookFrame.lua|insertafter|664|	if ( tab and tab.spells ) then
1570|FrameXML|SpellBookFrame.lua|insertafter|664|		return tab.spells[slotIndex];
1571|FrameXML|SpellBookFrame.lua|insertafter|664|	end
1572|FrameXML|SpellBookFrame.lua|insertafter|664|	return nil;
1573|FrameXML|SpellBookFrame.lua|insertafter|664|end
1574|FrameXML|SpellBookFrame.lua|insertafter|664|
1575|FrameXML|SpellBookFrame.lua|insertafter|664|-- The spellbook slot behind a button, or nil when the slot is empty or holds a spell that is not known
1576|FrameXML|SpellBookFrame.lua|insertafter|664|-- right now (an unlearned spell keeps its place so it comes back where it was)
1577|FrameXML|SpellBookFrame.lua|insertafter|664|function EQSpellSort_GetButtonSlot(buttonID)
1578|FrameXML|SpellBookFrame.lua|insertafter|664|	local spellID = EQSpellSort_GetButtonSpellID(buttonID);
1579|FrameXML|SpellBookFrame.lua|insertafter|664|	if ( not spellID ) then
1580|FrameXML|SpellBookFrame.lua|insertafter|664|		return nil, nil;
1581|FrameXML|SpellBookFrame.lua|insertafter|664|	end
1582|FrameXML|SpellBookFrame.lua|insertafter|664|	local slotByID = EQSpellSort_GetSlotMap();
1583|FrameXML|SpellBookFrame.lua|insertafter|664|	return slotByID[spellID], spellID;
1584|FrameXML|SpellBookFrame.lua|insertafter|664|end
1585|FrameXML|SpellBookFrame.lua|insertafter|664|
1586|FrameXML|SpellBookFrame.lua|insertafter|664|function EQSpellSort_FindPlacement(spellID)
1587|FrameXML|SpellBookFrame.lua|insertafter|664|	local db = EQSpellSort_GetDB();
1588|FrameXML|SpellBookFrame.lua|insertafter|664|	for tabIndex, tab in ipairs(db.tabs) do
1589|FrameXML|SpellBookFrame.lua|insertafter|664|		if ( tab.spells ) then
1590|FrameXML|SpellBookFrame.lua|insertafter|664|			for slotIndex, placedID in pairs(tab.spells) do
1591|FrameXML|SpellBookFrame.lua|insertafter|664|				if ( placedID == spellID ) then
1592|FrameXML|SpellBookFrame.lua|insertafter|664|					return tabIndex, slotIndex;
1593|FrameXML|SpellBookFrame.lua|insertafter|664|				end
1594|FrameXML|SpellBookFrame.lua|insertafter|664|			end
1595|FrameXML|SpellBookFrame.lua|insertafter|664|		end
1596|FrameXML|SpellBookFrame.lua|insertafter|664|	end
1597|FrameXML|SpellBookFrame.lua|insertafter|664|	return nil, nil;
1598|FrameXML|SpellBookFrame.lua|insertafter|664|end
1599|FrameXML|SpellBookFrame.lua|insertafter|664|
1600|FrameXML|SpellBookFrame.lua|insertafter|664|function EQSpellSort_ClearPlacement(spellID)
1601|FrameXML|SpellBookFrame.lua|insertafter|664|	local tabIndex, slotIndex = EQSpellSort_FindPlacement(spellID);
1602|FrameXML|SpellBookFrame.lua|insertafter|664|	if ( tabIndex ) then
1603|FrameXML|SpellBookFrame.lua|insertafter|664|		EQSpellSort_GetDB().tabs[tabIndex].spells[slotIndex] = nil;
1604|FrameXML|SpellBookFrame.lua|insertafter|664|	end
1605|FrameXML|SpellBookFrame.lua|insertafter|664|end
1606|FrameXML|SpellBookFrame.lua|insertafter|664|
1607|FrameXML|SpellBookFrame.lua|insertafter|664|function EQSpellSort_PlaceInFirstFreeSlot(tab, spellID)
1608|FrameXML|SpellBookFrame.lua|insertafter|664|	tab.spells = tab.spells or {};
1609|FrameXML|SpellBookFrame.lua|insertafter|664|	local slotIndex = 1;
1610|FrameXML|SpellBookFrame.lua|insertafter|664|	while ( tab.spells[slotIndex] ) do
1611|FrameXML|SpellBookFrame.lua|insertafter|664|		slotIndex = slotIndex + 1;
1612|FrameXML|SpellBookFrame.lua|insertafter|664|	end
1613|FrameXML|SpellBookFrame.lua|insertafter|664|	tab.spells[slotIndex] = spellID;
1614|FrameXML|SpellBookFrame.lua|insertafter|664|end
1615|FrameXML|SpellBookFrame.lua|insertafter|664|
1616|FrameXML|SpellBookFrame.lua|insertafter|664|function EQSpellSort_Refresh()
1617|FrameXML|SpellBookFrame.lua|insertafter|664|	EQSpellSort_Publish();
1618|FrameXML|SpellBookFrame.lua|insertafter|664|	if ( not SpellBookFrame:IsShown() ) then
1619|FrameXML|SpellBookFrame.lua|insertafter|664|		return;
1620|FrameXML|SpellBookFrame.lua|insertafter|664|	end
1621|FrameXML|SpellBookFrame.lua|insertafter|664|
1622|FrameXML|SpellBookFrame.lua|insertafter|664|	SpellBookFrame_Update();
1623|FrameXML|SpellBookFrame.lua|insertafter|664|	SpellBook_UpdatePageArrows();
1624|FrameXML|SpellBookFrame.lua|insertafter|664|	SpellBookPageText:SetFormattedText(PAGE_NUMBER, SpellBook_GetCurrentPage());
1625|FrameXML|SpellBookFrame.lua|insertafter|664|	for buttonIndex = 1, SPELLS_PER_PAGE do
1626|FrameXML|SpellBookFrame.lua|insertafter|664|		SpellButton_UpdateButton(_G["SpellButton"..buttonIndex]);
1627|FrameXML|SpellBookFrame.lua|insertafter|664|	end
1628|FrameXML|SpellBookFrame.lua|insertafter|664|end
1629|FrameXML|SpellBookFrame.lua|insertafter|664|
1630|FrameXML|SpellBookFrame.lua|insertafter|664|function EQSpellSort_UpdateOptionButtons()
1631|FrameXML|SpellBookFrame.lua|insertafter|664|	if ( SpellBookFrame.bookType == BOOKTYPE_CLASSES ) then
1632|FrameXML|SpellBookFrame.lua|insertafter|664|		ManualSortCheckBox:SetChecked(EQSpellSort_IsEnabled());
1633|FrameXML|SpellBookFrame.lua|insertafter|664|		ManualSortCheckBox:Show();
1634|FrameXML|SpellBookFrame.lua|insertafter|664|	else
1635|FrameXML|SpellBookFrame.lua|insertafter|664|		ManualSortCheckBox:Hide();
1636|FrameXML|SpellBookFrame.lua|insertafter|664|	end
1637|FrameXML|SpellBookFrame.lua|insertafter|664|
1638|FrameXML|SpellBookFrame.lua|insertafter|664|	-- Unsorted keeps its own order and has no gaps to close, so the button only turns up on a tab the
1639|FrameXML|SpellBookFrame.lua|insertafter|664|	-- player made
1640|FrameXML|SpellBookFrame.lua|insertafter|664|	local showAutoSort = EQSpellSort_IsActive() and EQSpellSort_CanAutoSort();
1641|FrameXML|SpellBookFrame.lua|insertafter|664|	if ( showAutoSort ) then
1642|FrameXML|SpellBookFrame.lua|insertafter|664|		AutoSortButton:Show();
1643|FrameXML|SpellBookFrame.lua|insertafter|664|	else
1644|FrameXML|SpellBookFrame.lua|insertafter|664|		AutoSortButton:Hide();
1645|FrameXML|SpellBookFrame.lua|insertafter|664|	end
1646|FrameXML|SpellBookFrame.lua|insertafter|664|
1647|FrameXML|SpellBookFrame.lua|insertafter|664|	-- The search box shares the row with the Sort button, so it narrows while Sort is up
1648|FrameXML|SpellBookFrame.lua|insertafter|664|	if ( SpellBookFrame.bookType == BOOKTYPE_CLASSES ) then
1649|FrameXML|SpellBookFrame.lua|insertafter|664|		if ( showAutoSort ) then
1650|FrameXML|SpellBookFrame.lua|insertafter|664|			EQSpellSearchBox:SetWidth(EQ_SPELLSEARCH_BOX_WIDTH_WITH_SORT);
1651|FrameXML|SpellBookFrame.lua|insertafter|664|		else
1652|FrameXML|SpellBookFrame.lua|insertafter|664|			EQSpellSearchBox:SetWidth(EQ_SPELLSEARCH_BOX_WIDTH);
1653|FrameXML|SpellBookFrame.lua|insertafter|664|		end
1654|FrameXML|SpellBookFrame.lua|insertafter|664|		EQSpellSearchBox:Show();
1655|FrameXML|SpellBookFrame.lua|insertafter|664|	else
1656|FrameXML|SpellBookFrame.lua|insertafter|664|		EQSpellSearchBox:ClearFocus();
1657|FrameXML|SpellBookFrame.lua|insertafter|664|		EQSpellSearchBox:Hide();
1658|FrameXML|SpellBookFrame.lua|insertafter|664|	end
1659|FrameXML|SpellBookFrame.lua|insertafter|664|end
1660|FrameXML|SpellBookFrame.lua|insertafter|664|
1661|FrameXML|SpellBookFrame.lua|insertafter|664|--
1662|FrameXML|SpellBookFrame.lua|insertafter|664|-- The search box on the Norrath page, which narrows the current side tab down to the spells whose names
1663|FrameXML|SpellBookFrame.lua|insertafter|664|-- hold the typed text (case ignored)
1664|FrameXML|SpellBookFrame.lua|insertafter|664|--
1665|FrameXML|SpellBookFrame.lua|insertafter|664|
1666|FrameXML|SpellBookFrame.lua|insertafter|664|EQ_SPELLSEARCH_BOX_WIDTH = 118;
1667|FrameXML|SpellBookFrame.lua|insertafter|664|EQ_SPELLSEARCH_BOX_WIDTH_WITH_SORT = 62;
1668|FrameXML|SpellBookFrame.lua|insertafter|664|EQ_SPELLSEARCH_HINT = "Search";
1669|FrameXML|SpellBookFrame.lua|insertafter|664|
1670|FrameXML|SpellBookFrame.lua|insertafter|664|-- The lower cased search text, or nil when nothing is being filtered.  Only the Norrath page filters.
1671|FrameXML|SpellBookFrame.lua|insertafter|664|function EQSpellFilter_GetText()
1672|FrameXML|SpellBookFrame.lua|insertafter|664|	if ( SpellBookFrame.bookType ~= BOOKTYPE_CLASSES ) then
1673|FrameXML|SpellBookFrame.lua|insertafter|664|		return nil;
1674|FrameXML|SpellBookFrame.lua|insertafter|664|	end
1675|FrameXML|SpellBookFrame.lua|insertafter|664|	local filterText = SpellBookFrame.eqSearchText;
1676|FrameXML|SpellBookFrame.lua|insertafter|664|	if ( filterText and filterText ~= "" ) then
1677|FrameXML|SpellBookFrame.lua|insertafter|664|		return filterText;
1678|FrameXML|SpellBookFrame.lua|insertafter|664|	end
1679|FrameXML|SpellBookFrame.lua|insertafter|664|	return nil;
1680|FrameXML|SpellBookFrame.lua|insertafter|664|end
1681|FrameXML|SpellBookFrame.lua|insertafter|664|
1682|FrameXML|SpellBookFrame.lua|insertafter|664|function EQSpellFilter_SlotMatches(slot)
1683|FrameXML|SpellBookFrame.lua|insertafter|664|	local filterText = EQSpellFilter_GetText();
1684|FrameXML|SpellBookFrame.lua|insertafter|664|	if ( not filterText ) then
1685|FrameXML|SpellBookFrame.lua|insertafter|664|		return true;
1686|FrameXML|SpellBookFrame.lua|insertafter|664|	end
1687|FrameXML|SpellBookFrame.lua|insertafter|664|	local spellName = slot and GetSpellName(slot, BOOKTYPE_SPELL);
1688|FrameXML|SpellBookFrame.lua|insertafter|664|	if ( not spellName ) then
1689|FrameXML|SpellBookFrame.lua|insertafter|664|		return false;
1690|FrameXML|SpellBookFrame.lua|insertafter|664|	end
1691|FrameXML|SpellBookFrame.lua|insertafter|664|	return strfind(strlower(spellName), filterText, 1, true) ~= nil;
1692|FrameXML|SpellBookFrame.lua|insertafter|664|end
1693|FrameXML|SpellBookFrame.lua|insertafter|664|
1694|FrameXML|SpellBookFrame.lua|insertafter|664|function EQSpellSearchBox_UpdateHint(self)
1695|FrameXML|SpellBookFrame.lua|insertafter|664|	if ( self:HasFocus() or (self:GetText() ~= "") ) then
1696|FrameXML|SpellBookFrame.lua|insertafter|664|		EQSpellSearchBoxHint:Hide();
1697|FrameXML|SpellBookFrame.lua|insertafter|664|	else
1698|FrameXML|SpellBookFrame.lua|insertafter|664|		EQSpellSearchBoxHint:Show();
1699|FrameXML|SpellBookFrame.lua|insertafter|664|	end
1700|FrameXML|SpellBookFrame.lua|insertafter|664|end
1701|FrameXML|SpellBookFrame.lua|insertafter|664|
1702|FrameXML|SpellBookFrame.lua|insertafter|664|function EQSpellSearchBox_OnTextChanged(self)
1703|FrameXML|SpellBookFrame.lua|insertafter|664|	EQSpellSearchBox_UpdateHint(self);
1704|FrameXML|SpellBookFrame.lua|insertafter|664|	local filterText = strlower(self:GetText() or "");
1705|FrameXML|SpellBookFrame.lua|insertafter|664|	if ( filterText == (SpellBookFrame.eqSearchText or "") ) then
1706|FrameXML|SpellBookFrame.lua|insertafter|664|		return;
1707|FrameXML|SpellBookFrame.lua|insertafter|664|	end
1708|FrameXML|SpellBookFrame.lua|insertafter|664|	SpellBookFrame.eqSearchText = filterText;
1709|FrameXML|SpellBookFrame.lua|insertafter|664|
1710|FrameXML|SpellBookFrame.lua|insertafter|664|	-- A new search starts back at the first page of every tab, since a tab that glows for a match is clicked into next and
1711|FrameXML|SpellBookFrame.lua|insertafter|664|	-- nothing puts its page back in range on the way in
1712|FrameXML|SpellBookFrame.lua|insertafter|664|	for tabIndex = 1, MAX_SKILLLINE_TABS do
1713|FrameXML|SpellBookFrame.lua|insertafter|664|		SPELLBOOK_PAGENUMBERS[tabIndex] = 1;
1714|FrameXML|SpellBookFrame.lua|insertafter|664|	end
1715|FrameXML|SpellBookFrame.lua|insertafter|664|	SPELLBOOK_PAGENUMBERS[SpellBookFrame.selectedSkillLine] = 1;
1716|FrameXML|SpellBookFrame.lua|insertafter|664|	if ( (not SpellBookFrame:IsShown()) or SpellBookFrame.bookType ~= BOOKTYPE_CLASSES ) then
1717|FrameXML|SpellBookFrame.lua|insertafter|664|		return;
1718|FrameXML|SpellBookFrame.lua|insertafter|664|	end
1719|FrameXML|SpellBookFrame.lua|insertafter|664|	SpellBookFrame_UpdatePages();
1720|FrameXML|SpellBookFrame.lua|insertafter|664|	SpellBook_UpdatePageArrows();
1721|FrameXML|SpellBookFrame.lua|insertafter|664|	SpellBookPageText:SetFormattedText(PAGE_NUMBER, SpellBook_GetCurrentPage());
1722|FrameXML|SpellBookFrame.lua|insertafter|664|	for buttonIndex = 1, SPELLS_PER_PAGE do
1723|FrameXML|SpellBookFrame.lua|insertafter|664|		SpellButton_UpdateButton(_G["SpellButton"..buttonIndex]);
1724|FrameXML|SpellBookFrame.lua|insertafter|664|	end
1725|FrameXML|SpellBookFrame.lua|insertafter|664|	EQSpellFilter_UpdateTabGlows();
1726|FrameXML|SpellBookFrame.lua|insertafter|664|end
1727|FrameXML|SpellBookFrame.lua|insertafter|664|
1728|FrameXML|SpellBookFrame.lua|insertafter|664|-- True when any of the given spell IDs is known and its name matches the search
1729|FrameXML|SpellBookFrame.lua|insertafter|664|local function EQSpellFilter_AnySpellMatches(spellIDs, slotByID)
1730|FrameXML|SpellBookFrame.lua|insertafter|664|	if ( not spellIDs ) then
1731|FrameXML|SpellBookFrame.lua|insertafter|664|		return false;
1732|FrameXML|SpellBookFrame.lua|insertafter|664|	end
1733|FrameXML|SpellBookFrame.lua|insertafter|664|	for _, spellID in pairs(spellIDs) do
1734|FrameXML|SpellBookFrame.lua|insertafter|664|		if ( EQSpellFilter_SlotMatches(slotByID[spellID]) ) then
1735|FrameXML|SpellBookFrame.lua|insertafter|664|			return true;
1736|FrameXML|SpellBookFrame.lua|insertafter|664|		end
1737|FrameXML|SpellBookFrame.lua|insertafter|664|	end
1738|FrameXML|SpellBookFrame.lua|insertafter|664|	return false;
1739|FrameXML|SpellBookFrame.lua|insertafter|664|end
1740|FrameXML|SpellBookFrame.lua|insertafter|664|
1741|FrameXML|SpellBookFrame.lua|insertafter|664|-- While searching, every side tab holding at least one matching spell glows
1742|FrameXML|SpellBookFrame.lua|insertafter|664|function EQSpellFilter_UpdateTabGlows()
1743|FrameXML|SpellBookFrame.lua|insertafter|664|	local filterText = EQSpellFilter_GetText();
1744|FrameXML|SpellBookFrame.lua|insertafter|664|	local matchedSkillLines = nil;
1745|FrameXML|SpellBookFrame.lua|insertafter|664|	local slotByID = nil;
1746|FrameXML|SpellBookFrame.lua|insertafter|664|	if ( filterText ) then
1747|FrameXML|SpellBookFrame.lua|insertafter|664|		if ( EQSpellSort_IsActive() ) then
1748|FrameXML|SpellBookFrame.lua|insertafter|664|			slotByID = EQSpellSort_GetSlotMap();
1749|FrameXML|SpellBookFrame.lua|insertafter|664|		else
1750|FrameXML|SpellBookFrame.lua|insertafter|664|			-- One pass over the book, over the same slots SpellBook_GetTabInfo counts for the EQ skill lines
1751|FrameXML|SpellBookFrame.lua|insertafter|664|			matchedSkillLines = {};
1752|FrameXML|SpellBookFrame.lua|insertafter|664|			local _, _, _, numSpells = SpellBook_GetSpellTabInfo(1);
1753|FrameXML|SpellBookFrame.lua|insertafter|664|			for slot = 1, (numSpells or 0) do
1754|FrameXML|SpellBookFrame.lua|insertafter|664|				local skillLineID = EQ_SPELLS[SpellBook_SpellIdBySlot(slot)];
1755|FrameXML|SpellBookFrame.lua|insertafter|664|				if ( skillLineID and (not matchedSkillLines[skillLineID]) and EQSpellFilter_SlotMatches(slot) ) then
1756|FrameXML|SpellBookFrame.lua|insertafter|664|					matchedSkillLines[skillLineID] = true;
1757|FrameXML|SpellBookFrame.lua|insertafter|664|				end
1758|FrameXML|SpellBookFrame.lua|insertafter|664|			end
1759|FrameXML|SpellBookFrame.lua|insertafter|664|		end
1760|FrameXML|SpellBookFrame.lua|insertafter|664|	end
1761|FrameXML|SpellBookFrame.lua|insertafter|664|
1762|FrameXML|SpellBookFrame.lua|insertafter|664|	for tabButtonIndex = 1, MAX_SKILLLINE_TABS do
1763|FrameXML|SpellBookFrame.lua|insertafter|664|		local skillLineTab = _G["SpellBookSkillLineTab"..tabButtonIndex];
1764|FrameXML|SpellBookFrame.lua|insertafter|664|		local hasMatch = false;
1765|FrameXML|SpellBookFrame.lua|insertafter|664|		if ( filterText and skillLineTab:IsShown() ) then
1766|FrameXML|SpellBookFrame.lua|insertafter|664|			if ( slotByID ) then
1767|FrameXML|SpellBookFrame.lua|insertafter|664|				local entry = skillLineTab.eqSortEntry;
1768|FrameXML|SpellBookFrame.lua|insertafter|664|				if ( entry and entry.kind == "unsorted" ) then
1769|FrameXML|SpellBookFrame.lua|insertafter|664|					hasMatch = EQSpellFilter_AnySpellMatches(EQSpellSort_GetUnsorted(), slotByID);
1770|FrameXML|SpellBookFrame.lua|insertafter|664|				elseif ( entry and entry.kind == "tab" ) then
1771|FrameXML|SpellBookFrame.lua|insertafter|664|					local tab = EQSpellSort_GetTabForEntry(entry);
1772|FrameXML|SpellBookFrame.lua|insertafter|664|					hasMatch = EQSpellFilter_AnySpellMatches(tab and tab.spells, slotByID);
1773|FrameXML|SpellBookFrame.lua|insertafter|664|				end
1774|FrameXML|SpellBookFrame.lua|insertafter|664|			else
1775|FrameXML|SpellBookFrame.lua|insertafter|664|				local skillLineInfo = SpellBookFrame.eqTabs and SpellBookFrame.eqTabs[tabButtonIndex];
1776|FrameXML|SpellBookFrame.lua|insertafter|664|				hasMatch = (skillLineInfo ~= nil) and (matchedSkillLines[skillLineInfo.id] == true);
1777|FrameXML|SpellBookFrame.lua|insertafter|664|			end
1778|FrameXML|SpellBookFrame.lua|insertafter|664|		end
1779|FrameXML|SpellBookFrame.lua|insertafter|664|		if ( hasMatch ) then
1780|FrameXML|SpellBookFrame.lua|insertafter|664|			_G["SpellBookSkillLineTab"..tabButtonIndex.."SearchGlow"]:Show();
1781|FrameXML|SpellBookFrame.lua|insertafter|664|		else
1782|FrameXML|SpellBookFrame.lua|insertafter|664|			_G["SpellBookSkillLineTab"..tabButtonIndex.."SearchGlow"]:Hide();
1783|FrameXML|SpellBookFrame.lua|insertafter|664|		end
1784|FrameXML|SpellBookFrame.lua|insertafter|664|	end
1785|FrameXML|SpellBookFrame.lua|insertafter|664|end
1786|FrameXML|SpellBookFrame.lua|insertafter|664|
1787|FrameXML|SpellBookFrame.lua|insertafter|664|function EQSpellSort_CanAutoSort()
1788|FrameXML|SpellBookFrame.lua|insertafter|664|	local entry = EQSpellSort_GetSelectedEntry();
1789|FrameXML|SpellBookFrame.lua|insertafter|664|	return (entry ~= nil) and (entry.kind == "tab");
1790|FrameXML|SpellBookFrame.lua|insertafter|664|end
1791|FrameXML|SpellBookFrame.lua|insertafter|664|
1792|FrameXML|SpellBookFrame.lua|insertafter|664|function AutoSortButton_OnClick(self)
1793|FrameXML|SpellBookFrame.lua|insertafter|664|	local entry = EQSpellSort_GetSelectedEntry();
1794|FrameXML|SpellBookFrame.lua|insertafter|664|	local tab = EQSpellSort_GetTabForEntry(entry);
1795|FrameXML|SpellBookFrame.lua|insertafter|664|	if ( not tab ) then
1796|FrameXML|SpellBookFrame.lua|insertafter|664|		return;
1797|FrameXML|SpellBookFrame.lua|insertafter|664|	end
1798|FrameXML|SpellBookFrame.lua|insertafter|664|	PlaySound("igMainMenuOption");
1799|FrameXML|SpellBookFrame.lua|insertafter|664|	StaticPopup_Show("EQ_SPELLBOOK_AUTOSORT_TAB", tab.name, nil, entry.index);
1800|FrameXML|SpellBookFrame.lua|insertafter|664|end
1801|FrameXML|SpellBookFrame.lua|insertafter|664|
1802|FrameXML|SpellBookFrame.lua|insertafter|664|-- Alphabetical, and a spell that is not known right now has no name to sort by so it settles at the end
1803|FrameXML|SpellBookFrame.lua|insertafter|664|-- rather than losing its place in the tab
1804|FrameXML|SpellBookFrame.lua|insertafter|664|function EQSpellSort_CompareForAutoSort(left, right)
1805|FrameXML|SpellBookFrame.lua|insertafter|664|	if ( left.name and right.name ) then
1806|FrameXML|SpellBookFrame.lua|insertafter|664|		if ( left.name ~= right.name ) then
1807|FrameXML|SpellBookFrame.lua|insertafter|664|			return left.name < right.name;
1808|FrameXML|SpellBookFrame.lua|insertafter|664|		end
1809|FrameXML|SpellBookFrame.lua|insertafter|664|		return left.spellID < right.spellID;
1810|FrameXML|SpellBookFrame.lua|insertafter|664|	end
1811|FrameXML|SpellBookFrame.lua|insertafter|664|	if ( left.name ) then
1812|FrameXML|SpellBookFrame.lua|insertafter|664|		return true;
1813|FrameXML|SpellBookFrame.lua|insertafter|664|	end
1814|FrameXML|SpellBookFrame.lua|insertafter|664|	if ( right.name ) then
1815|FrameXML|SpellBookFrame.lua|insertafter|664|		return false;
1816|FrameXML|SpellBookFrame.lua|insertafter|664|	end
1817|FrameXML|SpellBookFrame.lua|insertafter|664|	return left.spellID < right.spellID;
1818|FrameXML|SpellBookFrame.lua|insertafter|664|end
1819|FrameXML|SpellBookFrame.lua|insertafter|664|
1820|FrameXML|SpellBookFrame.lua|insertafter|664|function EQSpellSort_AutoSortTab(tabIndex)
1821|FrameXML|SpellBookFrame.lua|insertafter|664|	local tab = EQSpellSort_GetDB().tabs[tabIndex];
1822|FrameXML|SpellBookFrame.lua|insertafter|664|	if ( (not tab) or (not tab.spells) ) then
1823|FrameXML|SpellBookFrame.lua|insertafter|664|		return;
1824|FrameXML|SpellBookFrame.lua|insertafter|664|	end
1825|FrameXML|SpellBookFrame.lua|insertafter|664|
1826|FrameXML|SpellBookFrame.lua|insertafter|664|	local slotByID = EQSpellSort_GetSlotMap();
1827|FrameXML|SpellBookFrame.lua|insertafter|664|	local ordered = {};
1828|FrameXML|SpellBookFrame.lua|insertafter|664|	for _, spellID in pairs(tab.spells) do
1829|FrameXML|SpellBookFrame.lua|insertafter|664|		local slot = slotByID[spellID];
1830|FrameXML|SpellBookFrame.lua|insertafter|664|		local spellName = slot and GetSpellName(slot, BOOKTYPE_SPELL) or nil;
1831|FrameXML|SpellBookFrame.lua|insertafter|664|		tinsert(ordered, { spellID = spellID, name = spellName and strupper(spellName) or nil });
1832|FrameXML|SpellBookFrame.lua|insertafter|664|	end
1833|FrameXML|SpellBookFrame.lua|insertafter|664|	table.sort(ordered, EQSpellSort_CompareForAutoSort);
1834|FrameXML|SpellBookFrame.lua|insertafter|664|
1835|FrameXML|SpellBookFrame.lua|insertafter|664|	-- Laying them back down from slot 1 with no gaps is what compacts the tab
1836|FrameXML|SpellBookFrame.lua|insertafter|664|	tab.spells = {};
1837|FrameXML|SpellBookFrame.lua|insertafter|664|	for slotIndex, entry in ipairs(ordered) do
1838|FrameXML|SpellBookFrame.lua|insertafter|664|		tab.spells[slotIndex] = entry.spellID;
1839|FrameXML|SpellBookFrame.lua|insertafter|664|	end
1840|FrameXML|SpellBookFrame.lua|insertafter|664|
1841|FrameXML|SpellBookFrame.lua|insertafter|664|	SPELLBOOK_PAGENUMBERS[SpellBookFrame.selectedSkillLine] = 1;
1842|FrameXML|SpellBookFrame.lua|insertafter|664|	EQSpellSort_Refresh();
1843|FrameXML|SpellBookFrame.lua|insertafter|664|end
1844|FrameXML|SpellBookFrame.lua|insertafter|664|
1845|FrameXML|SpellBookFrame.lua|insertafter|664|function EQSpellSort_AutoSortPopupOnAccept(self)
1846|FrameXML|SpellBookFrame.lua|insertafter|664|	EQSpellSort_AutoSortTab(self.data);
1847|FrameXML|SpellBookFrame.lua|insertafter|664|end
1848|FrameXML|SpellBookFrame.lua|insertafter|664|
1849|FrameXML|SpellBookFrame.lua|insertafter|664|StaticPopupDialogs["EQ_SPELLBOOK_AUTOSORT_TAB"] = {
1850|FrameXML|SpellBookFrame.lua|insertafter|664|	text = EQ_SPELLSORT_AUTOSORT_CONFIRM,
1851|FrameXML|SpellBookFrame.lua|insertafter|664|	button1 = YES,
1852|FrameXML|SpellBookFrame.lua|insertafter|664|	button2 = NO,
1853|FrameXML|SpellBookFrame.lua|insertafter|664|	OnAccept = EQSpellSort_AutoSortPopupOnAccept,
1854|FrameXML|SpellBookFrame.lua|insertafter|664|	timeout = 0,
1855|FrameXML|SpellBookFrame.lua|insertafter|664|	whileDead = 1,
1856|FrameXML|SpellBookFrame.lua|insertafter|664|	hideOnEscape = 1,
1857|FrameXML|SpellBookFrame.lua|insertafter|664|};
1858|FrameXML|SpellBookFrame.lua|insertafter|664|
1859|FrameXML|SpellBookFrame.lua|insertafter|664|function ManualSortCheckBox_OnClick(self)
1860|FrameXML|SpellBookFrame.lua|insertafter|664|	if ( self:GetChecked() ) then
1861|FrameXML|SpellBookFrame.lua|insertafter|664|		PlaySound("igMainMenuOptionCheckBoxOn");
1862|FrameXML|SpellBookFrame.lua|insertafter|664|	else
1863|FrameXML|SpellBookFrame.lua|insertafter|664|		PlaySound("igMainMenuOptionCheckBoxOff");
1864|FrameXML|SpellBookFrame.lua|insertafter|664|	end
1865|FrameXML|SpellBookFrame.lua|insertafter|664|
1866|FrameXML|SpellBookFrame.lua|insertafter|664|	EQSpellSort_GetDB().enabled = self:GetChecked() and true or false;
1867|FrameXML|SpellBookFrame.lua|insertafter|664|	SpellBookFrame.selectedSkillLine = 1;
1868|FrameXML|SpellBookFrame.lua|insertafter|664|	EQSpellSort_Publish();
1869|FrameXML|SpellBookFrame.lua|insertafter|664|	SpellBookFrame_Update();
1870|FrameXML|SpellBookFrame.lua|insertafter|664|
1871|FrameXML|SpellBookFrame.lua|insertafter|664|	-- SpellBookFrame_Update only refreshes the page controls for books it draws itself, so the option
1872|FrameXML|SpellBookFrame.lua|insertafter|664|	-- row (the rank checkbox in particular) has to be brought back in line by hand after a toggle
1873|FrameXML|SpellBookFrame.lua|insertafter|664|	SpellBookFrame_UpdatePages();
1874|FrameXML|SpellBookFrame.lua|insertafter|664|	UpdateSpells();
1875|FrameXML|SpellBookFrame.lua|insertafter|664|end
1876|FrameXML|SpellBookFrame.lua|insertafter|664|
1877|FrameXML|SpellBookFrame.lua|insertafter|664|-- Builds the column of side tab buttons for the manual view
1878|FrameXML|SpellBookFrame.lua|insertafter|664|function EQSpellSort_UpdateSkillLineTabs()
1879|FrameXML|SpellBookFrame.lua|insertafter|664|	EQSpellSort_Invalidate();
1880|FrameXML|SpellBookFrame.lua|insertafter|664|
1881|FrameXML|SpellBookFrame.lua|insertafter|664|	local entries = EQSpellSort_GetEntries();
1882|FrameXML|SpellBookFrame.lua|insertafter|664|	local _, selectedIndex = EQSpellSort_GetSelectedEntry();
1883|FrameXML|SpellBookFrame.lua|insertafter|664|	SpellBookFrame.selectedSkillLine = selectedIndex;
1884|FrameXML|SpellBookFrame.lua|insertafter|664|
1885|FrameXML|SpellBookFrame.lua|insertafter|664|	local generalTexture = select(2, SpellBook_GetSpellTabInfo(1));
1886|FrameXML|SpellBookFrame.lua|insertafter|664|	for tabButtonIndex = 1, MAX_SKILLLINE_TABS do
1887|FrameXML|SpellBookFrame.lua|insertafter|664|		local skillLineTab = _G["SpellBookSkillLineTab"..tabButtonIndex];
1888|FrameXML|SpellBookFrame.lua|insertafter|664|		local entry = entries[tabButtonIndex];
1889|FrameXML|SpellBookFrame.lua|insertafter|664|		_G["SpellBookSkillLineTab"..tabButtonIndex.."Flash"]:Hide();
1890|FrameXML|SpellBookFrame.lua|insertafter|664|		skillLineTab.eqSortEntry = entry;
1891|FrameXML|SpellBookFrame.lua|insertafter|664|		if ( entry ) then
1892|FrameXML|SpellBookFrame.lua|insertafter|664|			local icon, tooltip, tooltipExtra;
1893|FrameXML|SpellBookFrame.lua|insertafter|664|			if ( entry.kind == "unsorted" ) then
1894|FrameXML|SpellBookFrame.lua|insertafter|664|				icon = generalTexture or EQ_SPELLSORT_FALLBACK_ICON;
1895|FrameXML|SpellBookFrame.lua|insertafter|664|				tooltip = EQ_SPELLSORT_UNSORTED_NAME;
1896|FrameXML|SpellBookFrame.lua|insertafter|664|			elseif ( entry.kind == "new" ) then
1897|FrameXML|SpellBookFrame.lua|insertafter|664|				icon = EQ_SPELLSORT_NEW_TAB_ICON;
1898|FrameXML|SpellBookFrame.lua|insertafter|664|				tooltip = EQ_SPELLSORT_NEW_TAB_NAME;
1899|FrameXML|SpellBookFrame.lua|insertafter|664|				tooltipExtra = EQ_SPELLSORT_NEW_TAB_HINT;
1900|FrameXML|SpellBookFrame.lua|insertafter|664|			else
1901|FrameXML|SpellBookFrame.lua|insertafter|664|				local tab = EQSpellSort_GetTabForEntry(entry);
1902|FrameXML|SpellBookFrame.lua|insertafter|664|				icon = (tab and tab.icon) or EQ_SPELLSORT_FALLBACK_ICON;
1903|FrameXML|SpellBookFrame.lua|insertafter|664|				tooltip = (tab and tab.name) or "";
1904|FrameXML|SpellBookFrame.lua|insertafter|664|				tooltipExtra = EQ_SPELLSORT_EDIT_TAB_HINT;
1905|FrameXML|SpellBookFrame.lua|insertafter|664|			end
1906|FrameXML|SpellBookFrame.lua|insertafter|664|			skillLineTab:SetNormalTexture(icon);
1907|FrameXML|SpellBookFrame.lua|insertafter|664|			skillLineTab:GetNormalTexture():SetTexCoord(0, 1, 0, 1);
1908|FrameXML|SpellBookFrame.lua|insertafter|664|			skillLineTab.tooltip = tooltip;
1909|FrameXML|SpellBookFrame.lua|insertafter|664|			skillLineTab.tooltipExtra = tooltipExtra;
1910|FrameXML|SpellBookFrame.lua|insertafter|664|			skillLineTab:SetChecked((tabButtonIndex == selectedIndex) and 1 or nil);
1911|FrameXML|SpellBookFrame.lua|insertafter|664|			skillLineTab:Show();
1912|FrameXML|SpellBookFrame.lua|insertafter|664|		else
1913|FrameXML|SpellBookFrame.lua|insertafter|664|			skillLineTab.tooltipExtra = nil;
1914|FrameXML|SpellBookFrame.lua|insertafter|664|			skillLineTab:Hide();
1915|FrameXML|SpellBookFrame.lua|insertafter|664|		end
1916|FrameXML|SpellBookFrame.lua|insertafter|664|	end
1917|FrameXML|SpellBookFrame.lua|insertafter|664|end
1918|FrameXML|SpellBookFrame.lua|insertafter|664|
1919|FrameXML|SpellBookFrame.lua|insertafter|664|function EQSpellSort_UpdateButton(self)
1920|FrameXML|SpellBookFrame.lua|insertafter|664|	local name = self:GetName();
1921|FrameXML|SpellBookFrame.lua|insertafter|664|	local iconTexture = _G[name.."IconTexture"];
1922|FrameXML|SpellBookFrame.lua|insertafter|664|	local spellString = _G[name.."SpellName"];
1923|FrameXML|SpellBookFrame.lua|insertafter|664|	local subSpellString = _G[name.."SubSpellName"];
1924|FrameXML|SpellBookFrame.lua|insertafter|664|	local cooldown = _G[name.."Cooldown"];
1925|FrameXML|SpellBookFrame.lua|insertafter|664|	local autoCastableTexture = _G[name.."AutoCastable"];
1926|FrameXML|SpellBookFrame.lua|insertafter|664|	local highlightTexture = _G[name.."Highlight"];
1927|FrameXML|SpellBookFrame.lua|insertafter|664|	local normalTexture = _G[name.."NormalTexture"];
1928|FrameXML|SpellBookFrame.lua|insertafter|664|
1929|FrameXML|SpellBookFrame.lua|insertafter|664|	-- Empty slots stay enabled here, otherwise there would be nowhere to drop a spell
1930|FrameXML|SpellBookFrame.lua|insertafter|664|	self:Enable();
1931|FrameXML|SpellBookFrame.lua|insertafter|664|	autoCastableTexture:Hide();
1932|FrameXML|SpellBookFrame.lua|insertafter|664|	SpellBook_ReleaseAutoCastShine(self.shine);
1933|FrameXML|SpellBookFrame.lua|insertafter|664|	self.shine = nil;
1934|FrameXML|SpellBookFrame.lua|insertafter|664|
1935|FrameXML|SpellBookFrame.lua|insertafter|664|	local slot = EQSpellSort_GetButtonSlot(self:GetID());
1936|FrameXML|SpellBookFrame.lua|insertafter|664|	local texture = slot and EQSpellIcons_GetSpellBookTexture(GetSpellTexture(slot, BOOKTYPE_SPELL), slot, BOOKTYPE_SPELL);
1937|FrameXML|SpellBookFrame.lua|insertafter|664|	if ( (not texture) or (strlen(texture) == 0) ) then
1938|FrameXML|SpellBookFrame.lua|insertafter|664|		iconTexture:Hide();
1939|FrameXML|SpellBookFrame.lua|insertafter|664|		spellString:Hide();
1940|FrameXML|SpellBookFrame.lua|insertafter|664|		subSpellString:Hide();
1941|FrameXML|SpellBookFrame.lua|insertafter|664|		cooldown:Hide();
1942|FrameXML|SpellBookFrame.lua|insertafter|664|		highlightTexture:SetTexture("Interface\\Buttons\\ButtonHilight-Square");
1943|FrameXML|SpellBookFrame.lua|insertafter|664|		self:SetChecked(0);
1944|FrameXML|SpellBookFrame.lua|insertafter|664|		normalTexture:SetVertexColor(1.0, 1.0, 1.0);
1945|FrameXML|SpellBookFrame.lua|insertafter|664|		return;
1946|FrameXML|SpellBookFrame.lua|insertafter|664|	end
1947|FrameXML|SpellBookFrame.lua|insertafter|664|
1948|FrameXML|SpellBookFrame.lua|insertafter|664|	local start, duration, enable = GetSpellCooldown(slot, BOOKTYPE_SPELL);
1949|FrameXML|SpellBookFrame.lua|insertafter|664|	CooldownFrame_SetTimer(cooldown, start, duration, enable);
1950|FrameXML|SpellBookFrame.lua|insertafter|664|	if ( enable == 1 ) then
1951|FrameXML|SpellBookFrame.lua|insertafter|664|		iconTexture:SetVertexColor(1.0, 1.0, 1.0);
1952|FrameXML|SpellBookFrame.lua|insertafter|664|	else
1953|FrameXML|SpellBookFrame.lua|insertafter|664|		iconTexture:SetVertexColor(0.4, 0.4, 0.4);
1954|FrameXML|SpellBookFrame.lua|insertafter|664|	end
1955|FrameXML|SpellBookFrame.lua|insertafter|664|
1956|FrameXML|SpellBookFrame.lua|insertafter|664|	local spellName, subSpellName = GetSpellName(slot, BOOKTYPE_SPELL);
1957|FrameXML|SpellBookFrame.lua|insertafter|664|	if ( IsPassiveSpell(slot, BOOKTYPE_SPELL) ) then
1958|FrameXML|SpellBookFrame.lua|insertafter|664|		normalTexture:SetVertexColor(0, 0, 0);
1959|FrameXML|SpellBookFrame.lua|insertafter|664|		highlightTexture:SetTexture("Interface\\Buttons\\UI-PassiveHighlight");
1960|FrameXML|SpellBookFrame.lua|insertafter|664|		spellString:SetTextColor(PASSIVE_SPELL_FONT_COLOR.r, PASSIVE_SPELL_FONT_COLOR.g, PASSIVE_SPELL_FONT_COLOR.b);
1961|FrameXML|SpellBookFrame.lua|insertafter|664|	else
1962|FrameXML|SpellBookFrame.lua|insertafter|664|		normalTexture:SetVertexColor(1.0, 1.0, 1.0);
1963|FrameXML|SpellBookFrame.lua|insertafter|664|		highlightTexture:SetTexture("Interface\\Buttons\\ButtonHilight-Square");
1964|FrameXML|SpellBookFrame.lua|insertafter|664|		spellString:SetTextColor(NORMAL_FONT_COLOR.r, NORMAL_FONT_COLOR.g, NORMAL_FONT_COLOR.b);
1965|FrameXML|SpellBookFrame.lua|insertafter|664|	end
1966|FrameXML|SpellBookFrame.lua|insertafter|664|
1967|FrameXML|SpellBookFrame.lua|insertafter|664|	iconTexture:SetTexture(texture);
1968|FrameXML|SpellBookFrame.lua|insertafter|664|	spellString:SetText(spellName);
1969|FrameXML|SpellBookFrame.lua|insertafter|664|	subSpellString:SetText(subSpellName);
1970|FrameXML|SpellBookFrame.lua|insertafter|664|	if ( subSpellName ~= "" ) then
1971|FrameXML|SpellBookFrame.lua|insertafter|664|		spellString:SetPoint("LEFT", self, "RIGHT", 4, 4);
1972|FrameXML|SpellBookFrame.lua|insertafter|664|	else
1973|FrameXML|SpellBookFrame.lua|insertafter|664|		spellString:SetPoint("LEFT", self, "RIGHT", 4, 2);
1974|FrameXML|SpellBookFrame.lua|insertafter|664|	end
1975|FrameXML|SpellBookFrame.lua|insertafter|664|
1976|FrameXML|SpellBookFrame.lua|insertafter|664|	iconTexture:Show();
1977|FrameXML|SpellBookFrame.lua|insertafter|664|	spellString:Show();
1978|FrameXML|SpellBookFrame.lua|insertafter|664|	subSpellString:Show();
1979|FrameXML|SpellBookFrame.lua|insertafter|664|	SpellButton_UpdateSelection(self);
1980|FrameXML|SpellBookFrame.lua|insertafter|664|end
1981|FrameXML|SpellBookFrame.lua|insertafter|664|
1982|FrameXML|SpellBookFrame.lua|insertafter|664|-- The cursor carries a spellbook slot, but placements are kept by spell ID
1983|FrameXML|SpellBookFrame.lua|insertafter|664|function EQSpellSort_GetCursorSpellID()
1984|FrameXML|SpellBookFrame.lua|insertafter|664|	local cursorType, cursorData, cursorBook = GetCursorInfo();
1985|FrameXML|SpellBookFrame.lua|insertafter|664|	if ( cursorType ~= "spell" or not cursorData ) then
1986|FrameXML|SpellBookFrame.lua|insertafter|664|		return nil;
1987|FrameXML|SpellBookFrame.lua|insertafter|664|	end
1988|FrameXML|SpellBookFrame.lua|insertafter|664|	if ( cursorBook == BOOKTYPE_PET ) then
1989|FrameXML|SpellBookFrame.lua|insertafter|664|		return nil;
1990|FrameXML|SpellBookFrame.lua|insertafter|664|	end
1991|FrameXML|SpellBookFrame.lua|insertafter|664|
1992|FrameXML|SpellBookFrame.lua|insertafter|664|	local spellID = SpellBook_SpellIdBySlot(cursorData);
1993|FrameXML|SpellBookFrame.lua|insertafter|664|	if ( spellID ) then
1994|FrameXML|SpellBookFrame.lua|insertafter|664|		return spellID;
1995|FrameXML|SpellBookFrame.lua|insertafter|664|	end
1996|FrameXML|SpellBookFrame.lua|insertafter|664|
1997|FrameXML|SpellBookFrame.lua|insertafter|664|	-- Some cursor sources hand over the spell ID itself rather than a slot
1998|FrameXML|SpellBookFrame.lua|insertafter|664|	if ( EQ_SPELLS[cursorData] ) then
1999|FrameXML|SpellBookFrame.lua|insertafter|664|		return cursorData;
2000|FrameXML|SpellBookFrame.lua|insertafter|664|	end
2001|FrameXML|SpellBookFrame.lua|insertafter|664|	return nil;
2002|FrameXML|SpellBookFrame.lua|insertafter|664|end
2003|FrameXML|SpellBookFrame.lua|insertafter|664|
2004|FrameXML|SpellBookFrame.lua|insertafter|664|-- Drops whatever the cursor is holding onto a slot of the page being shown.  Returns true when the drop
2005|FrameXML|SpellBookFrame.lua|insertafter|664|-- was dealt with, so the caller knows not to fall through to casting or picking the slot back up.
2006|FrameXML|SpellBookFrame.lua|insertafter|664|function EQSpellSort_HandleDrop(buttonID)
2007|FrameXML|SpellBookFrame.lua|insertafter|664|	local spellID = EQSpellSort_GetCursorSpellID();
2008|FrameXML|SpellBookFrame.lua|insertafter|664|	if ( not spellID ) then
2009|FrameXML|SpellBookFrame.lua|insertafter|664|		return false;
2010|FrameXML|SpellBookFrame.lua|insertafter|664|	end
2011|FrameXML|SpellBookFrame.lua|insertafter|664|	if ( not EQ_SPELLS[spellID] ) then
2012|FrameXML|SpellBookFrame.lua|insertafter|664|		UIErrorsFrame:AddMessage(EQ_SPELLSORT_ERROR_NOT_EQ, 1.0, 0.1, 0.1, 1.0);
2013|FrameXML|SpellBookFrame.lua|insertafter|664|		return true;
2014|FrameXML|SpellBookFrame.lua|insertafter|664|	end
2015|FrameXML|SpellBookFrame.lua|insertafter|664|
2016|FrameXML|SpellBookFrame.lua|insertafter|664|	local entry = EQSpellSort_GetSelectedEntry();
2017|FrameXML|SpellBookFrame.lua|insertafter|664|	if ( not entry ) then
2018|FrameXML|SpellBookFrame.lua|insertafter|664|		return false;
2019|FrameXML|SpellBookFrame.lua|insertafter|664|	end
2020|FrameXML|SpellBookFrame.lua|insertafter|664|
2021|FrameXML|SpellBookFrame.lua|insertafter|664|	if ( entry.kind == "unsorted" ) then
2022|FrameXML|SpellBookFrame.lua|insertafter|664|		-- Dropping into Unsorted just takes the spell out of whatever tab it was in
2023|FrameXML|SpellBookFrame.lua|insertafter|664|		EQSpellSort_ClearPlacement(spellID);
2024|FrameXML|SpellBookFrame.lua|insertafter|664|	else
2025|FrameXML|SpellBookFrame.lua|insertafter|664|		local tab = EQSpellSort_GetTabForEntry(entry);
2026|FrameXML|SpellBookFrame.lua|insertafter|664|		if ( not tab ) then
2027|FrameXML|SpellBookFrame.lua|insertafter|664|			return false;
2028|FrameXML|SpellBookFrame.lua|insertafter|664|		end
2029|FrameXML|SpellBookFrame.lua|insertafter|664|		tab.spells = tab.spells or {};
2030|FrameXML|SpellBookFrame.lua|insertafter|664|
2031|FrameXML|SpellBookFrame.lua|insertafter|664|		local targetSlotIndex = EQSpellSort_GetButtonSlotIndex(buttonID);
2032|FrameXML|SpellBookFrame.lua|insertafter|664|		local sourceTabIndex, sourceSlotIndex = EQSpellSort_FindPlacement(spellID);
2033|FrameXML|SpellBookFrame.lua|insertafter|664|		if ( not targetSlotIndex ) then
2034|FrameXML|SpellBookFrame.lua|insertafter|664|			-- An empty button on a filtered page is no slot in particular, so the spell stays put if it is
2035|FrameXML|SpellBookFrame.lua|insertafter|664|			-- already in this tab and otherwise takes the first free slot
2036|FrameXML|SpellBookFrame.lua|insertafter|664|			if ( sourceTabIndex == entry.index ) then
2037|FrameXML|SpellBookFrame.lua|insertafter|664|				ClearCursor();
2038|FrameXML|SpellBookFrame.lua|insertafter|664|				return true;
2039|FrameXML|SpellBookFrame.lua|insertafter|664|			end
2040|FrameXML|SpellBookFrame.lua|insertafter|664|			EQSpellSort_ClearPlacement(spellID);
2041|FrameXML|SpellBookFrame.lua|insertafter|664|			EQSpellSort_PlaceInFirstFreeSlot(tab, spellID);
2042|FrameXML|SpellBookFrame.lua|insertafter|664|		else
2043|FrameXML|SpellBookFrame.lua|insertafter|664|			if ( sourceTabIndex == entry.index and sourceSlotIndex == targetSlotIndex ) then
2044|FrameXML|SpellBookFrame.lua|insertafter|664|				ClearCursor();
2045|FrameXML|SpellBookFrame.lua|insertafter|664|				return true;
2046|FrameXML|SpellBookFrame.lua|insertafter|664|			end
2047|FrameXML|SpellBookFrame.lua|insertafter|664|
2048|FrameXML|SpellBookFrame.lua|insertafter|664|			local displacedID = tab.spells[targetSlotIndex];
2049|FrameXML|SpellBookFrame.lua|insertafter|664|			if ( sourceTabIndex ) then
2050|FrameXML|SpellBookFrame.lua|insertafter|664|				EQSpellSort_GetDB().tabs[sourceTabIndex].spells[sourceSlotIndex] = nil;
2051|FrameXML|SpellBookFrame.lua|insertafter|664|			end
2052|FrameXML|SpellBookFrame.lua|insertafter|664|			tab.spells[targetSlotIndex] = spellID;
2053|FrameXML|SpellBookFrame.lua|insertafter|664|
2054|FrameXML|SpellBookFrame.lua|insertafter|664|			if ( displacedID and displacedID ~= spellID ) then
2055|FrameXML|SpellBookFrame.lua|insertafter|664|				if ( sourceTabIndex ) then
2056|FrameXML|SpellBookFrame.lua|insertafter|664|					-- Straight swap with wherever the dragged spell came from
2057|FrameXML|SpellBookFrame.lua|insertafter|664|					EQSpellSort_GetDB().tabs[sourceTabIndex].spells[sourceSlotIndex] = displacedID;
2058|FrameXML|SpellBookFrame.lua|insertafter|664|				else
2059|FrameXML|SpellBookFrame.lua|insertafter|664|					-- Came in from outside the tabs, so the spell that was here keeps a place of its own
2060|FrameXML|SpellBookFrame.lua|insertafter|664|					EQSpellSort_PlaceInFirstFreeSlot(tab, displacedID);
2061|FrameXML|SpellBookFrame.lua|insertafter|664|				end
2062|FrameXML|SpellBookFrame.lua|insertafter|664|			end
2063|FrameXML|SpellBookFrame.lua|insertafter|664|		end
2064|FrameXML|SpellBookFrame.lua|insertafter|664|	end
2065|FrameXML|SpellBookFrame.lua|insertafter|664|
2066|FrameXML|SpellBookFrame.lua|insertafter|664|	ClearCursor();
2067|FrameXML|SpellBookFrame.lua|insertafter|664|	PlaySound("igAbiliityPageTurn");
2068|FrameXML|SpellBookFrame.lua|insertafter|664|	EQSpellSort_Refresh();
2069|FrameXML|SpellBookFrame.lua|insertafter|664|	return true;
2070|FrameXML|SpellBookFrame.lua|insertafter|664|end
2071|FrameXML|SpellBookFrame.lua|insertafter|664|
2072|FrameXML|SpellBookFrame.lua|insertafter|664|-- Dropping onto a side tab icon rather than onto a slot: the spell takes the first free slot of that tab,
2073|FrameXML|SpellBookFrame.lua|insertafter|664|-- and the page being looked at is left where it is so a run of spells can be dragged across in one go
2074|FrameXML|SpellBookFrame.lua|insertafter|664|function EQSpellSort_DropOnTab(entry)
2075|FrameXML|SpellBookFrame.lua|insertafter|664|	if ( not entry ) then
2076|FrameXML|SpellBookFrame.lua|insertafter|664|		return false;
2077|FrameXML|SpellBookFrame.lua|insertafter|664|	end
2078|FrameXML|SpellBookFrame.lua|insertafter|664|
2079|FrameXML|SpellBookFrame.lua|insertafter|664|	local spellID = EQSpellSort_GetCursorSpellID();
2080|FrameXML|SpellBookFrame.lua|insertafter|664|	if ( not spellID ) then
2081|FrameXML|SpellBookFrame.lua|insertafter|664|		return false;
2082|FrameXML|SpellBookFrame.lua|insertafter|664|	end
2083|FrameXML|SpellBookFrame.lua|insertafter|664|	if ( not EQ_SPELLS[spellID] ) then
2084|FrameXML|SpellBookFrame.lua|insertafter|664|		UIErrorsFrame:AddMessage(EQ_SPELLSORT_ERROR_NOT_EQ, 1.0, 0.1, 0.1, 1.0);
2085|FrameXML|SpellBookFrame.lua|insertafter|664|		return true;
2086|FrameXML|SpellBookFrame.lua|insertafter|664|	end
2087|FrameXML|SpellBookFrame.lua|insertafter|664|
2088|FrameXML|SpellBookFrame.lua|insertafter|664|	if ( entry.kind == "unsorted" ) then
2089|FrameXML|SpellBookFrame.lua|insertafter|664|		EQSpellSort_ClearPlacement(spellID);
2090|FrameXML|SpellBookFrame.lua|insertafter|664|	elseif ( entry.kind == "tab" ) then
2091|FrameXML|SpellBookFrame.lua|insertafter|664|		local tab = EQSpellSort_GetDB().tabs[entry.index];
2092|FrameXML|SpellBookFrame.lua|insertafter|664|		if ( not tab ) then
2093|FrameXML|SpellBookFrame.lua|insertafter|664|			return false;
2094|FrameXML|SpellBookFrame.lua|insertafter|664|		end
2095|FrameXML|SpellBookFrame.lua|insertafter|664|		EQSpellSort_ClearPlacement(spellID);
2096|FrameXML|SpellBookFrame.lua|insertafter|664|		EQSpellSort_PlaceInFirstFreeSlot(tab, spellID);
2097|FrameXML|SpellBookFrame.lua|insertafter|664|	else
2098|FrameXML|SpellBookFrame.lua|insertafter|664|		-- The New button is not somewhere a spell can go
2099|FrameXML|SpellBookFrame.lua|insertafter|664|		return false;
2100|FrameXML|SpellBookFrame.lua|insertafter|664|	end
2101|FrameXML|SpellBookFrame.lua|insertafter|664|
2102|FrameXML|SpellBookFrame.lua|insertafter|664|	ClearCursor();
2103|FrameXML|SpellBookFrame.lua|insertafter|664|	PlaySound("igAbiliityPageTurn");
2104|FrameXML|SpellBookFrame.lua|insertafter|664|	EQSpellSort_Refresh();
2105|FrameXML|SpellBookFrame.lua|insertafter|664|	return true;
2106|FrameXML|SpellBookFrame.lua|insertafter|664|end
2107|FrameXML|SpellBookFrame.lua|insertafter|664|
2108|FrameXML|SpellBookFrame.lua|insertafter|664|--
2109|FrameXML|SpellBookFrame.lua|insertafter|664|-- The little dialog behind the "New Tab" side button and the right click on a player made tab
2110|FrameXML|SpellBookFrame.lua|insertafter|664|--
2111|FrameXML|SpellBookFrame.lua|insertafter|664|
2112|FrameXML|SpellBookFrame.lua|insertafter|664|function EQSpellSort_GetIconList()
2113|FrameXML|SpellBookFrame.lua|insertafter|664|	if ( EQ_SPELL_TAB_ICONS and #EQ_SPELL_TAB_ICONS > 0 ) then
2114|FrameXML|SpellBookFrame.lua|insertafter|664|		return EQ_SPELL_TAB_ICONS;
2115|FrameXML|SpellBookFrame.lua|insertafter|664|	end
2116|FrameXML|SpellBookFrame.lua|insertafter|664|
2117|FrameXML|SpellBookFrame.lua|insertafter|664|	-- EQSpells.lua is generated with the icon list in it, so this only covers an out of date file
2118|FrameXML|SpellBookFrame.lua|insertafter|664|	if ( not eqSortFallbackIcons ) then
2119|FrameXML|SpellBookFrame.lua|insertafter|664|		eqSortFallbackIcons = {};
2120|FrameXML|SpellBookFrame.lua|insertafter|664|		for iconIndex = 0, 22 do
2121|FrameXML|SpellBookFrame.lua|insertafter|664|			tinsert(eqSortFallbackIcons, "Interface\\Icons\\Spell_EQ_"..iconIndex);
2122|FrameXML|SpellBookFrame.lua|insertafter|664|		end
2123|FrameXML|SpellBookFrame.lua|insertafter|664|	end
2124|FrameXML|SpellBookFrame.lua|insertafter|664|	return eqSortFallbackIcons;
2125|FrameXML|SpellBookFrame.lua|insertafter|664|end
2126|FrameXML|SpellBookFrame.lua|insertafter|664|
2127|FrameXML|SpellBookFrame.lua|insertafter|664|function EQSpellSort_GetIconIndex(icon)
2128|FrameXML|SpellBookFrame.lua|insertafter|664|	if ( not icon ) then
2129|FrameXML|SpellBookFrame.lua|insertafter|664|		return nil;
2130|FrameXML|SpellBookFrame.lua|insertafter|664|	end
2131|FrameXML|SpellBookFrame.lua|insertafter|664|
2132|FrameXML|SpellBookFrame.lua|insertafter|664|	local icons = EQSpellSort_GetIconList();
2133|FrameXML|SpellBookFrame.lua|insertafter|664|	for index, iconPath in ipairs(icons) do
2134|FrameXML|SpellBookFrame.lua|insertafter|664|		if ( strupper(iconPath) == strupper(icon) ) then
2135|FrameXML|SpellBookFrame.lua|insertafter|664|			return index;
2136|FrameXML|SpellBookFrame.lua|insertafter|664|		end
2137|FrameXML|SpellBookFrame.lua|insertafter|664|	end
2138|FrameXML|SpellBookFrame.lua|insertafter|664|	return nil;
2139|FrameXML|SpellBookFrame.lua|insertafter|664|end
2140|FrameXML|SpellBookFrame.lua|insertafter|664|
2141|FrameXML|SpellBookFrame.lua|insertafter|664|function EQSpellTabEdit_OnLoad(self)
2142|FrameXML|SpellBookFrame.lua|insertafter|664|	tinsert(UISpecialFrames, self:GetName());
2143|FrameXML|SpellBookFrame.lua|insertafter|664|
2144|FrameXML|SpellBookFrame.lua|insertafter|664|	local buttonIndex = 1;
2145|FrameXML|SpellBookFrame.lua|insertafter|664|	for row = 1, EQ_SPELLSORT_ICON_ROWS do
2146|FrameXML|SpellBookFrame.lua|insertafter|664|		for column = 1, EQ_SPELLSORT_ICON_COLUMNS do
2147|FrameXML|SpellBookFrame.lua|insertafter|664|			local iconButton = CreateFrame("CheckButton", "EQSpellTabEditIcon"..buttonIndex, self, "EQSpellTabEditIconTemplate");
2148|FrameXML|SpellBookFrame.lua|insertafter|664|			iconButton:SetID(buttonIndex);
2149|FrameXML|SpellBookFrame.lua|insertafter|664|			iconButton:SetPoint("TOPLEFT", self, "TOPLEFT",
2150|FrameXML|SpellBookFrame.lua|insertafter|664|				32 + (column - 1) * (EQ_SPELLSORT_ICON_SIZE + EQ_SPELLSORT_ICON_SPACING),
2151|FrameXML|SpellBookFrame.lua|insertafter|664|				-116 - (row - 1) * (EQ_SPELLSORT_ICON_SIZE + EQ_SPELLSORT_ICON_SPACING));
2152|FrameXML|SpellBookFrame.lua|insertafter|664|			buttonIndex = buttonIndex + 1;
2153|FrameXML|SpellBookFrame.lua|insertafter|664|		end
2154|FrameXML|SpellBookFrame.lua|insertafter|664|	end
2155|FrameXML|SpellBookFrame.lua|insertafter|664|
2156|FrameXML|SpellBookFrame.lua|insertafter|664|	self.iconPage = 1;
2157|FrameXML|SpellBookFrame.lua|insertafter|664|	self.selectedIcon = 1;
2158|FrameXML|SpellBookFrame.lua|insertafter|664|end
2159|FrameXML|SpellBookFrame.lua|insertafter|664|
2160|FrameXML|SpellBookFrame.lua|insertafter|664|-- tabIndex is nil when making a new tab, or the tab being edited otherwise
2161|FrameXML|SpellBookFrame.lua|insertafter|664|function EQSpellTabEdit_Open(tabIndex)
2162|FrameXML|SpellBookFrame.lua|insertafter|664|	local db = EQSpellSort_GetDB();
2163|FrameXML|SpellBookFrame.lua|insertafter|664|	if ( tabIndex ) then
2164|FrameXML|SpellBookFrame.lua|insertafter|664|		local tab = db.tabs[tabIndex];
2165|FrameXML|SpellBookFrame.lua|insertafter|664|		if ( not tab ) then
2166|FrameXML|SpellBookFrame.lua|insertafter|664|			return;
2167|FrameXML|SpellBookFrame.lua|insertafter|664|		end
2168|FrameXML|SpellBookFrame.lua|insertafter|664|		EQSpellTabEditFrameTitle:SetText(EQ_SPELLSORT_EDIT_TAB_TITLE);
2169|FrameXML|SpellBookFrame.lua|insertafter|664|		EQSpellTabEditFrameNameBox:SetText(tab.name or "");
2170|FrameXML|SpellBookFrame.lua|insertafter|664|		EQSpellTabEditFrame.selectedIcon = EQSpellSort_GetIconIndex(tab.icon) or 1;
2171|FrameXML|SpellBookFrame.lua|insertafter|664|		EQSpellTabEditFrameDeleteButton:Show();
2172|FrameXML|SpellBookFrame.lua|insertafter|664|	else
2173|FrameXML|SpellBookFrame.lua|insertafter|664|		if ( #db.tabs >= EQ_SPELLSORT_MAX_TABS ) then
2174|FrameXML|SpellBookFrame.lua|insertafter|664|			UIErrorsFrame:AddMessage(EQ_SPELLSORT_ERROR_TABS_FULL, 1.0, 0.1, 0.1, 1.0);
2175|FrameXML|SpellBookFrame.lua|insertafter|664|			return;
2176|FrameXML|SpellBookFrame.lua|insertafter|664|		end
2177|FrameXML|SpellBookFrame.lua|insertafter|664|		EQSpellTabEditFrameTitle:SetText(EQ_SPELLSORT_NEW_TAB_TITLE);
2178|FrameXML|SpellBookFrame.lua|insertafter|664|		EQSpellTabEditFrameNameBox:SetText("");
2179|FrameXML|SpellBookFrame.lua|insertafter|664|		EQSpellTabEditFrame.selectedIcon = 1;
2180|FrameXML|SpellBookFrame.lua|insertafter|664|		EQSpellTabEditFrameDeleteButton:Hide();
2181|FrameXML|SpellBookFrame.lua|insertafter|664|	end
2182|FrameXML|SpellBookFrame.lua|insertafter|664|
2183|FrameXML|SpellBookFrame.lua|insertafter|664|	EQSpellTabEditFrame.tabIndex = tabIndex;
2184|FrameXML|SpellBookFrame.lua|insertafter|664|	EQSpellTabEditFrame.iconPage = ceil(EQSpellTabEditFrame.selectedIcon / EQ_SPELLSORT_ICONS_PER_PAGE);
2185|FrameXML|SpellBookFrame.lua|insertafter|664|	EQSpellTabEdit_Update();
2186|FrameXML|SpellBookFrame.lua|insertafter|664|	EQSpellTabEditFrame:Show();
2187|FrameXML|SpellBookFrame.lua|insertafter|664|	EQSpellTabEditFrameNameBox:SetFocus();
2188|FrameXML|SpellBookFrame.lua|insertafter|664|	EQSpellTabEditFrameNameBox:HighlightText();
2189|FrameXML|SpellBookFrame.lua|insertafter|664|end
2190|FrameXML|SpellBookFrame.lua|insertafter|664|
2191|FrameXML|SpellBookFrame.lua|insertafter|664|-- Keeps an open edit window pointed at whichever tab is being looked at.  Unsorted has nothing to edit,
2192|FrameXML|SpellBookFrame.lua|insertafter|664|-- so the window steps out of the way instead.
2193|FrameXML|SpellBookFrame.lua|insertafter|664|function EQSpellTabEdit_FollowSelection()
2194|FrameXML|SpellBookFrame.lua|insertafter|664|	local entry = EQSpellSort_GetSelectedEntry();
2195|FrameXML|SpellBookFrame.lua|insertafter|664|	if ( entry and entry.kind == "tab" ) then
2196|FrameXML|SpellBookFrame.lua|insertafter|664|		EQSpellTabEdit_Open(entry.index);
2197|FrameXML|SpellBookFrame.lua|insertafter|664|	else
2198|FrameXML|SpellBookFrame.lua|insertafter|664|		EQSpellTabEditFrame:Hide();
2199|FrameXML|SpellBookFrame.lua|insertafter|664|	end
2200|FrameXML|SpellBookFrame.lua|insertafter|664|end
2201|FrameXML|SpellBookFrame.lua|insertafter|664|
2202|FrameXML|SpellBookFrame.lua|insertafter|664|function EQSpellTabEdit_GetNumIconPages()
2203|FrameXML|SpellBookFrame.lua|insertafter|664|	return ceil(#EQSpellSort_GetIconList() / EQ_SPELLSORT_ICONS_PER_PAGE);
2204|FrameXML|SpellBookFrame.lua|insertafter|664|end
2205|FrameXML|SpellBookFrame.lua|insertafter|664|
2206|FrameXML|SpellBookFrame.lua|insertafter|664|function EQSpellTabEdit_Update()
2207|FrameXML|SpellBookFrame.lua|insertafter|664|	local icons = EQSpellSort_GetIconList();
2208|FrameXML|SpellBookFrame.lua|insertafter|664|	local numPages = EQSpellTabEdit_GetNumIconPages();
2209|FrameXML|SpellBookFrame.lua|insertafter|664|	local page = EQSpellTabEditFrame.iconPage or 1;
2210|FrameXML|SpellBookFrame.lua|insertafter|664|	if ( page > numPages ) then
2211|FrameXML|SpellBookFrame.lua|insertafter|664|		page = numPages;
2212|FrameXML|SpellBookFrame.lua|insertafter|664|	end
2213|FrameXML|SpellBookFrame.lua|insertafter|664|	if ( page < 1 ) then
2214|FrameXML|SpellBookFrame.lua|insertafter|664|		page = 1;
2215|FrameXML|SpellBookFrame.lua|insertafter|664|	end
2216|FrameXML|SpellBookFrame.lua|insertafter|664|	EQSpellTabEditFrame.iconPage = page;
2217|FrameXML|SpellBookFrame.lua|insertafter|664|
2218|FrameXML|SpellBookFrame.lua|insertafter|664|	local firstIcon = (page - 1) * EQ_SPELLSORT_ICONS_PER_PAGE;
2219|FrameXML|SpellBookFrame.lua|insertafter|664|	for buttonIndex = 1, EQ_SPELLSORT_ICONS_PER_PAGE do
2220|FrameXML|SpellBookFrame.lua|insertafter|664|		local iconButton = _G["EQSpellTabEditIcon"..buttonIndex];
2221|FrameXML|SpellBookFrame.lua|insertafter|664|		local iconIndex = firstIcon + buttonIndex;
2222|FrameXML|SpellBookFrame.lua|insertafter|664|		local icon = icons[iconIndex];
2223|FrameXML|SpellBookFrame.lua|insertafter|664|		if ( icon ) then
2224|FrameXML|SpellBookFrame.lua|insertafter|664|			iconButton:SetNormalTexture(icon);
2225|FrameXML|SpellBookFrame.lua|insertafter|664|			iconButton:GetNormalTexture():SetTexCoord(0.08, 0.92, 0.08, 0.92);
2226|FrameXML|SpellBookFrame.lua|insertafter|664|			iconButton:SetChecked((iconIndex == EQSpellTabEditFrame.selectedIcon) and 1 or nil);
2227|FrameXML|SpellBookFrame.lua|insertafter|664|			iconButton.iconIndex = iconIndex;
2228|FrameXML|SpellBookFrame.lua|insertafter|664|			iconButton:Show();
2229|FrameXML|SpellBookFrame.lua|insertafter|664|		else
2230|FrameXML|SpellBookFrame.lua|insertafter|664|			iconButton.iconIndex = nil;
2231|FrameXML|SpellBookFrame.lua|insertafter|664|			iconButton:Hide();
2232|FrameXML|SpellBookFrame.lua|insertafter|664|		end
2233|FrameXML|SpellBookFrame.lua|insertafter|664|	end
2234|FrameXML|SpellBookFrame.lua|insertafter|664|
2235|FrameXML|SpellBookFrame.lua|insertafter|664|	-- One page of icons needs no paging controls at all
2236|FrameXML|SpellBookFrame.lua|insertafter|664|	if ( numPages > 1 ) then
2237|FrameXML|SpellBookFrame.lua|insertafter|664|		EQSpellTabEditFramePageText:SetText(format(PAGE_NUMBER, page));
2238|FrameXML|SpellBookFrame.lua|insertafter|664|		EQSpellTabEditFramePageText:Show();
2239|FrameXML|SpellBookFrame.lua|insertafter|664|		EQSpellTabEditFramePrevPageButton:Show();
2240|FrameXML|SpellBookFrame.lua|insertafter|664|		EQSpellTabEditFrameNextPageButton:Show();
2241|FrameXML|SpellBookFrame.lua|insertafter|664|		if ( page > 1 ) then
2242|FrameXML|SpellBookFrame.lua|insertafter|664|			EQSpellTabEditFramePrevPageButton:Enable();
2243|FrameXML|SpellBookFrame.lua|insertafter|664|		else
2244|FrameXML|SpellBookFrame.lua|insertafter|664|			EQSpellTabEditFramePrevPageButton:Disable();
2245|FrameXML|SpellBookFrame.lua|insertafter|664|		end
2246|FrameXML|SpellBookFrame.lua|insertafter|664|		if ( page < numPages ) then
2247|FrameXML|SpellBookFrame.lua|insertafter|664|			EQSpellTabEditFrameNextPageButton:Enable();
2248|FrameXML|SpellBookFrame.lua|insertafter|664|		else
2249|FrameXML|SpellBookFrame.lua|insertafter|664|			EQSpellTabEditFrameNextPageButton:Disable();
2250|FrameXML|SpellBookFrame.lua|insertafter|664|		end
2251|FrameXML|SpellBookFrame.lua|insertafter|664|	else
2252|FrameXML|SpellBookFrame.lua|insertafter|664|		EQSpellTabEditFramePageText:Hide();
2253|FrameXML|SpellBookFrame.lua|insertafter|664|		EQSpellTabEditFramePrevPageButton:Hide();
2254|FrameXML|SpellBookFrame.lua|insertafter|664|		EQSpellTabEditFrameNextPageButton:Hide();
2255|FrameXML|SpellBookFrame.lua|insertafter|664|	end
2256|FrameXML|SpellBookFrame.lua|insertafter|664|
2257|FrameXML|SpellBookFrame.lua|insertafter|664|	EQSpellTabEdit_UpdateAcceptButton();
2258|FrameXML|SpellBookFrame.lua|insertafter|664|	EQSpellTabEdit_UpdateMoveButtons();
2259|FrameXML|SpellBookFrame.lua|insertafter|664|end
2260|FrameXML|SpellBookFrame.lua|insertafter|664|
2261|FrameXML|SpellBookFrame.lua|insertafter|664|-- Reordering only means anything for a tab that already exists, and a tab cannot move past Unsorted at
2262|FrameXML|SpellBookFrame.lua|insertafter|664|-- the top or the New button at the bottom
2263|FrameXML|SpellBookFrame.lua|insertafter|664|function EQSpellTabEdit_UpdateMoveButtons()
2264|FrameXML|SpellBookFrame.lua|insertafter|664|	local tabIndex = EQSpellTabEditFrame.tabIndex;
2265|FrameXML|SpellBookFrame.lua|insertafter|664|	if ( not tabIndex ) then
2266|FrameXML|SpellBookFrame.lua|insertafter|664|		EQSpellTabEditFrameMoveUpButton:Hide();
2267|FrameXML|SpellBookFrame.lua|insertafter|664|		EQSpellTabEditFrameMoveDownButton:Hide();
2268|FrameXML|SpellBookFrame.lua|insertafter|664|		return;
2269|FrameXML|SpellBookFrame.lua|insertafter|664|	end
2270|FrameXML|SpellBookFrame.lua|insertafter|664|
2271|FrameXML|SpellBookFrame.lua|insertafter|664|	EQSpellTabEditFrameMoveUpButton:Show();
2272|FrameXML|SpellBookFrame.lua|insertafter|664|	EQSpellTabEditFrameMoveDownButton:Show();
2273|FrameXML|SpellBookFrame.lua|insertafter|664|	if ( tabIndex > 1 ) then
2274|FrameXML|SpellBookFrame.lua|insertafter|664|		EQSpellTabEditFrameMoveUpButton:Enable();
2275|FrameXML|SpellBookFrame.lua|insertafter|664|	else
2276|FrameXML|SpellBookFrame.lua|insertafter|664|		EQSpellTabEditFrameMoveUpButton:Disable();
2277|FrameXML|SpellBookFrame.lua|insertafter|664|	end
2278|FrameXML|SpellBookFrame.lua|insertafter|664|	if ( tabIndex < #EQSpellSort_GetDB().tabs ) then
2279|FrameXML|SpellBookFrame.lua|insertafter|664|		EQSpellTabEditFrameMoveDownButton:Enable();
2280|FrameXML|SpellBookFrame.lua|insertafter|664|	else
2281|FrameXML|SpellBookFrame.lua|insertafter|664|		EQSpellTabEditFrameMoveDownButton:Disable();
2282|FrameXML|SpellBookFrame.lua|insertafter|664|	end
2283|FrameXML|SpellBookFrame.lua|insertafter|664|end
2284|FrameXML|SpellBookFrame.lua|insertafter|664|
2285|FrameXML|SpellBookFrame.lua|insertafter|664|-- offset is -1 for up the column, 1 for down it
2286|FrameXML|SpellBookFrame.lua|insertafter|664|function EQSpellTabEdit_MoveTab(offset)
2287|FrameXML|SpellBookFrame.lua|insertafter|664|	local tabIndex = EQSpellTabEditFrame.tabIndex;
2288|FrameXML|SpellBookFrame.lua|insertafter|664|	if ( not tabIndex ) then
2289|FrameXML|SpellBookFrame.lua|insertafter|664|		return;
2290|FrameXML|SpellBookFrame.lua|insertafter|664|	end
2291|FrameXML|SpellBookFrame.lua|insertafter|664|
2292|FrameXML|SpellBookFrame.lua|insertafter|664|	local db = EQSpellSort_GetDB();
2293|FrameXML|SpellBookFrame.lua|insertafter|664|	local targetIndex = tabIndex + offset;
2294|FrameXML|SpellBookFrame.lua|insertafter|664|	if ( (not db.tabs[tabIndex]) or (not db.tabs[targetIndex]) ) then
2295|FrameXML|SpellBookFrame.lua|insertafter|664|		return;
2296|FrameXML|SpellBookFrame.lua|insertafter|664|	end
2297|FrameXML|SpellBookFrame.lua|insertafter|664|
2298|FrameXML|SpellBookFrame.lua|insertafter|664|	local moved = db.tabs[tabIndex];
2299|FrameXML|SpellBookFrame.lua|insertafter|664|	db.tabs[tabIndex] = db.tabs[targetIndex];
2300|FrameXML|SpellBookFrame.lua|insertafter|664|	db.tabs[targetIndex] = moved;
2301|FrameXML|SpellBookFrame.lua|insertafter|664|	EQSpellTabEditFrame.tabIndex = targetIndex;
2302|FrameXML|SpellBookFrame.lua|insertafter|664|
2303|FrameXML|SpellBookFrame.lua|insertafter|664|	-- Follow the tab that moved rather than staying on the side tab slot it left behind
2304|FrameXML|SpellBookFrame.lua|insertafter|664|	EQSpellSort_Invalidate();
2305|FrameXML|SpellBookFrame.lua|insertafter|664|	for index, entry in ipairs(EQSpellSort_GetEntries()) do
2306|FrameXML|SpellBookFrame.lua|insertafter|664|		if ( entry.kind == "tab" and entry.index == targetIndex ) then
2307|FrameXML|SpellBookFrame.lua|insertafter|664|			SpellBookFrame.selectedSkillLine = index;
2308|FrameXML|SpellBookFrame.lua|insertafter|664|		end
2309|FrameXML|SpellBookFrame.lua|insertafter|664|	end
2310|FrameXML|SpellBookFrame.lua|insertafter|664|
2311|FrameXML|SpellBookFrame.lua|insertafter|664|	PlaySound("igAbiliityPageTurn");
2312|FrameXML|SpellBookFrame.lua|insertafter|664|	EQSpellTabEdit_Update();
2313|FrameXML|SpellBookFrame.lua|insertafter|664|	EQSpellSort_Refresh();
2314|FrameXML|SpellBookFrame.lua|insertafter|664|end
2315|FrameXML|SpellBookFrame.lua|insertafter|664|
2316|FrameXML|SpellBookFrame.lua|insertafter|664|function EQSpellTabEdit_UpdateAcceptButton()
2317|FrameXML|SpellBookFrame.lua|insertafter|664|	if ( strtrim(EQSpellTabEditFrameNameBox:GetText() or "") == "" ) then
2318|FrameXML|SpellBookFrame.lua|insertafter|664|		EQSpellTabEditFrameAcceptButton:Disable();
2319|FrameXML|SpellBookFrame.lua|insertafter|664|	else
2320|FrameXML|SpellBookFrame.lua|insertafter|664|		EQSpellTabEditFrameAcceptButton:Enable();
2321|FrameXML|SpellBookFrame.lua|insertafter|664|	end
2322|FrameXML|SpellBookFrame.lua|insertafter|664|end
2323|FrameXML|SpellBookFrame.lua|insertafter|664|
2324|FrameXML|SpellBookFrame.lua|insertafter|664|function EQSpellTabEdit_IconOnClick(self)
2325|FrameXML|SpellBookFrame.lua|insertafter|664|	EQSpellTabEditFrame.selectedIcon = self.iconIndex;
2326|FrameXML|SpellBookFrame.lua|insertafter|664|	PlaySound("igMainMenuOptionCheckBoxOn");
2327|FrameXML|SpellBookFrame.lua|insertafter|664|	EQSpellTabEdit_Update();
2328|FrameXML|SpellBookFrame.lua|insertafter|664|end
2329|FrameXML|SpellBookFrame.lua|insertafter|664|
2330|FrameXML|SpellBookFrame.lua|insertafter|664|function EQSpellTabEdit_ChangePage(offset)
2331|FrameXML|SpellBookFrame.lua|insertafter|664|	EQSpellTabEditFrame.iconPage = (EQSpellTabEditFrame.iconPage or 1) + offset;
2332|FrameXML|SpellBookFrame.lua|insertafter|664|	PlaySound("igAbiliityPageTurn");
2333|FrameXML|SpellBookFrame.lua|insertafter|664|	EQSpellTabEdit_Update();
2334|FrameXML|SpellBookFrame.lua|insertafter|664|end
2335|FrameXML|SpellBookFrame.lua|insertafter|664|
2336|FrameXML|SpellBookFrame.lua|insertafter|664|function EQSpellTabEdit_Accept()
2337|FrameXML|SpellBookFrame.lua|insertafter|664|	local name = strtrim(EQSpellTabEditFrameNameBox:GetText() or "");
2338|FrameXML|SpellBookFrame.lua|insertafter|664|	if ( name == "" ) then
2339|FrameXML|SpellBookFrame.lua|insertafter|664|		return;
2340|FrameXML|SpellBookFrame.lua|insertafter|664|	end
2341|FrameXML|SpellBookFrame.lua|insertafter|664|
2342|FrameXML|SpellBookFrame.lua|insertafter|664|	local icons = EQSpellSort_GetIconList();
2343|FrameXML|SpellBookFrame.lua|insertafter|664|	local icon = icons[EQSpellTabEditFrame.selectedIcon] or icons[1] or EQ_SPELLSORT_FALLBACK_ICON;
2344|FrameXML|SpellBookFrame.lua|insertafter|664|	local db = EQSpellSort_GetDB();
2345|FrameXML|SpellBookFrame.lua|insertafter|664|
2346|FrameXML|SpellBookFrame.lua|insertafter|664|	if ( EQSpellTabEditFrame.tabIndex ) then
2347|FrameXML|SpellBookFrame.lua|insertafter|664|		local tab = db.tabs[EQSpellTabEditFrame.tabIndex];
2348|FrameXML|SpellBookFrame.lua|insertafter|664|		if ( tab ) then
2349|FrameXML|SpellBookFrame.lua|insertafter|664|			tab.name = name;
2350|FrameXML|SpellBookFrame.lua|insertafter|664|			tab.icon = icon;
2351|FrameXML|SpellBookFrame.lua|insertafter|664|		end
2352|FrameXML|SpellBookFrame.lua|insertafter|664|	else
2353|FrameXML|SpellBookFrame.lua|insertafter|664|		tinsert(db.tabs, { name = name, icon = icon, spells = {} });
2354|FrameXML|SpellBookFrame.lua|insertafter|664|
2355|FrameXML|SpellBookFrame.lua|insertafter|664|		-- Jump straight to the tab that was just made
2356|FrameXML|SpellBookFrame.lua|insertafter|664|		EQSpellSort_Invalidate();
2357|FrameXML|SpellBookFrame.lua|insertafter|664|		for index, entry in ipairs(EQSpellSort_GetEntries()) do
2358|FrameXML|SpellBookFrame.lua|insertafter|664|			if ( entry.kind == "tab" and entry.index == #db.tabs ) then
2359|FrameXML|SpellBookFrame.lua|insertafter|664|				SpellBookFrame.selectedSkillLine = index;
2360|FrameXML|SpellBookFrame.lua|insertafter|664|				SPELLBOOK_PAGENUMBERS[index] = 1;
2361|FrameXML|SpellBookFrame.lua|insertafter|664|			end
2362|FrameXML|SpellBookFrame.lua|insertafter|664|		end
2363|FrameXML|SpellBookFrame.lua|insertafter|664|	end
2364|FrameXML|SpellBookFrame.lua|insertafter|664|
2365|FrameXML|SpellBookFrame.lua|insertafter|664|	EQSpellTabEditFrame:Hide();
2366|FrameXML|SpellBookFrame.lua|insertafter|664|	EQSpellSort_Refresh();
2367|FrameXML|SpellBookFrame.lua|insertafter|664|end
2368|FrameXML|SpellBookFrame.lua|insertafter|664|
2369|FrameXML|SpellBookFrame.lua|insertafter|664|function EQSpellTabEdit_Cancel()
2370|FrameXML|SpellBookFrame.lua|insertafter|664|	EQSpellTabEditFrame:Hide();
2371|FrameXML|SpellBookFrame.lua|insertafter|664|end
2372|FrameXML|SpellBookFrame.lua|insertafter|664|
2373|FrameXML|SpellBookFrame.lua|insertafter|664|function EQSpellTabEdit_Delete()
2374|FrameXML|SpellBookFrame.lua|insertafter|664|	local tabIndex = EQSpellTabEditFrame.tabIndex;
2375|FrameXML|SpellBookFrame.lua|insertafter|664|	if ( not tabIndex ) then
2376|FrameXML|SpellBookFrame.lua|insertafter|664|		return;
2377|FrameXML|SpellBookFrame.lua|insertafter|664|	end
2378|FrameXML|SpellBookFrame.lua|insertafter|664|
2379|FrameXML|SpellBookFrame.lua|insertafter|664|	local tab = EQSpellSort_GetDB().tabs[tabIndex];
2380|FrameXML|SpellBookFrame.lua|insertafter|664|	if ( not tab ) then
2381|FrameXML|SpellBookFrame.lua|insertafter|664|		return;
2382|FrameXML|SpellBookFrame.lua|insertafter|664|	end
2383|FrameXML|SpellBookFrame.lua|insertafter|664|	StaticPopup_Show("EQ_SPELLBOOK_DELETE_TAB", tab.name, nil, tabIndex);
2384|FrameXML|SpellBookFrame.lua|insertafter|664|end
2385|FrameXML|SpellBookFrame.lua|insertafter|664|
2386|FrameXML|SpellBookFrame.lua|insertafter|664|-- The spells in a deleted tab are not placed anywhere afterwards, which puts them back under Unsorted
2387|FrameXML|SpellBookFrame.lua|insertafter|664|function EQSpellSort_DeleteTab(tabIndex)
2388|FrameXML|SpellBookFrame.lua|insertafter|664|	local db = EQSpellSort_GetDB();
2389|FrameXML|SpellBookFrame.lua|insertafter|664|	if ( not db.tabs[tabIndex] ) then
2390|FrameXML|SpellBookFrame.lua|insertafter|664|		return;
2391|FrameXML|SpellBookFrame.lua|insertafter|664|	end
2392|FrameXML|SpellBookFrame.lua|insertafter|664|
2393|FrameXML|SpellBookFrame.lua|insertafter|664|	tremove(db.tabs, tabIndex);
2394|FrameXML|SpellBookFrame.lua|insertafter|664|	SpellBookFrame.selectedSkillLine = 1;
2395|FrameXML|SpellBookFrame.lua|insertafter|664|	if ( EQSpellTabEditFrame.tabIndex == tabIndex ) then
2396|FrameXML|SpellBookFrame.lua|insertafter|664|		EQSpellTabEditFrame:Hide();
2397|FrameXML|SpellBookFrame.lua|insertafter|664|	end
2398|FrameXML|SpellBookFrame.lua|insertafter|664|	EQSpellSort_Refresh();
2399|FrameXML|SpellBookFrame.lua|insertafter|664|end
2400|FrameXML|SpellBookFrame.lua|insertafter|664|
2401|FrameXML|SpellBookFrame.lua|insertafter|664|function EQSpellSort_DeleteTabPopupOnAccept(self)
2402|FrameXML|SpellBookFrame.lua|insertafter|664|	EQSpellSort_DeleteTab(self.data);
2403|FrameXML|SpellBookFrame.lua|insertafter|664|end
2404|FrameXML|SpellBookFrame.lua|insertafter|664|
2405|FrameXML|SpellBookFrame.lua|insertafter|664|StaticPopupDialogs["EQ_SPELLBOOK_DELETE_TAB"] = {
2406|FrameXML|SpellBookFrame.lua|insertafter|664|	text = EQ_SPELLSORT_DELETE_CONFIRM,
2407|FrameXML|SpellBookFrame.lua|insertafter|664|	button1 = YES,
2408|FrameXML|SpellBookFrame.lua|insertafter|664|	button2 = NO,
2409|FrameXML|SpellBookFrame.lua|insertafter|664|	OnAccept = EQSpellSort_DeleteTabPopupOnAccept,
2410|FrameXML|SpellBookFrame.lua|insertafter|664|	timeout = 0,
2411|FrameXML|SpellBookFrame.lua|insertafter|664|	whileDead = 1,
2412|FrameXML|SpellBookFrame.lua|insertafter|664|	hideOnEscape = 1,
2413|FrameXML|SpellBookFrame.lua|insertafter|664|	showAlert = 1,
2414|FrameXML|SpellBookFrame.lua|insertafter|664|};
2415|FrameXML|SpellBookFrame.lua|insertafter|664|
2416|FrameXML|SpellBookFrame.xml|insertafter|2|	<Script file="EQSpells.lua"/>
2417|FrameXML|SpellBookFrame.xml|insertafter|3|
2418|FrameXML|SpellBookFrame.xml|insertafter|8|	<CheckButton name="EQSpellTabEditIconTemplate" virtual="true">
2419|FrameXML|SpellBookFrame.xml|insertafter|8|		<Size>
2420|FrameXML|SpellBookFrame.xml|insertafter|8|			<AbsDimension x="36" y="36"/>
2421|FrameXML|SpellBookFrame.xml|insertafter|8|		</Size>
2422|FrameXML|SpellBookFrame.xml|insertafter|8|		<Scripts>
2423|FrameXML|SpellBookFrame.xml|insertafter|8|			<OnClick>
2424|FrameXML|SpellBookFrame.xml|insertafter|8|				EQSpellTabEdit_IconOnClick(self);
2425|FrameXML|SpellBookFrame.xml|insertafter|8|			</OnClick>
2426|FrameXML|SpellBookFrame.xml|insertafter|8|		</Scripts>
2427|FrameXML|SpellBookFrame.xml|insertafter|8|		<NormalTexture name="$parentIcon"/>
2428|FrameXML|SpellBookFrame.xml|insertafter|8|		<HighlightTexture file="Interface\Buttons\ButtonHilight-Square" alphaMode="ADD"/>
2429|FrameXML|SpellBookFrame.xml|insertafter|8|		<CheckedTexture file="Interface\Buttons\CheckButtonHilight" alphaMode="ADD"/>
2430|FrameXML|SpellBookFrame.xml|insertafter|8|	</CheckButton>
2431|FrameXML|SpellBookFrame.xml|insertafter|27|			<Layer level="OVERLAY">
2432|FrameXML|SpellBookFrame.xml|insertafter|27|				<Texture name="$parentSearchGlow" file="Interface\Buttons\CheckButtonGlow" alphaMode="ADD" hidden="true">
2433|FrameXML|SpellBookFrame.xml|insertafter|27|					<Size>
2434|FrameXML|SpellBookFrame.xml|insertafter|27|						<AbsDimension x="64" y="64"/>
2435|FrameXML|SpellBookFrame.xml|insertafter|27|					</Size>
2436|FrameXML|SpellBookFrame.xml|insertafter|27|					<Anchors>
2437|FrameXML|SpellBookFrame.xml|insertafter|27|						<Anchor point="CENTER"/>
2438|FrameXML|SpellBookFrame.xml|insertafter|27|					</Anchors>
2439|FrameXML|SpellBookFrame.xml|insertafter|27|				</Texture>
2440|FrameXML|SpellBookFrame.xml|insertafter|27|			</Layer>
2441|FrameXML|SpellBookFrame.xml|insertafter|29|			<OnLoad>
2442|FrameXML|SpellBookFrame.xml|insertafter|29|				self:RegisterForClicks("LeftButtonUp", "RightButtonUp");
2443|FrameXML|SpellBookFrame.xml|insertafter|29|			</OnLoad>
2444|FrameXML|SpellBookFrame.xml|replace|31|				SpellBookSkillLineTab_OnClick(self, nil, button);
2445|FrameXML|SpellBookFrame.xml|insertafter|32|			<OnReceiveDrag>
2446|FrameXML|SpellBookFrame.xml|insertafter|32|				SpellBookSkillLineTab_OnReceiveDrag(self);
2447|FrameXML|SpellBookFrame.xml|insertafter|32|			</OnReceiveDrag>
2448|FrameXML|SpellBookFrame.xml|delete|34-35|
2449|FrameXML|SpellBookFrame.xml|insertafter|35|				SpellBookSkillLineTab_OnEnter(self);
2450|FrameXML|SpellBookFrame.xml|replace|170|				SpellButton_OnReceiveDrag(self);
2451|FrameXML|SpellBookFrame.xml|insertafter|290|			<Button name="SpellBookFrameTabButton4" inherits="SpellBookFrameTabButtonTemplate">
2452|FrameXML|SpellBookFrame.xml|insertafter|290|                <Anchors>
2453|FrameXML|SpellBookFrame.xml|insertafter|290|                    <Anchor point="LEFT" relativeTo="SpellBookFrameTabButton1" relativePoint="RIGHT">
2454|FrameXML|SpellBookFrame.xml|insertafter|290|                        <Offset>
2455|FrameXML|SpellBookFrame.xml|insertafter|290|                            <AbsDimension x="-20" y="0"/>
2456|FrameXML|SpellBookFrame.xml|insertafter|290|                        </Offset>
2457|FrameXML|SpellBookFrame.xml|insertafter|290|                    </Anchor>
2458|FrameXML|SpellBookFrame.xml|insertafter|290|                </Anchors>
2459|FrameXML|SpellBookFrame.xml|insertafter|290|				<DisabledTexture file="Interface\SpellBook\UI-SpellBook-Tab1-Selected"/>
2460|FrameXML|SpellBookFrame.xml|insertafter|290|            </Button>
2461|FrameXML|SpellBookFrame.xml|replace|293|                    <Anchor point="LEFT" relativeTo="SpellBookFrameTabButton4" relativePoint="RIGHT">
2462|FrameXML|SpellBookFrame.xml|insertafter|401|				</Scripts>
2463|FrameXML|SpellBookFrame.xml|insertafter|401|			</CheckButton>
2464|FrameXML|SpellBookFrame.xml|insertafter|401|			<EditBox name="EQSpellSearchBox" inherits="InputBoxTemplate" letters="40" autoFocus="false" historyLines="0" hidden="true">
2465|FrameXML|SpellBookFrame.xml|insertafter|401|				<Size>
2466|FrameXML|SpellBookFrame.xml|insertafter|401|					<AbsDimension x="118" y="20"/>
2467|FrameXML|SpellBookFrame.xml|insertafter|401|				</Size>
2468|FrameXML|SpellBookFrame.xml|insertafter|401|				<Anchors>
2469|FrameXML|SpellBookFrame.xml|insertafter|401|					<Anchor point="LEFT" relativeTo="ShowAllSpellRanksCheckBox" relativePoint="LEFT">
2470|FrameXML|SpellBookFrame.xml|insertafter|401|						<Offset>
2471|FrameXML|SpellBookFrame.xml|insertafter|401|							<AbsDimension x="10" y="0"/>
2472|FrameXML|SpellBookFrame.xml|insertafter|401|						</Offset>
2473|FrameXML|SpellBookFrame.xml|insertafter|401|					</Anchor>
2474|FrameXML|SpellBookFrame.xml|insertafter|401|				</Anchors>
2475|FrameXML|SpellBookFrame.xml|insertafter|401|				<Layers>
2476|FrameXML|SpellBookFrame.xml|insertafter|401|					<Layer level="ARTWORK">
2477|FrameXML|SpellBookFrame.xml|insertafter|401|						<FontString name="$parentHint" inherits="GameFontDisable" justifyH="LEFT">
2478|FrameXML|SpellBookFrame.xml|insertafter|401|							<Anchors>
2479|FrameXML|SpellBookFrame.xml|insertafter|401|								<Anchor point="LEFT">
2480|FrameXML|SpellBookFrame.xml|insertafter|401|									<Offset>
2481|FrameXML|SpellBookFrame.xml|insertafter|401|										<AbsDimension x="1" y="0"/>
2482|FrameXML|SpellBookFrame.xml|insertafter|401|									</Offset>
2483|FrameXML|SpellBookFrame.xml|insertafter|401|								</Anchor>
2484|FrameXML|SpellBookFrame.xml|insertafter|401|							</Anchors>
2485|FrameXML|SpellBookFrame.xml|insertafter|401|						</FontString>
2486|FrameXML|SpellBookFrame.xml|insertafter|401|					</Layer>
2487|FrameXML|SpellBookFrame.xml|insertafter|401|				</Layers>
2488|FrameXML|SpellBookFrame.xml|insertafter|401|				<Scripts>
2489|FrameXML|SpellBookFrame.xml|insertafter|401|					<OnLoad>
2490|FrameXML|SpellBookFrame.xml|insertafter|401|						EQSpellSearchBoxHint:SetText(EQ_SPELLSEARCH_HINT);
2491|FrameXML|SpellBookFrame.xml|insertafter|401|					</OnLoad>
2492|FrameXML|SpellBookFrame.xml|insertafter|401|					<OnTextChanged>
2493|FrameXML|SpellBookFrame.xml|insertafter|401|						EQSpellSearchBox_OnTextChanged(self);
2494|FrameXML|SpellBookFrame.xml|insertafter|401|					</OnTextChanged>
2495|FrameXML|SpellBookFrame.xml|insertafter|401|					<OnEditFocusGained>
2496|FrameXML|SpellBookFrame.xml|insertafter|401|						EditBox_HighlightText(self);
2497|FrameXML|SpellBookFrame.xml|insertafter|401|						EQSpellSearchBox_UpdateHint(self);
2498|FrameXML|SpellBookFrame.xml|insertafter|401|					</OnEditFocusGained>
2499|FrameXML|SpellBookFrame.xml|insertafter|401|					<OnEditFocusLost>
2500|FrameXML|SpellBookFrame.xml|insertafter|401|						EditBox_ClearHighlight(self);
2501|FrameXML|SpellBookFrame.xml|insertafter|401|						EQSpellSearchBox_UpdateHint(self);
2502|FrameXML|SpellBookFrame.xml|insertafter|401|					</OnEditFocusLost>
2503|FrameXML|SpellBookFrame.xml|insertafter|401|					<OnEnterPressed>
2504|FrameXML|SpellBookFrame.xml|insertafter|401|						EditBox_ClearFocus(self);
2505|FrameXML|SpellBookFrame.xml|insertafter|401|					</OnEnterPressed>
2506|FrameXML|SpellBookFrame.xml|insertafter|401|					<OnEscapePressed>
2507|FrameXML|SpellBookFrame.xml|insertafter|401|						EditBox_ClearFocus(self);
2508|FrameXML|SpellBookFrame.xml|insertafter|401|					</OnEscapePressed>
2509|FrameXML|SpellBookFrame.xml|insertafter|401|					<OnEnter>
2510|FrameXML|SpellBookFrame.xml|insertafter|401|						GameTooltip:SetOwner(self, "ANCHOR_RIGHT");
2511|FrameXML|SpellBookFrame.xml|insertafter|401|						GameTooltip:SetText("Show only the spells in this tab whose names contain this text.", nil, nil, nil, nil, 1);
2512|FrameXML|SpellBookFrame.xml|insertafter|401|					</OnEnter>
2513|FrameXML|SpellBookFrame.xml|insertafter|401|					<OnLeave function="GameTooltip_Hide"/>
2514|FrameXML|SpellBookFrame.xml|insertafter|401|				</Scripts>
2515|FrameXML|SpellBookFrame.xml|insertafter|401|			</EditBox>
2516|FrameXML|SpellBookFrame.xml|insertafter|401|			<Button name="AutoSortButton" inherits="UIPanelButtonTemplate" text="Sort" hidden="true">
2517|FrameXML|SpellBookFrame.xml|insertafter|401|				<Size>
2518|FrameXML|SpellBookFrame.xml|insertafter|401|					<AbsDimension x="52" y="22"/>
2519|FrameXML|SpellBookFrame.xml|insertafter|401|				</Size>
2520|FrameXML|SpellBookFrame.xml|insertafter|401|				<Anchors>
2521|FrameXML|SpellBookFrame.xml|insertafter|401|					<Anchor point="LEFT" relativeTo="EQSpellSearchBox" relativePoint="RIGHT">
2522|FrameXML|SpellBookFrame.xml|insertafter|401|						<Offset>
2523|FrameXML|SpellBookFrame.xml|insertafter|401|							<AbsDimension x="6" y="0"/>
2524|FrameXML|SpellBookFrame.xml|insertafter|401|						</Offset>
2525|FrameXML|SpellBookFrame.xml|insertafter|401|					</Anchor>
2526|FrameXML|SpellBookFrame.xml|insertafter|401|				</Anchors>
2527|FrameXML|SpellBookFrame.xml|insertafter|401|				<Scripts>
2528|FrameXML|SpellBookFrame.xml|insertafter|401|					<OnClick>
2529|FrameXML|SpellBookFrame.xml|insertafter|401|						AutoSortButton_OnClick(self);
2530|FrameXML|SpellBookFrame.xml|insertafter|401|					</OnClick>
2531|FrameXML|SpellBookFrame.xml|insertafter|401|					<OnEnter>
2532|FrameXML|SpellBookFrame.xml|insertafter|401|						GameTooltip:SetOwner(self, "ANCHOR_RIGHT");
2533|FrameXML|SpellBookFrame.xml|insertafter|401|						GameTooltip:SetText("Put this tab's spells in name order with no gaps between them.", nil, nil, nil, nil, 1);
2534|FrameXML|SpellBookFrame.xml|insertafter|401|					</OnEnter>
2535|FrameXML|SpellBookFrame.xml|insertafter|401|					<OnLeave function="GameTooltip_Hide"/>
2536|FrameXML|SpellBookFrame.xml|insertafter|401|				</Scripts>
2537|FrameXML|SpellBookFrame.xml|insertafter|401|			</Button>
2538|FrameXML|SpellBookFrame.xml|insertafter|401|			<CheckButton name="ManualSortCheckBox" inherits="OptionsSmallCheckButtonTemplate" hidden="true">
2539|FrameXML|SpellBookFrame.xml|insertafter|401|				<Size>
2540|FrameXML|SpellBookFrame.xml|insertafter|401|					<AbsDimension x="26" y="26"/>
2541|FrameXML|SpellBookFrame.xml|insertafter|401|				</Size>
2542|FrameXML|SpellBookFrame.xml|insertafter|401|				<Anchors>
2543|FrameXML|SpellBookFrame.xml|insertafter|401|					<Anchor point="LEFT" relativeTo="ShowAllSpellRanksCheckBox" relativePoint="RIGHT">
2544|FrameXML|SpellBookFrame.xml|insertafter|401|						<Offset>
2545|FrameXML|SpellBookFrame.xml|insertafter|401|							<AbsDimension x="108" y="0"/>
2546|FrameXML|SpellBookFrame.xml|insertafter|401|						</Offset>
2547|FrameXML|SpellBookFrame.xml|insertafter|401|					</Anchor>
2548|FrameXML|SpellBookFrame.xml|insertafter|401|				</Anchors>
2549|FrameXML|SpellBookFrame.xml|insertafter|401|				<HitRectInsets>
2550|FrameXML|SpellBookFrame.xml|insertafter|401|					<AbsInset left="0" right="0" top="0" bottom="0"/>
2551|FrameXML|SpellBookFrame.xml|insertafter|401|				</HitRectInsets>
2552|FrameXML|SpellBookFrame.xml|insertafter|401|				<Scripts>
2553|FrameXML|SpellBookFrame.xml|insertafter|401|					<OnLoad>
2554|FrameXML|SpellBookFrame.xml|insertafter|401|						_G[self:GetName().."Text"]:SetText("Manual Sorting");
2555|FrameXML|SpellBookFrame.xml|insertafter|401|					</OnLoad>
2556|FrameXML|SpellBookFrame.xml|insertafter|401|					<OnShow>
2557|FrameXML|SpellBookFrame.xml|insertafter|401|						self:SetChecked(EQSpellSort_IsEnabled());
2558|FrameXML|SpellBookFrame.xml|insertafter|401|					</OnShow>
2559|FrameXML|SpellBookFrame.xml|insertafter|401|					<OnClick>
2560|FrameXML|SpellBookFrame.xml|insertafter|401|						ManualSortCheckBox_OnClick(self);
2561|FrameXML|SpellBookFrame.xml|insertafter|401|					</OnClick>
2562|FrameXML|SpellBookFrame.xml|insertafter|401|					<OnEnter>
2563|FrameXML|SpellBookFrame.xml|insertafter|401|						GameTooltip:SetOwner(self, "ANCHOR_RIGHT");
2564|FrameXML|SpellBookFrame.xml|insertafter|401|						GameTooltip:SetText("Sort this book into tabs of your own instead of by EverQuest skill.", nil, nil, nil, nil, 1);
2565|FrameXML|SpellBookFrame.xml|insertafter|401|					</OnEnter>
2566|FrameXML|SpellBookFrame.xml|insertafter|401|					<OnLeave function="GameTooltip_Hide"/>
2567|FrameXML|SpellBookFrame.xml|replace|516|							<AbsDimension x="-32" y="-34"/>
2568|FrameXML|SpellBookFrame.xml|replace|525|							<AbsDimension x="0" y="-13"/>
2569|FrameXML|SpellBookFrame.xml|replace|534|							<AbsDimension x="0" y="-13"/>
2570|FrameXML|SpellBookFrame.xml|replace|543|							<AbsDimension x="0" y="-13"/>
2571|FrameXML|SpellBookFrame.xml|replace|552|							<AbsDimension x="0" y="-13"/>
2572|FrameXML|SpellBookFrame.xml|replace|561|							<AbsDimension x="0" y="-13"/>
2573|FrameXML|SpellBookFrame.xml|replace|570|							<AbsDimension x="0" y="-13"/>
2574|FrameXML|SpellBookFrame.xml|delete|579|
2575|FrameXML|SpellBookFrame.xml|insertafter|579|							<AbsDimension x="0" y="-13"/>
2576|FrameXML|SpellBookFrame.xml|insertafter|579|						</Offset>
2577|FrameXML|SpellBookFrame.xml|insertafter|579|					</Anchor>
2578|FrameXML|SpellBookFrame.xml|insertafter|579|				</Anchors>
2579|FrameXML|SpellBookFrame.xml|insertafter|579|			</CheckButton>
2580|FrameXML|SpellBookFrame.xml|insertafter|579|			<CheckButton name="SpellBookSkillLineTab9" inherits="SpellBookSkillLineTabTemplate" id="9">
2581|FrameXML|SpellBookFrame.xml|insertafter|579|				<Anchors>
2582|FrameXML|SpellBookFrame.xml|insertafter|579|					<Anchor point="TOPLEFT" relativeTo="SpellBookSkillLineTab8" relativePoint="BOTTOMLEFT">
2583|FrameXML|SpellBookFrame.xml|insertafter|579|						<Offset>
2584|FrameXML|SpellBookFrame.xml|insertafter|579|							<AbsDimension x="0" y="-13"/>
2585|FrameXML|SpellBookFrame.xml|insertafter|579|						</Offset>
2586|FrameXML|SpellBookFrame.xml|insertafter|579|					</Anchor>
2587|FrameXML|SpellBookFrame.xml|insertafter|579|				</Anchors>
2588|FrameXML|SpellBookFrame.xml|insertafter|579|			</CheckButton>
2589|FrameXML|SpellBookFrame.xml|insertafter|579|			<!-- Second column (shown automatically when there are 10+ skill-line categories) -->
2590|FrameXML|SpellBookFrame.xml|insertafter|579|			<CheckButton name="SpellBookSkillLineTab10" inherits="SpellBookSkillLineTabTemplate" id="10">
2591|FrameXML|SpellBookFrame.xml|insertafter|579|				<Anchors>
2592|FrameXML|SpellBookFrame.xml|insertafter|579|					<Anchor point="TOPLEFT" relativeTo="SpellBookSkillLineTab1" relativePoint="TOPLEFT">
2593|FrameXML|SpellBookFrame.xml|insertafter|579|						<Offset>
2594|FrameXML|SpellBookFrame.xml|insertafter|579|							<AbsDimension x="38" y="-24"/>
2595|FrameXML|SpellBookFrame.xml|insertafter|579|						</Offset>
2596|FrameXML|SpellBookFrame.xml|insertafter|579|					</Anchor>
2597|FrameXML|SpellBookFrame.xml|insertafter|579|				</Anchors>
2598|FrameXML|SpellBookFrame.xml|insertafter|579|			</CheckButton>
2599|FrameXML|SpellBookFrame.xml|insertafter|579|			<CheckButton name="SpellBookSkillLineTab11" inherits="SpellBookSkillLineTabTemplate" id="11">
2600|FrameXML|SpellBookFrame.xml|insertafter|579|				<Anchors>
2601|FrameXML|SpellBookFrame.xml|insertafter|579|					<Anchor point="TOPLEFT" relativeTo="SpellBookSkillLineTab10" relativePoint="BOTTOMLEFT">
2602|FrameXML|SpellBookFrame.xml|insertafter|579|						<Offset>
2603|FrameXML|SpellBookFrame.xml|insertafter|579|							<AbsDimension x="0" y="-13"/>
2604|FrameXML|SpellBookFrame.xml|insertafter|579|						</Offset>
2605|FrameXML|SpellBookFrame.xml|insertafter|579|					</Anchor>
2606|FrameXML|SpellBookFrame.xml|insertafter|579|				</Anchors>
2607|FrameXML|SpellBookFrame.xml|insertafter|579|			</CheckButton>
2608|FrameXML|SpellBookFrame.xml|insertafter|579|			<CheckButton name="SpellBookSkillLineTab12" inherits="SpellBookSkillLineTabTemplate" id="12">
2609|FrameXML|SpellBookFrame.xml|insertafter|579|				<Anchors>
2610|FrameXML|SpellBookFrame.xml|insertafter|579|					<Anchor point="TOPLEFT" relativeTo="SpellBookSkillLineTab11" relativePoint="BOTTOMLEFT">
2611|FrameXML|SpellBookFrame.xml|insertafter|579|						<Offset>
2612|FrameXML|SpellBookFrame.xml|insertafter|579|							<AbsDimension x="0" y="-13"/>
2613|FrameXML|SpellBookFrame.xml|insertafter|579|						</Offset>
2614|FrameXML|SpellBookFrame.xml|insertafter|579|					</Anchor>
2615|FrameXML|SpellBookFrame.xml|insertafter|579|				</Anchors>
2616|FrameXML|SpellBookFrame.xml|insertafter|579|			</CheckButton>
2617|FrameXML|SpellBookFrame.xml|insertafter|579|			<CheckButton name="SpellBookSkillLineTab13" inherits="SpellBookSkillLineTabTemplate" id="13">
2618|FrameXML|SpellBookFrame.xml|insertafter|579|				<Anchors>
2619|FrameXML|SpellBookFrame.xml|insertafter|579|					<Anchor point="TOPLEFT" relativeTo="SpellBookSkillLineTab12" relativePoint="BOTTOMLEFT">
2620|FrameXML|SpellBookFrame.xml|insertafter|579|						<Offset>
2621|FrameXML|SpellBookFrame.xml|insertafter|579|							<AbsDimension x="0" y="-13"/>
2622|FrameXML|SpellBookFrame.xml|insertafter|579|						</Offset>
2623|FrameXML|SpellBookFrame.xml|insertafter|579|					</Anchor>
2624|FrameXML|SpellBookFrame.xml|insertafter|579|				</Anchors>
2625|FrameXML|SpellBookFrame.xml|insertafter|579|			</CheckButton>
2626|FrameXML|SpellBookFrame.xml|insertafter|579|			<CheckButton name="SpellBookSkillLineTab14" inherits="SpellBookSkillLineTabTemplate" id="14">
2627|FrameXML|SpellBookFrame.xml|insertafter|579|				<Anchors>
2628|FrameXML|SpellBookFrame.xml|insertafter|579|					<Anchor point="TOPLEFT" relativeTo="SpellBookSkillLineTab13" relativePoint="BOTTOMLEFT">
2629|FrameXML|SpellBookFrame.xml|insertafter|579|						<Offset>
2630|FrameXML|SpellBookFrame.xml|insertafter|579|							<AbsDimension x="0" y="-13"/>
2631|FrameXML|SpellBookFrame.xml|insertafter|579|						</Offset>
2632|FrameXML|SpellBookFrame.xml|insertafter|579|					</Anchor>
2633|FrameXML|SpellBookFrame.xml|insertafter|579|				</Anchors>
2634|FrameXML|SpellBookFrame.xml|insertafter|579|			</CheckButton>
2635|FrameXML|SpellBookFrame.xml|insertafter|579|			<CheckButton name="SpellBookSkillLineTab15" inherits="SpellBookSkillLineTabTemplate" id="15">
2636|FrameXML|SpellBookFrame.xml|insertafter|579|				<Anchors>
2637|FrameXML|SpellBookFrame.xml|insertafter|579|					<Anchor point="TOPLEFT" relativeTo="SpellBookSkillLineTab14" relativePoint="BOTTOMLEFT">
2638|FrameXML|SpellBookFrame.xml|insertafter|579|						<Offset>
2639|FrameXML|SpellBookFrame.xml|insertafter|579|							<AbsDimension x="0" y="-13"/>
2640|FrameXML|SpellBookFrame.xml|insertafter|579|						</Offset>
2641|FrameXML|SpellBookFrame.xml|insertafter|579|					</Anchor>
2642|FrameXML|SpellBookFrame.xml|insertafter|579|				</Anchors>
2643|FrameXML|SpellBookFrame.xml|insertafter|579|			</CheckButton>
2644|FrameXML|SpellBookFrame.xml|insertafter|579|			<CheckButton name="SpellBookSkillLineTab16" inherits="SpellBookSkillLineTabTemplate" id="16">
2645|FrameXML|SpellBookFrame.xml|insertafter|579|				<Anchors>
2646|FrameXML|SpellBookFrame.xml|insertafter|579|					<Anchor point="TOPLEFT" relativeTo="SpellBookSkillLineTab15" relativePoint="BOTTOMLEFT">
2647|FrameXML|SpellBookFrame.xml|insertafter|579|						<Offset>
2648|FrameXML|SpellBookFrame.xml|insertafter|579|							<AbsDimension x="0" y="-13"/>
2649|FrameXML|SpellBookFrame.xml|insertafter|579|						</Offset>
2650|FrameXML|SpellBookFrame.xml|insertafter|579|					</Anchor>
2651|FrameXML|SpellBookFrame.xml|insertafter|579|				</Anchors>
2652|FrameXML|SpellBookFrame.xml|insertafter|579|			</CheckButton>
2653|FrameXML|SpellBookFrame.xml|insertafter|579|			<CheckButton name="SpellBookSkillLineTab17" inherits="SpellBookSkillLineTabTemplate" id="17">
2654|FrameXML|SpellBookFrame.xml|insertafter|579|				<Anchors>
2655|FrameXML|SpellBookFrame.xml|insertafter|579|					<Anchor point="TOPLEFT" relativeTo="SpellBookSkillLineTab16" relativePoint="BOTTOMLEFT">
2656|FrameXML|SpellBookFrame.xml|insertafter|579|						<Offset>
2657|FrameXML|SpellBookFrame.xml|insertafter|579|							<AbsDimension x="0" y="-13"/>
2658|FrameXML|SpellBookFrame.xml|insertafter|579|						</Offset>
2659|FrameXML|SpellBookFrame.xml|insertafter|579|					</Anchor>
2660|FrameXML|SpellBookFrame.xml|insertafter|579|				</Anchors>
2661|FrameXML|SpellBookFrame.xml|insertafter|579|			</CheckButton>
2662|FrameXML|SpellBookFrame.xml|insertafter|579|			<CheckButton name="SpellBookSkillLineTab18" inherits="SpellBookSkillLineTabTemplate" id="18">
2663|FrameXML|SpellBookFrame.xml|insertafter|579|				<Anchors>
2664|FrameXML|SpellBookFrame.xml|insertafter|579|					<Anchor point="TOPLEFT" relativeTo="SpellBookSkillLineTab17" relativePoint="BOTTOMLEFT">
2665|FrameXML|SpellBookFrame.xml|insertafter|579|						<Offset>
2666|FrameXML|SpellBookFrame.xml|insertafter|579|							<AbsDimension x="0" y="-13"/>
2667|FrameXML|SpellBookFrame.xml|insertafter|660|						<Texture name="SpellBookSkillLineTab9Flash" file="Interface\Buttons\CheckButtonGlow" alphaMode="ADD" hidden="true">
2668|FrameXML|SpellBookFrame.xml|insertafter|660|							<Size>
2669|FrameXML|SpellBookFrame.xml|insertafter|660|								<AbsDimension x="64" y="64"/>
2670|FrameXML|SpellBookFrame.xml|insertafter|660|							</Size>
2671|FrameXML|SpellBookFrame.xml|insertafter|660|							<Anchors>
2672|FrameXML|SpellBookFrame.xml|insertafter|660|								<Anchor point="CENTER" relativeTo="SpellBookSkillLineTab9"/>
2673|FrameXML|SpellBookFrame.xml|insertafter|660|							</Anchors>
2674|FrameXML|SpellBookFrame.xml|insertafter|660|						</Texture>
2675|FrameXML|SpellBookFrame.xml|insertafter|660|						<Texture name="SpellBookSkillLineTab10Flash" file="Interface\Buttons\CheckButtonGlow" alphaMode="ADD" hidden="true">
2676|FrameXML|SpellBookFrame.xml|insertafter|660|							<Size>
2677|FrameXML|SpellBookFrame.xml|insertafter|660|								<AbsDimension x="64" y="64"/>
2678|FrameXML|SpellBookFrame.xml|insertafter|660|							</Size>
2679|FrameXML|SpellBookFrame.xml|insertafter|660|							<Anchors>
2680|FrameXML|SpellBookFrame.xml|insertafter|660|								<Anchor point="CENTER" relativeTo="SpellBookSkillLineTab10"/>
2681|FrameXML|SpellBookFrame.xml|insertafter|660|							</Anchors>
2682|FrameXML|SpellBookFrame.xml|insertafter|660|						</Texture>
2683|FrameXML|SpellBookFrame.xml|insertafter|660|						<Texture name="SpellBookSkillLineTab11Flash" file="Interface\Buttons\CheckButtonGlow" alphaMode="ADD" hidden="true">
2684|FrameXML|SpellBookFrame.xml|insertafter|660|							<Size>
2685|FrameXML|SpellBookFrame.xml|insertafter|660|								<AbsDimension x="64" y="64"/>
2686|FrameXML|SpellBookFrame.xml|insertafter|660|							</Size>
2687|FrameXML|SpellBookFrame.xml|insertafter|660|							<Anchors>
2688|FrameXML|SpellBookFrame.xml|insertafter|660|								<Anchor point="CENTER" relativeTo="SpellBookSkillLineTab11"/>
2689|FrameXML|SpellBookFrame.xml|insertafter|660|							</Anchors>
2690|FrameXML|SpellBookFrame.xml|insertafter|660|						</Texture>
2691|FrameXML|SpellBookFrame.xml|insertafter|660|						<Texture name="SpellBookSkillLineTab12Flash" file="Interface\Buttons\CheckButtonGlow" alphaMode="ADD" hidden="true">
2692|FrameXML|SpellBookFrame.xml|insertafter|660|							<Size>
2693|FrameXML|SpellBookFrame.xml|insertafter|660|								<AbsDimension x="64" y="64"/>
2694|FrameXML|SpellBookFrame.xml|insertafter|660|							</Size>
2695|FrameXML|SpellBookFrame.xml|insertafter|660|							<Anchors>
2696|FrameXML|SpellBookFrame.xml|insertafter|660|								<Anchor point="CENTER" relativeTo="SpellBookSkillLineTab12"/>
2697|FrameXML|SpellBookFrame.xml|insertafter|660|							</Anchors>
2698|FrameXML|SpellBookFrame.xml|insertafter|660|						</Texture>
2699|FrameXML|SpellBookFrame.xml|insertafter|660|						<Texture name="SpellBookSkillLineTab13Flash" file="Interface\Buttons\CheckButtonGlow" alphaMode="ADD" hidden="true">
2700|FrameXML|SpellBookFrame.xml|insertafter|660|							<Size>
2701|FrameXML|SpellBookFrame.xml|insertafter|660|								<AbsDimension x="64" y="64"/>
2702|FrameXML|SpellBookFrame.xml|insertafter|660|							</Size>
2703|FrameXML|SpellBookFrame.xml|insertafter|660|							<Anchors>
2704|FrameXML|SpellBookFrame.xml|insertafter|660|								<Anchor point="CENTER" relativeTo="SpellBookSkillLineTab13"/>
2705|FrameXML|SpellBookFrame.xml|insertafter|660|							</Anchors>
2706|FrameXML|SpellBookFrame.xml|insertafter|660|						</Texture>
2707|FrameXML|SpellBookFrame.xml|insertafter|660|						<Texture name="SpellBookSkillLineTab14Flash" file="Interface\Buttons\CheckButtonGlow" alphaMode="ADD" hidden="true">
2708|FrameXML|SpellBookFrame.xml|insertafter|660|							<Size>
2709|FrameXML|SpellBookFrame.xml|insertafter|660|								<AbsDimension x="64" y="64"/>
2710|FrameXML|SpellBookFrame.xml|insertafter|660|							</Size>
2711|FrameXML|SpellBookFrame.xml|insertafter|660|							<Anchors>
2712|FrameXML|SpellBookFrame.xml|insertafter|660|								<Anchor point="CENTER" relativeTo="SpellBookSkillLineTab14"/>
2713|FrameXML|SpellBookFrame.xml|insertafter|660|							</Anchors>
2714|FrameXML|SpellBookFrame.xml|insertafter|660|						</Texture>
2715|FrameXML|SpellBookFrame.xml|insertafter|660|						<Texture name="SpellBookSkillLineTab15Flash" file="Interface\Buttons\CheckButtonGlow" alphaMode="ADD" hidden="true">
2716|FrameXML|SpellBookFrame.xml|insertafter|660|							<Size>
2717|FrameXML|SpellBookFrame.xml|insertafter|660|								<AbsDimension x="64" y="64"/>
2718|FrameXML|SpellBookFrame.xml|insertafter|660|							</Size>
2719|FrameXML|SpellBookFrame.xml|insertafter|660|							<Anchors>
2720|FrameXML|SpellBookFrame.xml|insertafter|660|								<Anchor point="CENTER" relativeTo="SpellBookSkillLineTab15"/>
2721|FrameXML|SpellBookFrame.xml|insertafter|660|							</Anchors>
2722|FrameXML|SpellBookFrame.xml|insertafter|660|						</Texture>
2723|FrameXML|SpellBookFrame.xml|insertafter|660|						<Texture name="SpellBookSkillLineTab16Flash" file="Interface\Buttons\CheckButtonGlow" alphaMode="ADD" hidden="true">
2724|FrameXML|SpellBookFrame.xml|insertafter|660|							<Size>
2725|FrameXML|SpellBookFrame.xml|insertafter|660|								<AbsDimension x="64" y="64"/>
2726|FrameXML|SpellBookFrame.xml|insertafter|660|							</Size>
2727|FrameXML|SpellBookFrame.xml|insertafter|660|							<Anchors>
2728|FrameXML|SpellBookFrame.xml|insertafter|660|								<Anchor point="CENTER" relativeTo="SpellBookSkillLineTab16"/>
2729|FrameXML|SpellBookFrame.xml|insertafter|660|							</Anchors>
2730|FrameXML|SpellBookFrame.xml|insertafter|660|						</Texture>
2731|FrameXML|SpellBookFrame.xml|insertafter|660|						<Texture name="SpellBookSkillLineTab17Flash" file="Interface\Buttons\CheckButtonGlow" alphaMode="ADD" hidden="true">
2732|FrameXML|SpellBookFrame.xml|insertafter|660|							<Size>
2733|FrameXML|SpellBookFrame.xml|insertafter|660|								<AbsDimension x="64" y="64"/>
2734|FrameXML|SpellBookFrame.xml|insertafter|660|							</Size>
2735|FrameXML|SpellBookFrame.xml|insertafter|660|							<Anchors>
2736|FrameXML|SpellBookFrame.xml|insertafter|660|								<Anchor point="CENTER" relativeTo="SpellBookSkillLineTab17"/>
2737|FrameXML|SpellBookFrame.xml|insertafter|660|							</Anchors>
2738|FrameXML|SpellBookFrame.xml|insertafter|660|						</Texture>
2739|FrameXML|SpellBookFrame.xml|insertafter|660|						<Texture name="SpellBookSkillLineTab18Flash" file="Interface\Buttons\CheckButtonGlow" alphaMode="ADD" hidden="true">
2740|FrameXML|SpellBookFrame.xml|insertafter|660|							<Size>
2741|FrameXML|SpellBookFrame.xml|insertafter|660|								<AbsDimension x="64" y="64"/>
2742|FrameXML|SpellBookFrame.xml|insertafter|660|							</Size>
2743|FrameXML|SpellBookFrame.xml|insertafter|660|							<Anchors>
2744|FrameXML|SpellBookFrame.xml|insertafter|660|								<Anchor point="CENTER" relativeTo="SpellBookSkillLineTab18"/>
2745|FrameXML|SpellBookFrame.xml|insertafter|660|							</Anchors>
2746|FrameXML|SpellBookFrame.xml|insertafter|660|						</Texture>
2747|FrameXML|SpellBookFrame.xml|insertafter|671|	<Frame name="EQSpellTabEditFrame" toplevel="true" enableMouse="true" hidden="true" parent="UIParent" frameStrata="DIALOG">
2748|FrameXML|SpellBookFrame.xml|insertafter|671|		<Size>
2749|FrameXML|SpellBookFrame.xml|insertafter|671|			<AbsDimension x="300" y="386"/>
2750|FrameXML|SpellBookFrame.xml|insertafter|671|		</Size>
2751|FrameXML|SpellBookFrame.xml|insertafter|671|		<Anchors>
2752|FrameXML|SpellBookFrame.xml|insertafter|671|			<Anchor point="CENTER"/>
2753|FrameXML|SpellBookFrame.xml|insertafter|671|		</Anchors>
2754|FrameXML|SpellBookFrame.xml|insertafter|671|		<Backdrop bgFile="Interface\DialogFrame\UI-DialogBox-Background" edgeFile="Interface\DialogFrame\UI-DialogBox-Border" tile="true">
2755|FrameXML|SpellBookFrame.xml|insertafter|671|			<BackgroundInsets>
2756|FrameXML|SpellBookFrame.xml|insertafter|671|				<AbsInset left="11" right="12" top="12" bottom="11"/>
2757|FrameXML|SpellBookFrame.xml|insertafter|671|			</BackgroundInsets>
2758|FrameXML|SpellBookFrame.xml|insertafter|671|			<TileSize>
2759|FrameXML|SpellBookFrame.xml|insertafter|671|				<AbsValue val="32"/>
2760|FrameXML|SpellBookFrame.xml|insertafter|671|			</TileSize>
2761|FrameXML|SpellBookFrame.xml|insertafter|671|			<EdgeSize>
2762|FrameXML|SpellBookFrame.xml|insertafter|671|				<AbsValue val="32"/>
2763|FrameXML|SpellBookFrame.xml|insertafter|671|			</EdgeSize>
2764|FrameXML|SpellBookFrame.xml|insertafter|671|		</Backdrop>
2765|FrameXML|SpellBookFrame.xml|insertafter|671|		<Layers>
2766|FrameXML|SpellBookFrame.xml|insertafter|671|			<Layer level="ARTWORK">
2767|FrameXML|SpellBookFrame.xml|insertafter|671|				<FontString name="$parentTitle" inherits="GameFontNormal" text="New Spell Tab">
2768|FrameXML|SpellBookFrame.xml|insertafter|671|					<Anchors>
2769|FrameXML|SpellBookFrame.xml|insertafter|671|						<Anchor point="TOP">
2770|FrameXML|SpellBookFrame.xml|insertafter|671|							<Offset>
2771|FrameXML|SpellBookFrame.xml|insertafter|671|								<AbsDimension x="0" y="-18"/>
2772|FrameXML|SpellBookFrame.xml|insertafter|671|							</Offset>
2773|FrameXML|SpellBookFrame.xml|insertafter|671|						</Anchor>
2774|FrameXML|SpellBookFrame.xml|insertafter|671|					</Anchors>
2775|FrameXML|SpellBookFrame.xml|insertafter|671|				</FontString>
2776|FrameXML|SpellBookFrame.xml|insertafter|671|				<FontString name="$parentNameLabel" inherits="GameFontHighlightSmall" text="Name" justifyH="LEFT">
2777|FrameXML|SpellBookFrame.xml|insertafter|671|					<Anchors>
2778|FrameXML|SpellBookFrame.xml|insertafter|671|						<Anchor point="TOPLEFT">
2779|FrameXML|SpellBookFrame.xml|insertafter|671|							<Offset>
2780|FrameXML|SpellBookFrame.xml|insertafter|671|								<AbsDimension x="32" y="-44"/>
2781|FrameXML|SpellBookFrame.xml|insertafter|671|							</Offset>
2782|FrameXML|SpellBookFrame.xml|insertafter|671|						</Anchor>
2783|FrameXML|SpellBookFrame.xml|insertafter|671|					</Anchors>
2784|FrameXML|SpellBookFrame.xml|insertafter|671|				</FontString>
2785|FrameXML|SpellBookFrame.xml|insertafter|671|				<FontString name="$parentIconLabel" inherits="GameFontHighlightSmall" text="Icon" justifyH="LEFT">
2786|FrameXML|SpellBookFrame.xml|insertafter|671|					<Anchors>
2787|FrameXML|SpellBookFrame.xml|insertafter|671|						<Anchor point="TOPLEFT">
2788|FrameXML|SpellBookFrame.xml|insertafter|671|							<Offset>
2789|FrameXML|SpellBookFrame.xml|insertafter|671|								<AbsDimension x="32" y="-96"/>
2790|FrameXML|SpellBookFrame.xml|insertafter|671|							</Offset>
2791|FrameXML|SpellBookFrame.xml|insertafter|671|						</Anchor>
2792|FrameXML|SpellBookFrame.xml|insertafter|671|					</Anchors>
2793|FrameXML|SpellBookFrame.xml|insertafter|671|				</FontString>
2794|FrameXML|SpellBookFrame.xml|insertafter|671|				<FontString name="$parentPageText" inherits="GameFontNormalSmall" hidden="true">
2795|FrameXML|SpellBookFrame.xml|insertafter|671|					<Anchors>
2796|FrameXML|SpellBookFrame.xml|insertafter|671|						<Anchor point="TOP">
2797|FrameXML|SpellBookFrame.xml|insertafter|671|							<Offset>
2798|FrameXML|SpellBookFrame.xml|insertafter|671|								<AbsDimension x="0" y="-284"/>
2799|FrameXML|SpellBookFrame.xml|insertafter|671|							</Offset>
2800|FrameXML|SpellBookFrame.xml|insertafter|671|						</Anchor>
2801|FrameXML|SpellBookFrame.xml|insertafter|671|					</Anchors>
2802|FrameXML|SpellBookFrame.xml|insertafter|671|				</FontString>
2803|FrameXML|SpellBookFrame.xml|insertafter|671|			</Layer>
2804|FrameXML|SpellBookFrame.xml|insertafter|671|		</Layers>
2805|FrameXML|SpellBookFrame.xml|insertafter|671|		<Frames>
2806|FrameXML|SpellBookFrame.xml|insertafter|671|			<Button name="$parentCloseButton" inherits="UIPanelCloseButton">
2807|FrameXML|SpellBookFrame.xml|insertafter|671|				<Anchors>
2808|FrameXML|SpellBookFrame.xml|insertafter|671|					<Anchor point="TOPRIGHT">
2809|FrameXML|SpellBookFrame.xml|insertafter|671|						<Offset>
2810|FrameXML|SpellBookFrame.xml|insertafter|671|							<AbsDimension x="-4" y="-4"/>
2811|FrameXML|SpellBookFrame.xml|insertafter|671|						</Offset>
2812|FrameXML|SpellBookFrame.xml|insertafter|671|					</Anchor>
2813|FrameXML|SpellBookFrame.xml|insertafter|671|				</Anchors>
2814|FrameXML|SpellBookFrame.xml|insertafter|671|				<Scripts>
2815|FrameXML|SpellBookFrame.xml|insertafter|671|					<OnClick>
2816|FrameXML|SpellBookFrame.xml|insertafter|671|						EQSpellTabEdit_Cancel();
2817|FrameXML|SpellBookFrame.xml|insertafter|671|					</OnClick>
2818|FrameXML|SpellBookFrame.xml|insertafter|671|				</Scripts>
2819|FrameXML|SpellBookFrame.xml|insertafter|671|			</Button>
2820|FrameXML|SpellBookFrame.xml|insertafter|671|			<EditBox name="$parentNameBox" inherits="InputBoxTemplate" letters="20" autoFocus="false" historyLines="0">
2821|FrameXML|SpellBookFrame.xml|insertafter|671|				<Size>
2822|FrameXML|SpellBookFrame.xml|insertafter|671|					<AbsDimension x="216" y="20"/>
2823|FrameXML|SpellBookFrame.xml|insertafter|671|				</Size>
2824|FrameXML|SpellBookFrame.xml|insertafter|671|				<Anchors>
2825|FrameXML|SpellBookFrame.xml|insertafter|671|					<Anchor point="TOPLEFT">
2826|FrameXML|SpellBookFrame.xml|insertafter|671|						<Offset>
2827|FrameXML|SpellBookFrame.xml|insertafter|671|							<AbsDimension x="42" y="-60"/>
2828|FrameXML|SpellBookFrame.xml|insertafter|671|						</Offset>
2829|FrameXML|SpellBookFrame.xml|insertafter|671|					</Anchor>
2830|FrameXML|SpellBookFrame.xml|insertafter|671|				</Anchors>
2831|FrameXML|SpellBookFrame.xml|insertafter|671|				<Scripts>
2832|FrameXML|SpellBookFrame.xml|insertafter|671|					<OnTextChanged>
2833|FrameXML|SpellBookFrame.xml|insertafter|671|						EQSpellTabEdit_UpdateAcceptButton();
2834|FrameXML|SpellBookFrame.xml|insertafter|671|					</OnTextChanged>
2835|FrameXML|SpellBookFrame.xml|insertafter|671|					<OnEnterPressed>
2836|FrameXML|SpellBookFrame.xml|insertafter|671|						EQSpellTabEdit_Accept();
2837|FrameXML|SpellBookFrame.xml|insertafter|671|					</OnEnterPressed>
2838|FrameXML|SpellBookFrame.xml|insertafter|671|					<OnEscapePressed>
2839|FrameXML|SpellBookFrame.xml|insertafter|671|						EQSpellTabEdit_Cancel();
2840|FrameXML|SpellBookFrame.xml|insertafter|671|					</OnEscapePressed>
2841|FrameXML|SpellBookFrame.xml|insertafter|671|				</Scripts>
2842|FrameXML|SpellBookFrame.xml|insertafter|671|			</EditBox>
2843|FrameXML|SpellBookFrame.xml|insertafter|671|			<Button name="$parentPrevPageButton" inherits="UIPanelButtonTemplate" text="&lt;" hidden="true">
2844|FrameXML|SpellBookFrame.xml|insertafter|671|				<Size>
2845|FrameXML|SpellBookFrame.xml|insertafter|671|					<AbsDimension x="32" y="22"/>
2846|FrameXML|SpellBookFrame.xml|insertafter|671|				</Size>
2847|FrameXML|SpellBookFrame.xml|insertafter|671|				<Anchors>
2848|FrameXML|SpellBookFrame.xml|insertafter|671|					<Anchor point="TOPLEFT">
2849|FrameXML|SpellBookFrame.xml|insertafter|671|						<Offset>
2850|FrameXML|SpellBookFrame.xml|insertafter|671|							<AbsDimension x="32" y="-280"/>
2851|FrameXML|SpellBookFrame.xml|insertafter|671|						</Offset>
2852|FrameXML|SpellBookFrame.xml|insertafter|671|					</Anchor>
2853|FrameXML|SpellBookFrame.xml|insertafter|671|				</Anchors>
2854|FrameXML|SpellBookFrame.xml|insertafter|671|				<Scripts>
2855|FrameXML|SpellBookFrame.xml|insertafter|671|					<OnClick>
2856|FrameXML|SpellBookFrame.xml|insertafter|671|						EQSpellTabEdit_ChangePage(-1);
2857|FrameXML|SpellBookFrame.xml|insertafter|671|					</OnClick>
2858|FrameXML|SpellBookFrame.xml|insertafter|671|				</Scripts>
2859|FrameXML|SpellBookFrame.xml|insertafter|671|			</Button>
2860|FrameXML|SpellBookFrame.xml|insertafter|671|			<Button name="$parentNextPageButton" inherits="UIPanelButtonTemplate" text="&gt;" hidden="true">
2861|FrameXML|SpellBookFrame.xml|insertafter|671|				<Size>
2862|FrameXML|SpellBookFrame.xml|insertafter|671|					<AbsDimension x="32" y="22"/>
2863|FrameXML|SpellBookFrame.xml|insertafter|671|				</Size>
2864|FrameXML|SpellBookFrame.xml|insertafter|671|				<Anchors>
2865|FrameXML|SpellBookFrame.xml|insertafter|671|					<Anchor point="TOPRIGHT">
2866|FrameXML|SpellBookFrame.xml|insertafter|671|						<Offset>
2867|FrameXML|SpellBookFrame.xml|insertafter|671|							<AbsDimension x="-32" y="-280"/>
2868|FrameXML|SpellBookFrame.xml|insertafter|671|						</Offset>
2869|FrameXML|SpellBookFrame.xml|insertafter|671|					</Anchor>
2870|FrameXML|SpellBookFrame.xml|insertafter|671|				</Anchors>
2871|FrameXML|SpellBookFrame.xml|insertafter|671|				<Scripts>
2872|FrameXML|SpellBookFrame.xml|insertafter|671|					<OnClick>
2873|FrameXML|SpellBookFrame.xml|insertafter|671|						EQSpellTabEdit_ChangePage(1);
2874|FrameXML|SpellBookFrame.xml|insertafter|671|					</OnClick>
2875|FrameXML|SpellBookFrame.xml|insertafter|671|				</Scripts>
2876|FrameXML|SpellBookFrame.xml|insertafter|671|			</Button>
2877|FrameXML|SpellBookFrame.xml|insertafter|671|			<Button name="$parentMoveUpButton" inherits="UIPanelButtonTemplate" text="Move Up" hidden="true">
2878|FrameXML|SpellBookFrame.xml|insertafter|671|				<Size>
2879|FrameXML|SpellBookFrame.xml|insertafter|671|					<AbsDimension x="88" y="22"/>
2880|FrameXML|SpellBookFrame.xml|insertafter|671|				</Size>
2881|FrameXML|SpellBookFrame.xml|insertafter|671|				<Anchors>
2882|FrameXML|SpellBookFrame.xml|insertafter|671|					<Anchor point="BOTTOM">
2883|FrameXML|SpellBookFrame.xml|insertafter|671|						<Offset>
2884|FrameXML|SpellBookFrame.xml|insertafter|671|							<AbsDimension x="-46" y="46"/>
2885|FrameXML|SpellBookFrame.xml|insertafter|671|						</Offset>
2886|FrameXML|SpellBookFrame.xml|insertafter|671|					</Anchor>
2887|FrameXML|SpellBookFrame.xml|insertafter|671|				</Anchors>
2888|FrameXML|SpellBookFrame.xml|insertafter|671|				<Scripts>
2889|FrameXML|SpellBookFrame.xml|insertafter|671|					<OnClick>
2890|FrameXML|SpellBookFrame.xml|insertafter|671|						EQSpellTabEdit_MoveTab(-1);
2891|FrameXML|SpellBookFrame.xml|insertafter|671|					</OnClick>
2892|FrameXML|SpellBookFrame.xml|insertafter|671|					<OnEnter>
2893|FrameXML|SpellBookFrame.xml|insertafter|671|						GameTooltip:SetOwner(self, "ANCHOR_RIGHT");
2894|FrameXML|SpellBookFrame.xml|insertafter|671|						GameTooltip:SetText("Move this tab one place up the side column.", nil, nil, nil, nil, 1);
2895|FrameXML|SpellBookFrame.xml|insertafter|671|					</OnEnter>
2896|FrameXML|SpellBookFrame.xml|insertafter|671|					<OnLeave function="GameTooltip_Hide"/>
2897|FrameXML|SpellBookFrame.xml|insertafter|671|				</Scripts>
2898|FrameXML|SpellBookFrame.xml|insertafter|671|			</Button>
2899|FrameXML|SpellBookFrame.xml|insertafter|671|			<Button name="$parentMoveDownButton" inherits="UIPanelButtonTemplate" text="Move Down" hidden="true">
2900|FrameXML|SpellBookFrame.xml|insertafter|671|				<Size>
2901|FrameXML|SpellBookFrame.xml|insertafter|671|					<AbsDimension x="88" y="22"/>
2902|FrameXML|SpellBookFrame.xml|insertafter|671|				</Size>
2903|FrameXML|SpellBookFrame.xml|insertafter|671|				<Anchors>
2904|FrameXML|SpellBookFrame.xml|insertafter|671|					<Anchor point="BOTTOM">
2905|FrameXML|SpellBookFrame.xml|insertafter|671|						<Offset>
2906|FrameXML|SpellBookFrame.xml|insertafter|671|							<AbsDimension x="46" y="46"/>
2907|FrameXML|SpellBookFrame.xml|insertafter|671|						</Offset>
2908|FrameXML|SpellBookFrame.xml|insertafter|671|					</Anchor>
2909|FrameXML|SpellBookFrame.xml|insertafter|671|				</Anchors>
2910|FrameXML|SpellBookFrame.xml|insertafter|671|				<Scripts>
2911|FrameXML|SpellBookFrame.xml|insertafter|671|					<OnClick>
2912|FrameXML|SpellBookFrame.xml|insertafter|671|						EQSpellTabEdit_MoveTab(1);
2913|FrameXML|SpellBookFrame.xml|insertafter|671|					</OnClick>
2914|FrameXML|SpellBookFrame.xml|insertafter|671|					<OnEnter>
2915|FrameXML|SpellBookFrame.xml|insertafter|671|						GameTooltip:SetOwner(self, "ANCHOR_RIGHT");
2916|FrameXML|SpellBookFrame.xml|insertafter|671|						GameTooltip:SetText("Move this tab one place down the side column.", nil, nil, nil, nil, 1);
2917|FrameXML|SpellBookFrame.xml|insertafter|671|					</OnEnter>
2918|FrameXML|SpellBookFrame.xml|insertafter|671|					<OnLeave function="GameTooltip_Hide"/>
2919|FrameXML|SpellBookFrame.xml|insertafter|671|				</Scripts>
2920|FrameXML|SpellBookFrame.xml|insertafter|671|			</Button>
2921|FrameXML|SpellBookFrame.xml|insertafter|671|			<Button name="$parentAcceptButton" inherits="UIPanelButtonTemplate" text="OKAY">
2922|FrameXML|SpellBookFrame.xml|insertafter|671|				<Size>
2923|FrameXML|SpellBookFrame.xml|insertafter|671|					<AbsDimension x="80" y="22"/>
2924|FrameXML|SpellBookFrame.xml|insertafter|671|				</Size>
2925|FrameXML|SpellBookFrame.xml|insertafter|671|				<Anchors>
2926|FrameXML|SpellBookFrame.xml|insertafter|671|					<Anchor point="BOTTOMLEFT">
2927|FrameXML|SpellBookFrame.xml|insertafter|671|						<Offset>
2928|FrameXML|SpellBookFrame.xml|insertafter|671|							<AbsDimension x="24" y="18"/>
2929|FrameXML|SpellBookFrame.xml|insertafter|671|						</Offset>
2930|FrameXML|SpellBookFrame.xml|insertafter|671|					</Anchor>
2931|FrameXML|SpellBookFrame.xml|insertafter|671|				</Anchors>
2932|FrameXML|SpellBookFrame.xml|insertafter|671|				<Scripts>
2933|FrameXML|SpellBookFrame.xml|insertafter|671|					<OnClick>
2934|FrameXML|SpellBookFrame.xml|insertafter|671|						EQSpellTabEdit_Accept();
2935|FrameXML|SpellBookFrame.xml|insertafter|671|					</OnClick>
2936|FrameXML|SpellBookFrame.xml|insertafter|671|				</Scripts>
2937|FrameXML|SpellBookFrame.xml|insertafter|671|			</Button>
2938|FrameXML|SpellBookFrame.xml|insertafter|671|			<Button name="$parentDeleteButton" inherits="UIPanelButtonTemplate" text="DELETE" hidden="true">
2939|FrameXML|SpellBookFrame.xml|insertafter|671|				<Size>
2940|FrameXML|SpellBookFrame.xml|insertafter|671|					<AbsDimension x="80" y="22"/>
2941|FrameXML|SpellBookFrame.xml|insertafter|671|				</Size>
2942|FrameXML|SpellBookFrame.xml|insertafter|671|				<Anchors>
2943|FrameXML|SpellBookFrame.xml|insertafter|671|					<Anchor point="BOTTOM">
2944|FrameXML|SpellBookFrame.xml|insertafter|671|						<Offset>
2945|FrameXML|SpellBookFrame.xml|insertafter|671|							<AbsDimension x="0" y="18"/>
2946|FrameXML|SpellBookFrame.xml|insertafter|671|						</Offset>
2947|FrameXML|SpellBookFrame.xml|insertafter|671|					</Anchor>
2948|FrameXML|SpellBookFrame.xml|insertafter|671|				</Anchors>
2949|FrameXML|SpellBookFrame.xml|insertafter|671|				<Scripts>
2950|FrameXML|SpellBookFrame.xml|insertafter|671|					<OnClick>
2951|FrameXML|SpellBookFrame.xml|insertafter|671|						EQSpellTabEdit_Delete();
2952|FrameXML|SpellBookFrame.xml|insertafter|671|					</OnClick>
2953|FrameXML|SpellBookFrame.xml|insertafter|671|				</Scripts>
2954|FrameXML|SpellBookFrame.xml|insertafter|671|			</Button>
2955|FrameXML|SpellBookFrame.xml|insertafter|671|			<Button name="$parentCancelButton" inherits="UIPanelButtonTemplate" text="CANCEL">
2956|FrameXML|SpellBookFrame.xml|insertafter|671|				<Size>
2957|FrameXML|SpellBookFrame.xml|insertafter|671|					<AbsDimension x="80" y="22"/>
2958|FrameXML|SpellBookFrame.xml|insertafter|671|				</Size>
2959|FrameXML|SpellBookFrame.xml|insertafter|671|				<Anchors>
2960|FrameXML|SpellBookFrame.xml|insertafter|671|					<Anchor point="BOTTOMRIGHT">
2961|FrameXML|SpellBookFrame.xml|insertafter|671|						<Offset>
2962|FrameXML|SpellBookFrame.xml|insertafter|671|							<AbsDimension x="-24" y="18"/>
2963|FrameXML|SpellBookFrame.xml|insertafter|671|						</Offset>
2964|FrameXML|SpellBookFrame.xml|insertafter|671|					</Anchor>
2965|FrameXML|SpellBookFrame.xml|insertafter|671|				</Anchors>
2966|FrameXML|SpellBookFrame.xml|insertafter|671|				<Scripts>
2967|FrameXML|SpellBookFrame.xml|insertafter|671|					<OnClick>
2968|FrameXML|SpellBookFrame.xml|insertafter|671|						EQSpellTabEdit_Cancel();
2969|FrameXML|SpellBookFrame.xml|insertafter|671|					</OnClick>
2970|FrameXML|SpellBookFrame.xml|insertafter|671|				</Scripts>
2971|FrameXML|SpellBookFrame.xml|insertafter|671|			</Button>
2972|FrameXML|SpellBookFrame.xml|insertafter|671|		</Frames>
2973|FrameXML|SpellBookFrame.xml|insertafter|671|		<Scripts>
2974|FrameXML|SpellBookFrame.xml|insertafter|671|			<OnLoad>
2975|FrameXML|SpellBookFrame.xml|insertafter|671|				EQSpellTabEdit_OnLoad(self);
2976|FrameXML|SpellBookFrame.xml|insertafter|671|			</OnLoad>
2977|FrameXML|SpellBookFrame.xml|insertafter|671|			<OnHide>
2978|FrameXML|SpellBookFrame.xml|insertafter|671|				EQSpellTabEditFrameNameBox:ClearFocus();
2979|FrameXML|SpellBookFrame.xml|insertafter|671|			</OnHide>
2980|FrameXML|SpellBookFrame.xml|insertafter|671|		</Scripts>
2981|FrameXML|SpellBookFrame.xml|insertafter|671|	</Frame>
2982|FrameXML|TargetFrame.lua|replace|345|	local name, rank, icon, count, debuffType, duration, expirationTime, caster, isStealable, shouldConsolidate, spellId;
2983|FrameXML|TargetFrame.lua|replace|352|		name, rank, icon, count, debuffType, duration, expirationTime, caster, isStealable, shouldConsolidate, spellId = UnitBuff(self.unit, i);
2984|FrameXML|TargetFrame.lua|replace|368|			frameIcon:SetTexture(EQSpellIcons_GetAuraTexture(icon, spellId));
2985|FrameXML|TargetFrame.lua|replace|413|		name, rank, icon, count, debuffType, duration, expirationTime, caster, isStealable, shouldConsolidate, spellId = UnitDebuff(self.unit, i);
2986|FrameXML|TargetFrame.lua|replace|429|			frameIcon:SetTexture(EQSpellIcons_GetAuraTexture(icon, spellId));
2987|FrameXML|UIParent.lua|insertafter|70|local function getItemQualityColor(quality)
2988|FrameXML|UIParent.lua|insertafter|70|	local returnColor = ITEM_QUALITY_COLORS[6];
2989|FrameXML|UIParent.lua|insertafter|70|	if (quality < 7) then
2990|FrameXML|UIParent.lua|insertafter|70|		returnColor = ITEM_QUALITY_COLORS[quality];
2991|FrameXML|UIParent.lua|insertafter|70|	end
2992|FrameXML|UIParent.lua|insertafter|70|	return returnColor;
2993|FrameXML|UIParent.lua|insertafter|70|end
2994|FrameXML|UIParent.lua|insertafter|70|
2995|FrameXML|UIParent.lua|replace|97|for i = -1, 7 do
2996|FrameXML|UIParent.lua|delete|99-102|
2997|FrameXML|UIParent.lua|insertafter|102|	if (i < 7) then		
2998|FrameXML|UIParent.lua|insertafter|102|		ITEM_QUALITY_COLORS[i].r,
2999|FrameXML|UIParent.lua|insertafter|102|		ITEM_QUALITY_COLORS[i].g,
3000|FrameXML|UIParent.lua|insertafter|102|		ITEM_QUALITY_COLORS[i].b,
3001|FrameXML|UIParent.lua|insertafter|102|		ITEM_QUALITY_COLORS[i].hex = GetItemQualityColor(i);
3002|FrameXML|UIParent.lua|insertafter|102|	end
3003|FrameXML|UIParent.lua|insertafter|102|	if (i == 7) then
3004|FrameXML|UIParent.lua|insertafter|102|		ITEM_QUALITY_COLORS[i].r,
3005|FrameXML|UIParent.lua|insertafter|102|		ITEM_QUALITY_COLORS[i].g,
3006|FrameXML|UIParent.lua|insertafter|102|		ITEM_QUALITY_COLORS[i].b,
3007|FrameXML|UIParent.lua|insertafter|102|		ITEM_QUALITY_COLORS[i].hex = GetItemQualityColor(6);	
3008|FrameXML|UIParent.lua|insertafter|102|	end	
3009|FrameXML|UIParent.lua|insertafter|1804|	-- EQWOW: class aura toggles use the shapeshift bar, so place the multi-cast (totem) bar to the right of it instead of hiding it
3010|FrameXML|UIParent.lua|insertafter|1804|	local multiCastXOffset = 30;
3011|FrameXML|UIParent.lua|insertafter|1804|	if ( ShapeshiftBarFrame and ShapeshiftBarFrame:IsShown() ) then
3012|FrameXML|UIParent.lua|insertafter|1804|		local numForms = min(GetNumShapeshiftForms(), NUM_SHAPESHIFT_SLOTS);
3013|FrameXML|UIParent.lua|insertafter|1804|		if ( numForms == 1 ) then
3014|FrameXML|UIParent.lua|insertafter|1804|			multiCastXOffset = 30 + 12 + 30 + 15;
3015|FrameXML|UIParent.lua|insertafter|1804|		elseif ( numForms > 1 ) then
3016|FrameXML|UIParent.lua|insertafter|1804|			multiCastXOffset = 30 + 10 + (38 * numForms) - 8 + 15;
3017|FrameXML|UIParent.lua|insertafter|1804|		end
3018|FrameXML|UIParent.lua|insertafter|1804|	end
3019|FrameXML|UIParent.lua|insertafter|1804|	UIPARENT_MANAGED_FRAME_POSITIONS["MultiCastActionBarFrame"].xOffset = multiCastXOffset;
3020|FrameXML|UIParent.lua|insertafter|1804|	MULTICASTACTIONBAR_XPOS = multiCastXOffset;
3021|FrameXML|UIParent.lua|insertafter|1804|
3022|FrameXML|UIParent.lua|delete|1851-1852|
3023|FrameXML|UIParent.lua|insertafter|1852|	-- EQWOW: no longer hidden for the shapeshift bar, it is placed beside it above
3024|FrameXML|UIParent.lua|insertafter|1852|	if ( PossessBarFrame and PossessBarFrame:IsShown() ) then
3025|FrameXML|UIParent.lua|replace|3262|	local name, rank, icon, count, debuffType, duration, expirationTime, caster, isStealable, shouldConsolidate, spellId;
3026|FrameXML|UIParent.lua|replace|3268|		name, rank, icon, count, debuffType, duration, expirationTime, caster, isStealable, shouldConsolidate, spellId = UnitBuff(unit, i, filter);
3027|FrameXML|UIParent.lua|replace|3276|			buffIcon:SetTexture(EQSpellIcons_GetAuraTexture(icon, spellId));
3028|FrameXML|UIParent.lua|replace|3303|	local name, rank, icon, count, debuffType, duration, expirationTime, caster, isStealable, shouldConsolidate, spellId;
3029|FrameXML|UIParent.lua|replace|3314|		name, rank, icon, count, debuffType, duration, expirationTime, caster, isStealable, shouldConsolidate, spellId = UnitDebuff(unit, i, filter);
3030|FrameXML|UIParent.lua|replace|3322|			debuffIcon:SetTexture(EQSpellIcons_GetAuraTexture(icon, spellId));
3031|GlueXML|CharacterCreate.lua|replace|19|FRAMES_TO_BACKDROP_COLOR = {
3032|GlueXML|CharacterCreate.lua|insertafter|23|	-- EQ boxes (GlueXML/EQClassCreateFrame.xml), so they tint with their neighbors
3033|GlueXML|CharacterCreate.lua|insertafter|23|	"EQClassCreateInfo",
3034|GlueXML|CharacterCreate.lua|insertafter|23|	"EQAlignmentInfo",
3035|GlueXML|CharacterCreate.lua|delete|288|
3036|GlueXML|CharacterCreate.lua|insertafter|288|		-- Guarded so a client missing one of the added frames doesn't error out the whole glue screen
3037|GlueXML|CharacterCreate.lua|insertafter|288|		if ( frame ) then
3038|GlueXML|CharacterCreate.lua|insertafter|288|			frame:SetBackdropColor(backdropColor[4], backdropColor[5], backdropColor[6]);
3039|GlueXML|CharacterCreate.lua|insertafter|288|		end
3040|GlueXML|CharacterCreate.lua|insertafter|293|
3041|GlueXML|CharacterCreate.lua|insertafter|293|	-- Refresh the EQ origins box, which depends on the race (see GlueXML/EQClassCreateFrame.lua)
3042|GlueXML|CharacterCreate.lua|insertafter|293|	if ( EQAlignmentInfo_Update ) then
3043|GlueXML|CharacterCreate.lua|insertafter|293|		EQAlignmentInfo_Update();
3044|GlueXML|CharacterCreate.lua|insertafter|293|	end
3045|GlueXML|CharacterCreate.lua|insertafter|322|
3046|GlueXML|CharacterCreate.lua|insertafter|322|	-- Refresh the EQ class and origins boxes (see GlueXML/EQClassCreateFrame.lua)
3047|GlueXML|CharacterCreate.lua|insertafter|322|	if ( EQClassCreateInfo_Update ) then
3048|GlueXML|CharacterCreate.lua|insertafter|322|		EQClassCreateInfo_Update(classFileName);
3049|GlueXML|CharacterCreate.lua|insertafter|322|	end
3050|GlueXML|CharacterCreate.lua|insertafter|322|	if ( EQAlignmentInfo_Update ) then
3051|GlueXML|CharacterCreate.lua|insertafter|322|		EQAlignmentInfo_Update();
3052|GlueXML|CharacterCreate.lua|insertafter|322|	end
3053|GlueXML|GlueXML.toc|insertafter|20|EQClassCreateFrame.xml
